Date,Name,Time,Venue Name,Type,City,ID,url,PostalCode,Latitude,Longitude
11/02/2026,Diversity Soul 2026,18:30:00,The Alexandra,Arts & Theatre,Birmingham,1AUZkafGkeYywfS,https://www.ticketmaster.co.uk/diversity-soul-2026-birmingham-11-02-2026/event/36006254B0E72533,B5 4DS,52.476145,-1.901239
11/02/2026,beaux,19:30:00,Sunflower Lounge,Music,Birmingham,G5vHZbSQyJkTu,https://www.ticketmaster.co.uk/beaux-birmingham-11-02-2026/event/1F006336B9986FCD,B5 4EG,52.47634,-1.89772
11/02/2026,EDGAR MACIAS Buena Vista Social - Live - Jam House 11th Feb 2026 Birmingham,18:00:00,The Jam House Birmingham,Unknown,Birmingham,LvZ18Q4LGgxExIOZlGEbs,https://www.universe.com/events/edgar-macias-buena-vista-social-live-jam-house-11th-feb-2026-birmingham-tickets-27C60H?ref=ticketmaster,B3 1QU,52.48509613,-1.904386
11/02/2026,Chloe Petts: Big Naturals,19:45:00,Glee Club,Arts & Theatre,Birmingham,G5vHZbcR7HfAo,https://www.ticketmaster.co.uk/chloe-petts-big-naturals-birmingham-11-02-2026/event/1F0062DBC4F14151,B5 4TD,52.474541,-1.89662
11/02/2026,Sleep Theory,19:00:00,O2 Institute Birmingham,Music,Birmingham,G5dzZbSUmLV6g,https://www.ticketmaster.co.uk/sleep-theory-birmingham-11-02-2026/event/3E00633DAE7F41F5,B5 6DY,52.475756,-1.887562
12/02/2026,Diversity Soul 2026,18:30:00,The Alexandra,Arts & Theatre,Birmingham,1AUZkafGkdLkd-D,https://www.ticketmaster.co.uk/diversity-soul-2026-birmingham-12-02-2026/event/36006254DF18387B,B5 4DS,52.476145,-1.901239
13/02/2026,Wyldest,19:00:00,"The Victoria, Birmingham",Music,Birmingham,LvZ18QGsmrVUqzYZNQtQs,https://www.universe.com/events/wyldest-tickets-D28N16?ref=ticketmaster,B1 1BN,52.476568,-1.900914
13/02/2026,Diversity Soul 2026,18:30:00,The Alexandra,Arts & Theatre,Birmingham,1AUZkafGkdhuK_y,https://www.ticketmaster.co.uk/diversity-soul-2026-birmingham-13-02-2026/event/36006254DB353679,B5 4DS,52.476145,-1.901239
13/02/2026,Maximo Park,19:00:00,O2 Academy Birmingham,Music,Birmingham,G5dzZbYBl9slo,https://www.ticketmaster.co.uk/maximo-park-birmingham-13-02-2026/event/3E00630EAB5F1AD1,B1 1DB,52.473277,-1.900215
13/02/2026,The Lilacs,19:00:00,O2 Institute2 Birmingham,Music,Birmingham,G5dzZbfOTrsYt,https://www.ticketmaster.co.uk/the-lilacs-birmingham-13-02-2026/event/3E0061483F7B1C29,B5 6DY,52.475756,-1.887562
13/02/2026,The Immortal Masquerade - An Alternative Valentines Ball,21:30:00,O2 Institute Birmingham,Music,Birmingham,G5dzZby5XyMD4,https://www.ticketmaster.co.uk/the-immortal-masquerade-an-alternative-valentines-birmingham-13-02-2026/event/3E006392FEE77ED5,B5 6DY,52.475756,-1.887562
13/02/2026,Michael Marcagi,19:00:00,XOYO Birmingham,Music,Birmingham,17GOvxG6GMqodbb,https://www.ticketweb.uk/event/michael-marcagi-xoyo-birmingham-tickets/13812244?REFERRAL_ID=tmfeed,B94AG,52.47501827,-1.88087599
14/02/2026,Diversity Soul 2026,13:30:00,The Alexandra,Arts & Theatre,Birmingham,1AUZkafGkd7FxHM,https://www.ticketmaster.co.uk/diversity-soul-2026-birmingham-14-02-2026/event/36006254C4222F37,B5 4DS,52.476145,-1.901239
14/02/2026,Diversity Soul 2026,18:30:00,The Alexandra,Arts & Theatre,Birmingham,1kuOvxpvGACRJF7,https://www.ticketmaster.co.uk/diversity-soul-2026-birmingham-14-02-2026/event/360062581EBE6204,B5 4DS,52.476145,-1.901239
14/02/2026,Arm's Length,18:30:00,O2 Academy2 Birmingham,Music,Birmingham,G5dzZbnJMU-66,https://www.ticketmaster.co.uk/arms-length-birmingham-14-02-2026/event/3E0062A9B7DA11C7,B1 1DB,52.47406,-1.89955
14/02/2026,Just the Tonic Milton Jones Special - Birmingham,20:00:00,"Just The Tonic, Birmingham",Arts & Theatre,Birmingham,LvZ18Q4ZzhZrAUYZ0tzoM,https://www.universe.com/events/just-the-tonic-milton-jones-special-birmingham-tickets-6Y09LB?ref=ticketmaster,B1 2HF,52.478062,-1.91051
14/02/2026,Mogwai,19:00:00,O2 Institute Birmingham,Music,Birmingham,G5dzZ_eSHl0LT,https://www.ticketmaster.co.uk/mogwai-birmingham-14-02-2026/event/3E00642CFCAE47FF,B5 6DY,52.475756,-1.887562
14/02/2026,The Academic,19:00:00,O2 Institute2 Birmingham,Music,Birmingham,G5dzZb9cCmx2m,https://www.ticketmaster.co.uk/the-academic-birmingham-14-02-2026/event/3E00617B4EBA23EE,B5 6DY,52.475756,-1.887562
14/02/2026,Freddie Halkon,19:00:00,O2 Institute3 Birmingham,Music,Birmingham,G5dzZbwxP4w0U,https://www.ticketmaster.co.uk/freddie-halkon-birmingham-14-02-2026/event/3E006328A5572936,B5 6DY,52.475756,-1.887562
14/02/2026,Gok Wan Presents: Isolation Nation Birmingham,16:00:00,XOYO Birmingham,Music,Birmingham,LvZ18Q2V4x2TNO8ZlmrfD,https://www.universe.com/events/gok-wan-presents-isolation-nation-birmingham-tickets-HV4CB5?ref=ticketmaster,B94AG,52.47501827,-1.88087599
15/02/2026,Oxventure,19:30:00,The Old Rep Theatre,Arts & Theatre,Birmingham,G5vHZblmJ2fSb,https://www.ticketmaster.co.uk/oxventure-birmingham-15-02-2026/event/1F0062BBA63D4CD8,B5 4DY,52.47656903,-1.89882443
15/02/2026,Scott Bennett - Stuff,19:30:00,Glee Club,Arts & Theatre,Birmingham,G5vHZbbuCf8L9,https://www.ticketmaster.co.uk/scott-bennett-stuff-birmingham-15-02-2026/event/1F0061834E5107D7,B5 4TD,52.474541,-1.89662
15/02/2026,The Beaches - No Hard Feelings Tour,19:00:00,O2 Institute Birmingham,Music,Birmingham,G5dzZbwxITxPh,https://www.ticketmaster.co.uk/the-beaches-no-hard-feelings-tour-birmingham-15-02-2026/event/3E006328A8FE295B,B5 6DY,52.475756,-1.887562
16/02/2026,Talking Sopranos,19:30:00,Symphony Hall,Arts & Theatre,Birmingham,G5vHZbnNhPwLY,https://www.ticketmaster.co.uk/talking-sopranos-birmingham-16-02-2026/event/1F0062A8DB9727F0,B1 2EA,52.478877,-1.910803
16/02/2026,MOL,19:00:00,O2 Institute3 Birmingham,Music,Birmingham,G5dzZbVTITM9p,https://www.ticketmaster.co.uk/mol-birmingham-16-02-2026/event/3E00634FE8FF75D6,B5 6DY,52.475756,-1.887562
16/02/2026,Good Neighbours,19:00:00,O2 Institute Birmingham,Music,Birmingham,G5dzZbslNZw_l,https://www.ticketmaster.co.uk/good-neighbours-birmingham-16-02-2026/event/3E00631AE303266B,B5 6DY,52.475756,-1.887562
17/02/2026,Two Mr Ps in A Podcast Live - Let That Be A Lesson...,19:30:00,Town Hall Birmingham,Arts & Theatre,Birmingham,G5vHZbb2ZusqV,https://www.ticketmaster.co.uk/two-mr-ps-in-a-podcast-birmingham-17-02-2026/event/1F006183C0371774,B3 3DQ,52.479447,-1.903587
17/02/2026,Alex Spencer,19:30:00,Sunflower Lounge,Music,Birmingham,G5vHZbSZuDt4Y,https://www.ticketmaster.co.uk/alex-spencer-birmingham-17-02-2026/event/1F0063300DEE9570,B5 4EG,52.47634,-1.89772
18/02/2026,Gordon Buchanan - Lions and Tigers and Bears,19:30:00,Town Hall Birmingham,Miscellaneous,Birmingham,G5vHZblUOg-Du,https://www.ticketmaster.co.uk/gordon-buchanan-lions-and-tigers-and-birmingham-18-02-2026/event/1F0062BDA0D61ECD,B3 3DQ,52.479447,-1.903587
18/02/2026,13 Again,19:15:00,Glee Club,Arts & Theatre,Birmingham,G5vHZbwpnE7Fh,https://www.ticketmaster.co.uk/13-again-birmingham-18-02-2026/event/1F006325AA9C421B,B5 4TD,52.474541,-1.89662
18/02/2026,Black Honey,19:00:00,O2 Academy2 Birmingham,Music,Birmingham,G5dzZbsfRx-Bm,https://www.ticketmaster.co.uk/black-honey-birmingham-18-02-2026/event/3E0063152F8A1EAE,B1 1DB,52.47406,-1.89955
19/02/2026,A Tribute Evening with AMY WINEHOUSE Jam House Birmingham,18:00:00,The Jam House Birmingham,Music,Birmingham,LvZ18QuTFIWP92YZ0W8QS,https://www.universe.com/events/a-tribute-evening-with-amy-winehouse-jam-house-birmingham-tickets-86Y3VG?ref=ticketmaster,B3 1QU,52.48509613,-1.904386
19/02/2026,Mike Rice: Cruel Little Man,19:15:00,Glee Club,Arts & Theatre,Birmingham,G5vHZbVhcVabi,https://www.ticketmaster.co.uk/mike-rice-cruel-little-man-birmingham-19-02-2026/event/1F006346EDD0962C,B5 4TD,52.474541,-1.89662
19/02/2026,The Aces,19:00:00,O2 Academy2 Birmingham,Music,Birmingham,G5dzZbR6u2JzY,https://www.ticketmaster.co.uk/the-aces-birmingham-19-02-2026/event/3E0062F1CD3E6E30,B1 1DB,52.47406,-1.89955
19/02/2026,Tom Rowley,19:00:00,O2 Academy3 Birmingham,Music,Birmingham,G5dzZbzNzLzXX,https://www.ticketmaster.co.uk/tom-rowley-birmingham-19-02-2026/event/3E006388F87F8FBE,B1 1DB,52.473268,-1.9002009
19/02/2026,SANGUISUGABOGG,18:30:00,Asylum,Music,Birmingham,LvZ18Q1p_7ozCmYZR3q9h,https://www.universe.com/events/sanguisugabogg-tickets-3QHPYK?ref=ticketmaster,B19 3LS,52.488445,-1.902404
19/02/2026,"SHAWN JAMES ""FLEW TOO CLOSE TO THE SUN TOUR""",19:00:00,O2 Institute3 Birmingham,Music,Birmingham,G5dzZbVzIMt5s,https://www.ticketmaster.co.uk/shawn-james-flew-too-close-to-birmingham-19-02-2026/event/3E00634E28DE92F1,B5 6DY,52.475756,-1.887562
19/02/2026,Ash,19:00:00,O2 Institute2 Birmingham,Music,Birmingham,G5dzZblZrPoP4,https://www.ticketmaster.co.uk/ash-birmingham-19-02-2026/event/3E0062B01E951955,B5 6DY,52.475756,-1.887562
20/02/2026,Jack Carroll: the Fall Guy,18:45:00,Glee Club,Arts & Theatre,Birmingham,G5vHZbwpxgSiU,https://www.ticketmaster.co.uk/jack-carroll-the-fall-guy-birmingham-20-02-2026/event/1F006325A2D73B36,B5 4TD,52.474541,-1.89662
20/02/2026,December 10 - Matinee,13:00:00,O2 Academy2 Birmingham,Music,Birmingham,G5dzZ_eDmDP0p,https://www.ticketmaster.co.uk/december-10-matinee-birmingham-20-02-2026/event/3E00642EEEEE5916,B1 1DB,52.47406,-1.89955
20/02/2026,Dec-10,20:00:00,O2 Academy2 Birmingham,Music,Birmingham,G5dzZ_eEZsK2_,https://www.ticketmaster.co.uk/december-10-birmingham-20-02-2026/event/3E006429C0C533D9,B1 1DB,52.47406,-1.89955
20/02/2026,December 10 - Early Show,16:30:00,O2 Academy2 Birmingham,Music,Birmingham,G5dzZ_eEuIdqT,https://www.ticketmaster.co.uk/december-10-early-show-birmingham-20-02-2026/event/3E006429CDA0377F,B1 1DB,52.47406,-1.89955
20/02/2026,Between The Buried And Me,19:00:00,Asylum Bar and Venue,Music,Birmingham,1AwZkG6Gkd_Lvbg,https://www.ticketweb.uk/event/between-the-buried-and-me-asylum-tickets/13938554?REFERRAL_ID=tmfeed,B19 3LS,52.488445,-1.902404
20/02/2026,Counterparts,18:00:00,O2 Institute Birmingham,Music,Birmingham,G5dzZbmLuR-oV,https://www.ticketmaster.co.uk/counterparts-birmingham-20-02-2026/event/3E0062E7CDBE1474,B5 6DY,52.475756,-1.887562
20/02/2026,The Covasettes,19:00:00,O2 Institute2 Birmingham,Music,Birmingham,G5dzZbsY7jxC2,https://www.ticketmaster.co.uk/the-covasettes-birmingham-20-02-2026/event/3E00631C0472238F,B5 6DY,52.475756,-1.887562
21/02/2026,The Useless Hotline: Now Hiring!,20:00:00,Town Hall Birmingham,Arts & Theatre,Birmingham,G5vHZbSEIXzBb,https://www.ticketmaster.co.uk/the-useless-hotline-now-hiring-birmingham-21-02-2026/event/1F006339E8FB8E98,B3 3DQ,52.479447,-1.903587
21/02/2026,Beach Bønes,19:30:00,Sunflower Lounge,Music,Birmingham,LvZ18Q3Woi8_aTYvNILW0,https://www.universe.com/events/beach-bones-tickets-SM2NT3?ref=ticketmaster,B5 4EG,52.47634,-1.89772
21/02/2026,Connor Burns: Gallus,20:15:00,Glee Club,Arts & Theatre,Birmingham,G5vHZbc6uxx-N,https://www.ticketmaster.co.uk/connor-burns-gallus-birmingham-21-02-2026/event/1F0062D1CD8A2863,B5 4TD,52.474541,-1.89662
21/02/2026,The Entitled Sons,19:00:00,O2 Academy2 Birmingham,Music,Birmingham,G5dzZbi5iE3na,https://www.ticketmaster.co.uk/the-entitled-sons-birmingham-21-02-2026/event/3E0062C2EC9D2A89,B1 1DB,52.47406,-1.89955
21/02/2026,Disney in Concert: The Sound of Magic,14:30:00,Symphony Hall,Miscellaneous,Birmingham,G5vHZbJcXJZVK,https://www.ticketmaster.co.uk/disney-in-concert-the-sound-of-birmingham-21-02-2026/event/1F00626B7E980D13,B1 2EA,52.478877,-1.910803
21/02/2026,Disney in Concert: The Sound of Magic,19:30:00,Symphony Hall,Miscellaneous,Birmingham,G5vHZbzMFWk5_,https://www.ticketmaster.co.uk/disney-in-concert-the-sound-of-birmingham-21-02-2026/event/1F00638DC8F462D9,B1 2EA,52.478877,-1.910803
21/02/2026,Punk Rock Factory,19:00:00,O2 Academy Birmingham,Music,Birmingham,G5dzZb0GrWwot,https://www.ticketmaster.co.uk/punk-rock-factory-birmingham-21-02-2026/event/3E0062431EF72469,B1 1DB,52.473277,-1.900215
21/02/2026,Faded Chain,19:00:00,O2 Institute3 Birmingham,Music,Birmingham,G5dzZ_eryaemk,https://www.ticketmaster.co.uk/faded-chain-birmingham-21-02-2026/event/3E006427B9242B86,B5 6DY,52.475756,-1.887562
21/02/2026,What Dreams Are Made of the Hilary Duff Themed Club Night,23:00:00,O2 Institute3 Birmingham,Music,Birmingham,G5dzZbMnDwJ8Q,https://www.ticketmaster.co.uk/what-dreams-are-made-of-the-birmingham-21-02-2026/event/3E00637ABBCA641A,B5 6DY,52.475756,-1.887562
21/02/2026,The Greatest Musical Disco,18:00:00,O2 Institute2 Birmingham,Music,Birmingham,G5dzZbSrrZNBG,https://www.ticketmaster.co.uk/the-greatest-musical-disco-birmingham-21-02-2026/event/3E0063379E023E8C,B5 6DY,52.475756,-1.887562
21/02/2026,Big Special,19:00:00,O2 Institute Birmingham,Music,Birmingham,G5dzZbnLrY34C,https://www.ticketmaster.co.uk/big-special-birmingham-21-02-2026/event/3E0062A7DEC1254E,B5 6DY,52.475756,-1.887562
21/02/2026,"Recomposed by Max Richter: Vivaldi, The Four Seasons",18:30:00,Royal Birmingham Conservatoire,Arts & Theatre,Birmingham,LvZ18Qf8wIsXFdZZlJYpZ,https://www.universe.com/events/recomposed-by-max-richter-vivaldi-the-four-seasons-tickets-0Q5M3J?ref=ticketmaster,B47XR,52.483742,-1.88717
22/02/2026,Connor Burns: Gallus,17:00:00,Glee Club,Arts & Theatre,Birmingham,G5vHZby2Ca4Zo,https://www.ticketmaster.co.uk/connor-burns-gallus-birmingham-22-02-2026/event/1F006393CE255011,B5 4TD,52.474541,-1.89662
22/02/2026,CAM,19:00:00,O2 Institute2 Birmingham,Music,Birmingham,G5dzZbs5uhoSX,https://www.ticketmaster.co.uk/cam-birmingham-22-02-2026/event/3E006312CD6D1CFE,B5 6DY,52.475756,-1.887562
22/02/2026,Chasing Abbey,19:00:00,O2 Institute3 Birmingham,Music,Birmingham,G5dzZbzOlZGJk,https://www.ticketmaster.co.uk/chasing-abbey-birmingham-22-02-2026/event/3E0063882B00C986,B5 6DY,52.475756,-1.887562
23/02/2026,Heaven Shall Burn,19:00:00,XOYO Birmingham,Music,Birmingham,LvZ18QaG566fLIZZ0RQB1,https://www.universe.com/events/heaven-shall-burn-tickets-4HY7T6?ref=ticketmaster,B94AG,52.47501827,-1.88087599
24/02/2026,Airbourne,19:00:00,O2 Academy Birmingham,Music,Birmingham,G5dzZbiQVW8s6,https://www.ticketmaster.co.uk/airbourne-birmingham-24-02-2026/event/3E0062C6B4F50C47,B1 1DB,52.473277,-1.900215
25/02/2026,Acoustic Sessions Presents... BADLY DRAWN BOY Wed 25th Feb 26,18:00:00,The Jam House Birmingham,Music,Birmingham,LvZ18Q8xz3USsYYZld7AL,https://www.universe.com/events/acoustic-sessions-presents-badly-drawn-boy-wed-25th-feb-26-tickets-TGRBWS?ref=ticketmaster,B3 1QU,52.48509613,-1.904386
25/02/2026,Saaniya Abbas - Hellarious,20:00:00,Glee Club,Arts & Theatre,Birmingham,G5vHZbU9JsFiq,https://www.ticketmaster.co.uk/saaniya-abbas-hellarious-birmingham-25-02-2026/event/1F006365E6C48B1D,B5 4TD,52.474541,-1.89662
25/02/2026,Of Monsters and Men,19:00:00,O2 Institute Birmingham,Music,Birmingham,G5dzZbsMbexwh,https://www.ticketmaster.co.uk/of-monsters-and-men-birmingham-25-02-2026/event/3E00631DD80A2C9B,B5 6DY,52.475756,-1.887562
25/02/2026,The Haunt & HIMALAYAS,19:00:00,O2 Institute2 Birmingham,Music,Birmingham,G5dzZbzoZPLpf,https://www.ticketmaster.co.uk/the-haunt-himalayas-birmingham-25-02-2026/event/3E0063844095F594,B5 6DY,52.475756,-1.887562
25/02/2026,Cruz Beckham,19:00:00,Mama Roux's,Music,Birmingham,G5vHZ_eLzFSfQ,https://www.ticketmaster.co.uk/cruz-beckham-birmingham-25-02-2026/event/1F006427F823351A,B9 4AG,52.475166,-1.881852
25/02/2026,Kim Dracula,19:00:00,XOYO Birmingham,Music,Birmingham,G5vHZbSE6rbax,https://www.ticketmaster.co.uk/kim-dracula-birmingham-25-02-2026/event/1F006339C7798262,B94AG,52.47501827,-1.88087599
26/02/2026,"DEL CAMINO LATIN SALSA LIVE-Dinner, Drinks and Show Inc,Jam House 26th Feb",18:00:00,The Jam House Birmingham,Unknown,Birmingham,LvZ18Q4Lo2jzrNOZlk0Bj,https://www.universe.com/events/del-camino-latin-salsa-live-dinner-drinks-and-show-inc-jam-house-26th-feb-tickets-GJ62K3?ref=ticketmaster,B3 1QU,52.48509613,-1.904386
26/02/2026,Phil Ellis: Bath Mat,19:15:00,Glee Club,Arts & Theatre,Birmingham,G5vHZbwpHkfxT,https://www.ticketmaster.co.uk/phil-ellis-bath-mat-birmingham-26-02-2026/event/1F006325BC1948BF,B5 4TD,52.474541,-1.89662
26/02/2026,Spitting Teeth & Dead Harts,19:00:00,Birmingham Flapper,Music,Birmingham,LvZ18Q4mXs3Wme8Zlqv2Y,https://www.universe.com/events/spitting-teeth-dead-harts-tickets-8LMVCT?ref=ticketmaster,B1 2NU,52.480185,-1.912465
27/02/2026,Stop Making Sense Live,19:00:00,O2 Academy2 Birmingham,Film,Birmingham,G5dzZbsYAAeGw,https://www.ticketmaster.co.uk/stop-making-sense-live-birmingham-27-02-2026/event/3E00631C05142332,B1 1DB,52.47406,-1.89955
27/02/2026,Clinton Baptiste: Spectral Intercourse,19:30:00,Symphony Hall,Arts & Theatre,Birmingham,G5vHZb9J9cZw2,https://www.ticketmaster.co.uk/clinton-baptiste-spectral-intercourse-birmingham-27-02-2026/event/1F00617997B40C8F,B1 2EA,52.478877,-1.910803
27/02/2026,The Teals,19:00:00,O2 Institute3 Birmingham,Music,Birmingham,G5dzZ_dblRy8L,https://www.ticketmaster.co.uk/the-teals-birmingham-27-02-2026/event/3E0064362BBF941F,B5 6DY,52.475756,-1.887562
27/02/2026,SL,19:00:00,O2 Institute2 Birmingham,Music,Birmingham,G5dzZbcGv_ef7,https://www.ticketmaster.co.uk/sl-birmingham-27-02-2026/event/3E0062D301642504,B5 6DY,52.475756,-1.887562
27/02/2026,Jo Whiley's 90s Anthems,19:30:00,O2 Institute Birmingham,Music,Birmingham,G5dzZbcNqYoIz,https://www.ticketmaster.co.uk/jo-whileys-90s-anthems-birmingham-27-02-2026/event/3E0062D8DDC11A38,B5 6DY,52.475756,-1.887562
28/02/2026,Al Murray - All You Need Is Guv,19:30:00,The Alexandra,Arts & Theatre,Birmingham,17uOvxG6ux5XYiu,https://www.ticketmaster.co.uk/al-murray-all-you-need-is-birmingham-28-02-2026/event/360062D88BFB0B0D,B5 4DS,52.476145,-1.901239
28/02/2026,Al Murray - All You Need Is Guv,15:30:00,The Alexandra,Arts & Theatre,Birmingham,1AUZkGSGkdkIIg4,https://www.ticketmaster.co.uk/al-murray-all-you-need-is-birmingham-28-02-2026/event/36006333C6A28D55,B5 4DS,52.476145,-1.901239
28/02/2026,Shtëpi,19:30:00,Sunflower Lounge,Music,Birmingham,LvZ18Q8yKd0t1HZZlHgdu,https://www.universe.com/events/shtepi-tickets-564FRM?ref=ticketmaster,B5 4EG,52.47634,-1.89772
28/02/2026,Anthem Social Daytime Party Sat 28 Feb Jam House Birmingham 2pm-6pm,14:00:00,The Jam House Birmingham,Unknown,Birmingham,LvZ18Q3TtSnucOYZyPTC6,https://www.universe.com/events/anthem-social-daytime-party-sat-28-feb-jam-house-birmingham-2pm-6pm-tickets-P95NVK?ref=ticketmaster,B3 1QU,52.48509613,-1.904386
28/02/2026,"Triple Threat: Preet Singh, Tommy Sandhu & Eshaan Akbar – Birmingham",18:30:00,Glee Club,Arts & Theatre,Birmingham,LvZ18Q9I2L80GY3canGEH,https://www.universe.com/events/triple-threat-preet-singh-tommy-sandhu-eshaan-akbar-birmingham-tickets-RMQ7J5?ref=ticketmaster,B5 4TD,52.474541,-1.89662
28/02/2026,The Phonics + A Band Called Malice,19:00:00,O2 Academy2 Birmingham,Music,Birmingham,G5dzZblgHYZnd,https://www.ticketmaster.co.uk/the-phonics-a-band-called-malice-birmingham-28-02-2026/event/3E0062BD7CC00A83,B1 1DB,52.47406,-1.89955
28/02/2026,"Earth, Wind & Fire Experience By Al McKay",19:30:00,Symphony Hall,Music,Birmingham,G5vHZbw38wscE,https://www.ticketmaster.co.uk/earth-wind-fire-experience-by-al-birmingham-28-02-2026/event/1F00632490CB1B67,B1 2EA,52.478877,-1.910803
28/02/2026,Less Than Jake - Winter Circus,18:00:00,O2 Academy Birmingham,Music,Birmingham,G5dzZbRd8lREE,https://www.ticketmaster.co.uk/less-than-jake-winter-circus-birmingham-28-02-2026/event/3E0062F0D0AEF9E7,B1 1DB,52.473277,-1.900215
28/02/2026,Livewire the AC/DC Show,19:00:00,O2 Institute2 Birmingham,Music,Birmingham,G5dzZbE7e3oIX,https://www.ticketmaster.co.uk/livewire-the-acdc-show-birmingham-28-02-2026/event/3E00627102491A3E,B5 6DY,52.475756,-1.887562
28/02/2026,Grandson,19:00:00,O2 Institute Birmingham,Music,Birmingham,G5dzZbYMTMot-,https://www.ticketmaster.co.uk/grandson-birmingham-28-02-2026/event/3E00630DFFDD1A61,B5 6DY,52.475756,-1.887562
28/02/2026,The Ansells,19:00:00,O2 Institute3 Birmingham,Music,Birmingham,G5dzZbzkzQAWE,https://www.ticketmaster.co.uk/the-ansells-birmingham-28-02-2026/event/3E006381B8685F67,B5 6DY,52.475756,-1.887562
01/03/2026,Madama Butterfly - Ellen Kents Farewell Opera Tour,19:30:00,The Alexandra,Arts & Theatre,Birmingham,17uOvxG62EjZsmE,https://www.ticketmaster.co.uk/madama-butterfly-ellen-kents-farewell-opera-birmingham-01-03-2026/event/360062F9DC031BA7,B5 4DS,52.476145,-1.901239
01/03/2026,David Attenborough's Ocean In Concert,19:30:00,Symphony Hall,Arts & Theatre,Birmingham,G5vHZbVkcc9y6,https://www.ticketmaster.co.uk/david-attenboroughs-ocean-in-concert-birmingham-01-03-2026/event/1F006341ADB57E47,B1 2EA,52.478877,-1.910803
01/03/2026,Jordan Davis - Ain't Enough Road Tour,18:45:00,O2 Academy Birmingham,Music,Birmingham,G5dzZbYpg7vuA,https://www.ticketmaster.co.uk/jordan-davis-aint-enough-road-tour-birmingham-01-03-2026/event/3E006305B5101345,B1 1DB,52.473277,-1.900215
01/03/2026,"Napalm Death, Whiplash, Varuker, Dopelord",18:00:00,O2 Institute Birmingham,Music,Birmingham,G5dzZbU9I7bt1,https://www.ticketmaster.co.uk/napalm-death-whiplash-varuker-dopelord-birmingham-01-03-2026/event/3E006365E8118A4A,B5 6DY,52.475756,-1.887562
01/03/2026,Psychedelic Porn Crumpets,19:00:00,The Crossing,Music,Birmingham,1AgZkGIGke0ybdu,https://www.ticketmaster.co.uk/psychedelic-porn-crumpets-birmingham-01-03-2026/event/35006328A4E580CD,B5 5SU,52.47525632,-1.88625326
02/03/2026,Jordan Davis - Ain't Enough Road Tour,18:45:00,O2 Academy Birmingham,Music,Birmingham,G5dzZbYpKqYVI,https://www.ticketmaster.co.uk/jordan-davis-aint-enough-road-tour-birmingham-02-03-2026/event/3E00630593770D28,B1 1DB,52.473277,-1.900215
03/03/2026,Samantha Fish: Paper Doll World Tour,19:30:00,Town Hall Birmingham,Music,Birmingham,G5vHZbRpDFv4V,https://www.ticketmaster.co.uk/samantha-fish-paper-doll-world-tour-birmingham-03-03-2026/event/1F0062F5BB201574,B3 3DQ,52.479447,-1.903587
03/03/2026,Stevie Martin - Clout,20:00:00,Glee Club,Arts & Theatre,Birmingham,G5vHZbg3TbM14,https://www.ticketmaster.co.uk/stevie-martin-clout-birmingham-03-03-2026/event/1F006354BF637295,B5 4TD,52.474541,-1.89662
03/03/2026,Freya Skye - Stars Align Tour,19:00:00,O2 Academy Birmingham,Music,Birmingham,G5dzZ_eBlNSJQ,https://www.ticketmaster.co.uk/freya-skye-stars-align-tour-birmingham-03-03-2026/event/3E00642EAB8F399A,B1 1DB,52.473277,-1.900215
03/03/2026,Eileen Alister,19:00:00,O2 Institute3 Birmingham,Music,Birmingham,G5dzZblS_3xwB,https://www.ticketmaster.co.uk/eileen-alister-birmingham-03-03-2026/event/3E0062BCD94A2CBA,B5 6DY,52.475756,-1.887562
04/03/2026,Randy Feltface - Gimmick,19:30:00,Town Hall Birmingham,Arts & Theatre,Birmingham,G5vHZbS6rabA_,https://www.ticketmaster.co.uk/randy-feltface-gimmick-birmingham-04-03-2026/event/1F006331DE258159,B3 3DQ,52.479447,-1.903587
04/03/2026,Ali Woods: Basher,18:45:00,Glee Club,Arts & Theatre,Birmingham,G5vHZbVHsPnpB,https://www.ticketmaster.co.uk/ali-woods-basher-birmingham-04-03-2026/event/1F00634F3196A5BA,B5 4TD,52.474541,-1.89662
05/03/2026,Lucy Rose,19:30:00,Town Hall Birmingham,Music,Birmingham,G5vHZbP3j2vNg,https://www.ticketmaster.co.uk/lucy-rose-birmingham-05-03-2026/event/1F0062549C3C18F5,B3 3DQ,52.479447,-1.903587
05/03/2026,Buzzsaw Radio,19:30:00,"The Victoria, Birmingham",Unknown,Birmingham,LvZ18Q9VfY7LBYZZlJbNi,https://www.universe.com/events/buzzsaw-radio-tickets-D0JTF9?ref=ticketmaster,B1 1BN,52.476568,-1.900914
05/03/2026,Thomas Green: Brainstorm,19:45:00,Glee Club,Arts & Theatre,Birmingham,G5vHZbE3Su4x-,https://www.ticketmaster.co.uk/thomas-green-brainstorm-birmingham-05-03-2026/event/1F006274B33558A1,B5 4TD,52.474541,-1.89662
05/03/2026,Lily Allen: Performs West End Girl,19:30:00,Symphony Hall,Music,Birmingham,G5vHZbgSbPFKz,https://www.ticketmaster.co.uk/lily-allen-performs-west-end-girl-birmingham-05-03-2026/event/1F00635CD89484F8,B1 2EA,52.478877,-1.910803
05/03/2026,Keo,19:00:00,O2 Institute Birmingham,Music,Birmingham,G5dzZbgide6TN,https://www.ticketmaster.co.uk/keo-birmingham-05-03-2026/event/3E00635B03087FE3,B5 6DY,52.475756,-1.887562
06/03/2026,John Kearns - Tilting At Windmills,19:30:00,Town Hall Birmingham,Arts & Theatre,Birmingham,G5vHZbwTqIefV,https://www.ticketmaster.co.uk/john-kearns-tilting-at-windmills-birmingham-06-03-2026/event/1F00632FDDA02534,B3 3DQ,52.479447,-1.903587
06/03/2026,Ali Gilbert,19:30:00,"The Victoria, Birmingham",Unknown,Birmingham,LvZ18Q9VpqOGayYZyoIMe,https://www.universe.com/events/ali-gilbert-tickets-C6LS4Y?ref=ticketmaster,B1 1BN,52.476568,-1.900914
06/03/2026,Franz Ferdinand,19:00:00,O2 Academy Birmingham,Music,Birmingham,G5dzZbVDWq65p,https://www.ticketmaster.co.uk/franz-ferdinand-birmingham-06-03-2026/event/3E00634EFD7472D6,B1 1DB,52.473277,-1.900215
06/03/2026,Swiftogeddon - The Taylor Themed Club Night - Birmingham,22:30:00,Asylum Bar and Venue,Music,Birmingham,LvZ18Q8tsquSeFYZ0x6la,https://www.universe.com/events/swiftogeddon-the-taylor-themed-club-night-birmingham-tickets-MH589K?ref=ticketmaster,B19 3LS,52.488445,-1.902404
07/03/2026,Lucky Number You,19:30:00,Sunflower Lounge,Unknown,Birmingham,LvZ18QpBO0X9JyOZlPL0Z,https://www.universe.com/events/lucky-number-you-tickets-F5DYXG?ref=ticketmaster,B5 4EG,52.47634,-1.89772
07/03/2026,The 30+ Club,17:00:00,O2 Academy2 Birmingham,Music,Birmingham,G5dzZ_dmgvSfU,https://www.ticketmaster.co.uk/the-30-club-birmingham-07-03-2026/event/3E00643BB5073536,B1 1DB,52.47406,-1.89955
07/03/2026,Chris Ramsey - Here Man,19:30:00,Symphony Hall,Arts & Theatre,Birmingham,G5vHZbPObrJcd,https://www.ticketmaster.co.uk/chris-ramsey-here-man-birmingham-07-03-2026/event/1F006258187A6B43,B1 2EA,52.478877,-1.910803
07/03/2026,The Vaccines,19:00:00,O2 Academy Birmingham,Music,Birmingham,G5dzZbs3c4oKA,https://www.ticketmaster.co.uk/the-vaccines-birmingham-07-03-2026/event/3E006314AD5514C5,B1 1DB,52.473277,-1.900215
07/03/2026,"An Afternoon of Rock BIRMINGHAM - Rock & Metal For Over 30s, 3pm-7pm",15:00:00,"O'Neil's, Birmingham",Music,Birmingham,LvZ18Qbu5uVSvLOZl1crf,https://www.universe.com/events/an-afternoon-of-rock-birmingham-rock-metal-for-over-30s-3pm-7pm-tickets-P6Q93K?ref=ticketmaster,B1 2HG,52.47646,-1.912369
07/03/2026,Calum Bowie,19:00:00,O2 Institute3 Birmingham,Music,Birmingham,G5dzZbgkzApkQ,https://www.ticketmaster.co.uk/calum-bowie-birmingham-07-03-2026/event/3E006351B815619A,B5 6DY,52.475756,-1.887562
07/03/2026,Que Club Reunion,14:00:00,O2 Institute Birmingham,Music,Birmingham,G5dzZbmIxj--e,https://www.ticketmaster.co.uk/que-club-reunion-birmingham-07-03-2026/event/3E0062EA22721842,B5 6DY,52.475756,-1.887562
07/03/2026,EXTC 'This Is Pop',19:00:00,The Crossing,Music,Birmingham,LvZ18Q39A3TE-cYv4XJ39,https://www.universe.com/events/extc-this-is-pop-tickets-LH21RF?ref=ticketmaster,B5 5SU,52.47525632,-1.88625326
08/03/2026,Riona O'Connor & Olga Thompson,13:30:00,Glee Club,Arts & Theatre,Birmingham,G5vHZbil-BwxL,https://www.ticketmaster.co.uk/riona-oconnor-olga-thompson-birmingham-08-03-2026/event/1F0062CAE1EB289F,B5 4TD,52.474541,-1.89662
08/03/2026,Fisherman's Friends,19:00:00,Symphony Hall,Music,Birmingham,G5vHZb4Jime9P,https://www.ticketmaster.co.uk/fishermans-friends-birmingham-08-03-2026/event/1F006159ACB825E5,B1 2EA,52.478877,-1.910803
08/03/2026,Kyle Hume,19:00:00,O2 Institute3 Birmingham,Music,Birmingham,G5dzZbULO1zEJ,https://www.ticketmaster.co.uk/kyle-hume-birmingham-08-03-2026/event/3E006367E02B89E6,B5 6DY,52.475756,-1.887562
08/03/2026,Poppy - Constantly Nowhere Tour,18:00:00,O2 Institute Birmingham,Music,Birmingham,G5dzZbgj8KmR7,https://www.ticketmaster.co.uk/poppy-constantly-nowhere-tour-birmingham-08-03-2026/event/3E006357104EEBC4,B5 6DY,52.475756,-1.887562
10/03/2026,Constant Smiles,19:30:00,"The Victoria, Birmingham",Music,Birmingham,LvZ18QKU1wU5kg8Zl8C37,https://www.universe.com/events/constant-smiles-tickets-940PXM?ref=ticketmaster,B1 1BN,52.476568,-1.900914
10/03/2026,The Pull Up Podcast,20:00:00,Glee Club,Arts & Theatre,Birmingham,G5vHZ_dLKWfOb,https://www.ticketmaster.co.uk/the-pull-up-podcast-birmingham-10-03-2026/event/1F006437D3F54818,B5 4TD,52.474541,-1.89662
10/03/2026,MGK: Lost Americana Tour,20:00:00,Utilita Arena Birmingham,Music,Birmingham,1ANZkG0GkeYPOWf,https://www.ticketmaster.co.uk/mgk-lost-americana-tour-birmingham-10-03-2026/event/23006324B0960F54,B1 2AA,52.479932,-1.914924
11/03/2026,Special Friend,19:30:00,"The Victoria, Birmingham",Music,Birmingham,LvZ18QoS9uMJkWYv6h1tR,https://www.universe.com/events/special-friend-tickets-96BXMC?ref=ticketmaster,B1 1BN,52.476568,-1.900914
11/03/2026,Alabama 3 Performing Live Wed 11 March 2026 The Jam House Birmingham,18:00:00,The Jam House Birmingham,Music,Birmingham,LvZ18Qfn0v4VCJZZ0x7E4,https://www.universe.com/events/alabama-3-performing-live-wed-11-march-2026-the-jam-house-birmingham-tickets-4H3GVQ?ref=ticketmaster,B3 1QU,52.48509613,-1.904386
11/03/2026,"Lauren Ash - ""Call me when you get this"" UK Tour",19:00:00,O2 Academy3 Birmingham,Music,Birmingham,G5dzZbMY2uRuc,https://www.ticketmaster.co.uk/lauren-ash-call-me-when-you-birmingham-11-03-2026/event/3E00637C0F36F36D,B1 1DB,52.473268,-1.9002009
11/03/2026,Hot Mulligan,19:00:00,O2 Institute Birmingham,Music,Birmingham,G5dzZbSNSaIfy,https://www.ticketmaster.co.uk/hot-mulligan-birmingham-11-03-2026/event/3E006338F3268539,B5 6DY,52.475756,-1.887562
02/03/2026,Birmingham City V Middlesbrough,20:00:00,St Andrews at Knighthead Park,Sports,Birmingham,1AdfZ_dGkgX7-ia,https://www.eticketing.co.uk/bcfc/EDP/Event/Index/5184?utm_source=Ticketmaster&utm_medium=Shell-Event&utm_campaign=cl:Brum-city-chl:Shell-Event-v.Middlesbrough,B94RL,52.474943,-1.864039
10/03/2026,Birmingham City V QPR,19:45:00,St Andrews at Knighthead Park,Sports,Birmingham,1AdfZ_dGkgX7-iC,https://www.eticketing.co.uk/bcfc/EDP/Event/Index/5191?utm_source=Ticketmaster&utm_medium=Shell-Event&utm_campaign=cl:Brum-city-chl:Shell-Event-v.QPR,B94RL,52.474943,-1.864039
17/02/2026,Coach Party,19:30:00,The Castle & Falcon,Music,Birmingham,LvZ18Q6fUEKGIoZZ0iJo2,https://www.universe.com/events/coach-party-tickets-V8SMWN?ref=ticketmaster,B12 9AT,52.454883,-1.886583
11/03/2026,49th & Main,19:00:00,The Castle & Falcon,Music,Birmingham,G5vHZbEnPak8w,https://www.ticketmaster.co.uk/49th-main-birmingham-11-03-2026/event/1F00627AA5246432,B12 9AT,52.454883,-1.886583
10/02/2026,Bell Witch & Aerial Ruin Stygian Bough Tour,19:30:00,Hare and Hounds,Music,Birmingham,LvZ18QuApHnMs8YZxM7i5,https://www.universe.com/events/bell-witch-aerial-ruin-stygian-bough-tour-tickets-SRDCLP?ref=ticketmaster,B14 7JZ,52.435854,-1.893003
13/02/2026,Sorry,19:00:00,Hare and Hounds,Music,Birmingham,G5vHZbsUU9SVi,https://www.ticketmaster.co.uk/sorry-birmingham-13-02-2026/event/1F00631DB65F3D2C,B14 7JZ,52.435854,-1.893003
22/02/2026,JD Cliffe,19:00:00,Hare and Hounds,Music,Birmingham,G5vHZbzjeHFqq,https://www.ticketmaster.co.uk/jd-cliffe-birmingham-22-02-2026/event/1F00638702F0875D,B14 7JZ,52.435854,-1.893003
08/03/2026,Mamas Gun,19:00:00,Hare and Hounds,Music,Birmingham,G5vHZbRxoRZio,https://www.ticketmaster.co.uk/mamas-gun-birmingham-08-03-2026/event/1F0062F891BC0B11,B14 7JZ,52.435854,-1.893003
11/03/2026,Egyptian Lover at The Hare & Hounds,19:30:00,Hare and Hounds,Music,Birmingham,LvZ18Q3-bF0XYCYvCHg-c,https://www.universe.com/events/egyptian-lover-at-the-hare-hounds-tickets-4BVCYD?ref=ticketmaster,B14 7JZ,52.435854,-1.893003
19/02/2026,Courtney Hadwin,19:30:00,Hare & Hounds,Music,Birmingham,LvZ18QCPRaRkir8ZloTGr,https://www.universe.com/events/courtney-hadwin-tickets-KP6MRV?ref=ticketmaster,B14 7JZ,52.435644,-1.892954
11/03/2026,Beans on Toast,19:00:00,Hare & Hounds,Music,Birmingham,1AwZkuvGkdvpv0T,https://www.ticketweb.uk/event/beans-on-toast-hare-hounds-tickets/14596793?REFERRAL_ID=tmfeed,B14 7JZ,52.435644,-1.892954
23/02/2026,Walsall v MK Dons,20:00:00,Pallet-Track Bescot Stadium,Sports,Walsall ,1AdfZ_dGkSzLEXE,https://www.eticketing.co.uk/walsallfc/EDP/Event/Index/3061?utm_source=Ticketmaster&utm_medium=Shell-Event&utm_campaign=cl:Walsall-chl:Shell-Event-v.MK-Dons,WS14SA,52.56542538,-1.99043674
03/03/2026,Walsall v Fleetwood Town,19:45:00,Pallet-Track Bescot Stadium,Sports,Walsall ,1AdfZ_dGkSzLEXY,https://www.eticketing.co.uk/walsallfc/EDP/Event/Index/3036?utm_source=Ticketmaster&utm_medium=Shell-Event&utm_campaign=cl:Walsall-chl:Shell-Event-v.Fleetwood,WS14SA,52.56542538,-1.99043674
07/03/2026,Walsall V Notts County,15:00:00,Pallet-Track Bescot Stadium,Sports,Walsall ,1AdfZ_dGkSzLMXw,https://www.eticketing.co.uk/walsallfc/EDP/Event/Index/3062?utm_source=Ticketmaster&utm_medium=Shell-Event&utm_campaign=cl:Walsall-chl:Shell-Event-v.Notts-C,WS14SA,52.56542538,-1.99043674
10/02/2026,James Arthur,19:15:00,bp pulse LIVE,Music,Birmingham,1AeGZbJGkwD08ya,https://www.ticketmaster.co.uk/james-arthur-birmingham-10-02-2026/event/2300626CBB910E49,B401NT,52.453057,-1.720073
11/02/2026,Nashville In Concert: The Encore Tour,19:30:00,bp pulse LIVE,Music,Birmingham,17FYvxG6G9Ra8D-,https://www.ticketmaster.co.uk/nashville-in-concert-the-encore-tour-birmingham-11-02-2026/event/230062C5EF250EE1,B401NT,52.453057,-1.720073
12/02/2026,Deftones,19:00:00,bp pulse LIVE,Music,Birmingham,17FYvxG6Crjm8ED,https://www.ticketmaster.co.uk/deftones-birmingham-12-02-2026/event/230062E79CB909FB,B401NT,52.453057,-1.720073
23/02/2026,RAYE - THIS TOUR MAY CONTAIN NEW MUSIC,19:00:00,bp pulse LIVE,Music,Birmingham,16eGZbSe4G7Tsre,https://www.ticketmaster.co.uk/raye-this-tour-may-contain-new-birmingham-23-02-2026/event/2300633095FF1782,B401NT,52.453057,-1.720073
24/02/2026,RAYE - THIS TOUR MAY CONTAIN NEW MUSIC,19:00:00,bp pulse LIVE,Music,Birmingham,1ANZkGwGkdwyS74,https://www.ticketmaster.co.uk/raye-this-tour-may-contain-new-birmingham-24-02-2026/event/23006332F2E73115,B401NT,52.453057,-1.720073
01/03/2026,Warwickshire v Monaghan-Allianz Hurling League,13:00:00,Pairc Na hEireann GAA,Unknown,Solihull,Za5ju3rKuqZDeWOqtZcFqAn5Lm355xqG1T,,B92ODB,52.433668,-1.72895
08/03/2026,Warwickshire v Longford-Allianz Hurling League,13:00:00,Pairc Na hEireann GAA,Unknown,Solihull,Za5ju3rKuqZBS8IRAQJPkwQqLAhjBapgp,,B92ODB,52.433668,-1.72895
20/02/2026,Hannah East: Express Yourself,20:00:00,Walsall Arena and Arts Centre,Arts & Theatre,Walsall,1AMZkGSGkdzFrjN,https://www.ticketmaster.co.uk/hannah-east-express-yourself-walsall-20-02-2026/event/37006333F821E723,WS3 1AG,52.604596,-1.988734
27/02/2026,The Comedy Store - Great Yarmouth,20:00:00,Gorleston Pavilion,Arts & Theatre,Norfolk,1kuOvx48GAuv4a9,https://www.ticketmaster.co.uk/the-comedy-store-great-yarmouth-norfolk-27-02-2026/event/360062550D055257,NR31 6PP,52.57124,-1.73266
11/02/2026,Faetooth,19:00:00,KK's Steel Mill,Music,Wolverhampton,1AwZkGyGkdk-xZb,https://www.ticketweb.uk/event/faetooth-kks-steel-mill-tickets/14583643?REFERRAL_ID=tmfeed,WV2 4DU,52.5786863,-2.1309853
13/02/2026,The Cost,19:00:00,KK's Steel Mill,Music,Wolverhampton,17GOvxG62JCCoWN,https://www.ticketweb.uk/event/the-cost-kks-steel-mill-tickets/13911344?REFERRAL_ID=tmfeed,WV2 4DU,52.5786863,-2.1309853
17/02/2026,SMITH / KOTZEN,19:00:00,KK's Steel Mill,Music,Wolverhampton,17GOvxG6G9IiwjW,https://www.ticketweb.uk/event/smith-kotzen-kks-steel-mill-tickets/13791894?REFERRAL_ID=tmfeed,WV2 4DU,52.5786863,-2.1309853
20/02/2026,"Kataklysm, Vader, Blood Red Throne",18:30:00,KK's Steel Mill,Music,Wolverhampton,1AdFZbVGkBtzO0o,https://www.ticketweb.uk/event/kataklysm-vader-blood-red-throne-kks-steel-mill-tickets/14619873?REFERRAL_ID=tmfeed,WV2 4DU,52.5786863,-2.1309853
21/02/2026,Fozzy Tour with Special Guests Tailgunner and Marisa and the Moths.,18:00:00,KK's Steel Mill,Music,Wolverhampton,17GOvxG6u2iQx54,https://www.ticketweb.uk/event/fozzy-tour-with-special-guests-kks-steel-mill-tickets/13826184?REFERRAL_ID=tmfeed,WV2 4DU,52.5786863,-2.1309853
24/02/2026,"Crowbar, Legions of Doom, Silverburn",19:00:00,KK's Steel Mill,Music,Wolverhampton,1AwZkG4GkewyoMF,https://www.ticketweb.uk/event/crowbar-legions-of-doom-silverburn-kks-steel-mill-tickets/14505543?REFERRAL_ID=tmfeed,WV2 4DU,52.5786863,-2.1309853
27/02/2026,"Buckcherry, Michael Monroe, Rubikon",19:00:00,KK's Steel Mill,Music,Wolverhampton,1AwZkGMGkexoZEi,https://www.ticketweb.uk/event/buckcherry-michael-monroe-rubikon-kks-steel-mill-tickets/14578313?REFERRAL_ID=tmfeed,WV2 4DU,52.5786863,-2.1309853
05/03/2026,Chris McCausland: Yonks!,20:00:00,Wolverhampton Grand Theatre,Arts & Theatre,Wolverhampton,1AdjZbpGkS0h38h,https://www.ticketmaster.co.uk/chris-mccausland-yonks-wolverhampton-05-03-2026/event/3700616CE46D241B,WV1 1DE,52.586493,-2.124205
13/02/2026,Omid Djalili: Namaste,20:00:00,Redditch Palace Theatre,Arts & Theatre,Redditch,G5vHZbRNQrxqF,https://www.ticketmaster.co.uk/omid-djalili-namaste-redditch-13-02-2026/event/1F0062F8DA7A2748,B98 8AE,52.30628833,-1.93926599
11/02/2026,XLOV,19:00:00,University of Wolverhampton at The Civic Hall,Music,Wolverhampton,G5vHZbUKeLUcA,https://www.ticketmaster.co.uk/xlov-wolverhampton-11-02-2026/event/1F006364C27F6B45,WV1 1RQ,52.586653,-2.130802
20/02/2026,The Next Step,13:30:00,University of Wolverhampton at The Civic Hall,Arts & Theatre,Wolverhampton,G5vHZbVNhSt7X,https://www.ticketmaster.co.uk/the-next-step-wolverhampton-20-02-2026/event/1F006348DBCE913E,WV1 1RQ,52.586653,-2.130802
20/02/2026,The Next Step,18:30:00,University of Wolverhampton at The Civic Hall,Arts & Theatre,Wolverhampton,G5vHZbVrtGgM9,https://www.ticketmaster.co.uk/the-next-step-wolverhampton-20-02-2026/event/1F006347A9335DD7,WV1 1RQ,52.586653,-2.130802
28/02/2026,Kaiser Chiefs - MORE EMPLOYMENT 2026,19:00:00,University of Wolverhampton at The Civic Hall,Music,Wolverhampton,G5vHZbYBNNs43,https://www.ticketmaster.co.uk/kaiser-chiefs-more-employment-2026-wolverhampton-28-02-2026/event/1F00630EA38F1552,WV1 1RQ,52.586653,-2.130802
07/03/2026,Jimeoin - Pandemonium,19:30:00,University of Wolverhampton at The Wulfrun Hall,Arts & Theatre,Wolverhampton,G5vHZbSlCEzHM,https://www.ticketmaster.co.uk/jimeoin-pandemonium-wolverhampton-07-03-2026/event/1F00633ACE9F8F37,WV1 1RQ,52.586653,-2.130802
14/02/2026,The Classic Rock Show 2026,19:30:00,"Warwick Arts Centre, Coventry",Music,Coventry,G5vHZbmXbwZmw,https://www.ticketmaster.co.uk/the-classic-rock-show-2026-coventry-14-02-2026/event/1F0062EF98C80BB2,CV47AL,52.373743,-1.552358
15/02/2026,Gordon Buchanan - Lions and Tigers and Bears,19:30:00,"Warwick Arts Centre, Coventry",Miscellaneous,Coventry,G5vHZbi3PJvS-,https://www.ticketmaster.co.uk/gordon-buchanan-lions-and-tigers-and-coventry-15-02-2026/event/1F0062C4A5981CE1,CV47AL,52.373743,-1.552358
17/02/2026,Emmanuel Sonubi: Life After Near Death,19:30:00,"Warwick Arts Centre, Coventry",Arts & Theatre,Coventry,G5vHZbSLnQyjk,https://www.ticketmaster.co.uk/emmanuel-sonubi-life-after-near-death-coventry-17-02-2026/event/1F006337EA6B9706,CV47AL,52.373743,-1.552358
19/02/2026,Chris Ramsey - Here Man,20:00:00,"Warwick Arts Centre, Coventry",Arts & Theatre,Coventry,G5vHZbPJ_VJZf,https://www.ticketmaster.co.uk/chris-ramsey-here-man-coventry-19-02-2026/event/1F00625999D26014,CV47AL,52.373743,-1.552358
19/02/2026,Ania Magliano: Peach Fuzz,19:30:00,"Warwick Arts Centre, Coventry",Arts & Theatre,Coventry,G5vHZbwnufZJR,https://www.ticketmaster.co.uk/ania-magliano-peach-fuzz-coventry-19-02-2026/event/1F00632A8D5009AF,CV47AL,52.373743,-1.552358
20/02/2026,Madama Butterfly - Ellen Kents Farewell Opera Tour,19:30:00,"Warwick Arts Centre, Coventry",Arts & Theatre,Coventry,G5vHZbYMsWNrW,https://www.ticketmaster.co.uk/madama-butterfly-ellen-kents-farewell-opera-coventry-20-02-2026/event/1F00630DF1F637BD,CV47AL,52.373743,-1.552358
21/02/2026,Paul Merton & Suki Webster's Improv Show,20:00:00,"Warwick Arts Centre, Coventry",Arts & Theatre,Coventry,G5vHZbPnGBvP6,https://www.ticketmaster.co.uk/paul-merton-suki-websters-improv-show-coventry-21-02-2026/event/1F00625A8CE81947,CV47AL,52.373743,-1.552358
22/02/2026,Mike Oldfield's Tubular Bells: The Best Of Tubular Bells,19:30:00,"Warwick Arts Centre, Coventry",Music,Coventry,G5vHZblz0skpy,https://www.ticketmaster.co.uk/mike-oldfields-tubular-bells-the-best-coventry-22-02-2026/event/1F0062BE24C465B9,CV47AL,52.373743,-1.552358
28/02/2026,Garth Marenghi - This Bursted Earth Book Tour,19:30:00,"Warwick Arts Centre, Coventry",Arts & Theatre,Coventry,G5vHZbEnSbp0b,https://www.ticketmaster.co.uk/garth-marenghi-this-bursted-earth-book-coventry-28-02-2026/event/1F00627AB3616918,CV47AL,52.373743,-1.552358
01/03/2026,Chloe Petts: Big Naturals,19:45:00,"Warwick Arts Centre, Coventry",Arts & Theatre,Coventry,G5vHZbm1rZkQF,https://www.ticketmaster.co.uk/chloe-petts-big-naturals-coventry-01-03-2026/event/1F0062E29E006688,CV47AL,52.373743,-1.552358
08/03/2026,Alasdair Beckett-King: King of Crumbs,19:30:00,"Warwick Arts Centre, Coventry",Arts & Theatre,Coventry,G5vHZbU3HSpLK,https://www.ticketmaster.co.uk/alasdair-beckettking-king-of-crumbs-coventry-08-03-2026/event/1F006364BCCD67D3,CV47AL,52.373743,-1.552358
11/03/2026,Sounds Of The 60s Live - Hosted by Tony Blackburn MBE,19:30:00,"Warwick Arts Centre, Coventry",Music,Coventry,G5vHZbYBPKs4H,https://www.ticketmaster.co.uk/sounds-of-the-60s-live-hosted-coventry-11-03-2026/event/1F00630EA54F157C,CV47AL,52.373743,-1.552358
20/02/2026,The Comedy Store - Coventry,19:30:00,The Albany Theatre,Arts & Theatre,Coventry,G5vHZbPp8Hobl,https://www.ticketmaster.co.uk/the-comedy-store-coventry-coventry-20-02-2026/event/1F00625590F1162B,CV1 3BH,52.4060266,-1.5245886
17/02/2026,Sink or Swim present Slash Need + The Mall + Hey Budapest!,19:30:00,The Tin Music and Arts,Music,Coventry,LvZ18Q4yjqTo-2OZyToJg,https://www.universe.com/events/sink-or-swim-present-slash-need-the-mall-hey-budapest-tickets-DGX5N3?ref=ticketmaster,CV14LY,52.41328,-1.51257
20/02/2026,Hot Music Live: Izzy Derry + Sophie Hadlum + Croissant + Brass Hip Flask,19:30:00,The Tin Music and Arts,Unknown,Coventry,LvZ18Qu20mYLfVZZN6C1-,https://www.universe.com/events/hot-music-live-izzy-derry-sophie-hadlum-croissant-brass-hip-flask-tickets-67FKZM?ref=ticketmaster,CV14LY,52.41328,-1.51257
22/02/2026,Finding Ways Ft Sebastian Rochford,19:30:00,The Tin Music and Arts,Music,Coventry,LvZ18Q8igPsLY9YZ0aIpq,https://www.universe.com/events/finding-ways-ft-sebastian-rochford-tickets-9RLY2V?ref=ticketmaster,CV14LY,52.41328,-1.51257
19/02/2026,"Keeley, Atalhos",19:30:00,The Tin At The Coal Vaults,Music,Coventry,17GOvxG6CCjlopT,https://www.ticketweb.uk/event/keeley-atalhos-the-tin-at-the-coal-tickets/13858694?REFERRAL_ID=tmfeed,CV1 4LY,52.413632,-1.511649
16/02/2026,Coventry City v Middlesbrough,20:00:00,Coventry Building Society Arena,Sports,Coventry,1AdjZ_eGkULMwk-,https://www.eticketing.co.uk/ccfc/EDP/Event/Index/1086?utm_source=Ticketmaster&utm_medium=Shell-Event&utm_campaign=cl:Cov-city-chl:Shell-Event-v.Middlesbrough,CV6 6GE,52.448267,-1.497429
28/02/2026,Coventry City V Stoke City,15:00:00,Coventry Building Society Arena,Sports,Coventry,1AdjZ_eGkULMwkJ,https://www.eticketing.co.uk/ccfc/EDP/Event/Index/1087?utm_source=Ticketmaster&utm_medium=Shell-Event&utm_campaign=cl:Cov-city-chl:Shell-Event-v.Stoke,CV6 6GE,52.448267,-1.497429
16/02/2026,Suede,19:00:00,"The Empire, Coventry",Music,Coventry,G5vHZbshoi3Ph,https://www.ticketmaster.co.uk/suede-coventry-16-02-2026/event/1F006316D1B1295B,CV1 1LP,52.407218,-1.4974985
14/02/2026,Serious Intentions: Valentine's Rave,18:00:00,Queens Hall,Unknown,Nuneaton,LvZ18Q41cAzQEBZZ0zzfl,https://www.universe.com/events/serious-intentions-valentines-rave-tickets-4YNT36?ref=ticketmaster,CV11 5LA,52.522554,-1.473177
21/02/2026,The Killerz: World Leading Tribute To The Killers,19:30:00,Queens Hall,Music,Nuneaton,LvZ18QKhIyxMJ5ZZy3tH8,https://www.universe.com/events/the-killerz-world-leading-tribute-to-the-killers-tickets-CS5B1T?ref=ticketmaster,CV11 5LA,52.522554,-1.473177
27/02/2026,Stillmarillion,20:00:00,Queens Hall,Music,Nuneaton,LvZ18QojlVQfkY8vjIzHK,https://www.universe.com/events/stillmarillion-tickets-JWXCG6?ref=ticketmaster,CV11 5LA,52.522554,-1.473177
28/02/2026,Rammlied,20:00:00,Queens Hall,Music,Nuneaton,LvZ18_TXkN7TOl8ZcliG9,https://www.universe.com/events/rammlied-tickets-BWRGM9?ref=ticketmaster,CV11 5LA,52.522554,-1.473177
06/03/2026,BREAKER E.P Launch + Crucible & Brazen,19:00:00,Queens Hall,Unknown,Nuneaton,LvZ18Q9jToRNIHOZ0JcSg,https://www.universe.com/events/breaker-e-p-launch-crucible-brazen-tickets-H5P8QY?ref=ticketmaster,CV11 5LA,52.522554,-1.473177
11/02/2026,Warwick Castle - Daily Entry,10:00:00,Warwick Castle,Miscellaneous,Warwick,G5vHZbxI4mfEl,https://attractions.ticketmaster.co.uk/book/1FL90-TICKETMASTER/#date=2026-02-11,CV34 4QU,52.280585,-1.585766
12/02/2026,Warwick Castle - Daily Entry,10:00:00,Warwick Castle,Miscellaneous,Warwick,G5vHZbxI4D0IF,https://attractions.ticketmaster.co.uk/book/1FL90-TICKETMASTER/#date=2026-02-12,CV34 4QU,52.280585,-1.585766
13/02/2026,Warwick Castle - Daily Entry,10:00:00,Warwick Castle,Miscellaneous,Warwick,G5vHZbxIpF0Io,https://attractions.ticketmaster.co.uk/book/1FL90-TICKETMASTER/#date=2026-02-13,CV34 4QU,52.280585,-1.585766
14/02/2026,Warwick Castle - Daily Entry,10:00:00,Warwick Castle,Miscellaneous,Warwick,G5vHZbxIp4VIK,https://attractions.ticketmaster.co.uk/book/1FL90-TICKETMASTER/#date=2026-02-14,CV34 4QU,52.280585,-1.585766
15/02/2026,Warwick Castle - Daily Entry,10:00:00,Warwick Castle,Miscellaneous,Warwick,G5vHZbxIpxVIq,https://attractions.ticketmaster.co.uk/book/1FL90-TICKETMASTER/#date=2026-02-15,CV34 4QU,52.280585,-1.585766
16/02/2026,Warwick Castle - Daily Entry,10:00:00,Warwick Castle,Miscellaneous,Warwick,G5vHZbxIpY7I0,https://attractions.ticketmaster.co.uk/book/1FL90-TICKETMASTER/#date=2026-02-16,CV34 4QU,52.280585,-1.585766
17/02/2026,Warwick Castle - Daily Entry,10:00:00,Warwick Castle,Miscellaneous,Warwick,G5vHZbxIpW7IU,https://attractions.ticketmaster.co.uk/book/1FL90-TICKETMASTER/#date=2026-02-17,CV34 4QU,52.280585,-1.585766
18/02/2026,Warwick Castle - Daily Entry,10:00:00,Warwick Castle,Miscellaneous,Warwick,G5vHZbxI917Iz,https://attractions.ticketmaster.co.uk/book/1FL90-TICKETMASTER/#date=2026-02-18,CV34 4QU,52.280585,-1.585766
19/02/2026,Warwick Castle - Daily Entry,10:00:00,Warwick Castle,Miscellaneous,Warwick,G5vHZbxI99fta,https://attractions.ticketmaster.co.uk/book/1FL90-TICKETMASTER/#date=2026-02-19,CV34 4QU,52.280585,-1.585766
20/02/2026,Warwick Castle - Daily Entry,10:00:00,Warwick Castle,Miscellaneous,Warwick,G5vHZbxI90ftN,https://attractions.ticketmaster.co.uk/book/1FL90-TICKETMASTER/#date=2026-02-20,CV34 4QU,52.280585,-1.585766
21/02/2026,Warwick Castle - Daily Entry,10:00:00,Warwick Castle,Miscellaneous,Warwick,G5vHZbxI9s0tJ,https://attractions.ticketmaster.co.uk/book/1FL90-TICKETMASTER/#date=2026-02-21,CV34 4QU,52.280585,-1.585766
22/02/2026,Warwick Castle - Daily Entry,10:00:00,Warwick Castle,Miscellaneous,Warwick,G5vHZbxI9XVtc,https://attractions.ticketmaster.co.uk/book/1FL90-TICKETMASTER/#date=2026-02-22,CV34 4QU,52.280585,-1.585766
23/02/2026,Warwick Castle - Daily Entry,10:00:00,Warwick Castle,Miscellaneous,Warwick,G5vHZbxIb5VtD,https://attractions.ticketmaster.co.uk/book/1FL90-TICKETMASTER/#date=2026-02-23,CV34 4QU,52.280585,-1.585766
24/02/2026,Warwick Castle - Daily Entry,10:00:00,Warwick Castle,Miscellaneous,Warwick,G5vHZbxIb_7tW,https://attractions.ticketmaster.co.uk/book/1FL90-TICKETMASTER/#date=2026-02-24,CV34 4QU,52.280585,-1.585766
25/02/2026,Warwick Castle - Daily Entry,10:00:00,Warwick Castle,Miscellaneous,Warwick,G5vHZbxIbJ7nA,https://attractions.ticketmaster.co.uk/book/1FL90-TICKETMASTER/#date=2026-02-25,CV34 4QU,52.280585,-1.585766
26/02/2026,Warwick Castle - Daily Entry,10:00:00,Warwick Castle,Miscellaneous,Warwick,G5vHZbxIbSfn1,https://attractions.ticketmaster.co.uk/book/1FL90-TICKETMASTER/#date=2026-02-26,CV34 4QU,52.280585,-1.585766
27/02/2026,Warwick Castle - Daily Entry,10:00:00,Warwick Castle,Miscellaneous,Warwick,G5vHZbxI_Zfni,https://attractions.ticketmaster.co.uk/book/1FL90-TICKETMASTER/#date=2026-02-27,CV34 4QU,52.280585,-1.585766
28/02/2026,Warwick Castle - Daily Entry,10:00:00,Warwick Castle,Miscellaneous,Warwick,G5vHZbxI_u0nz,https://attractions.ticketmaster.co.uk/book/1FL90-TICKETMASTER/#date=2026-02-28,CV34 4QU,52.280585,-1.585766
01/03/2026,Warwick Castle - Daily Entry,10:00:00,Warwick Castle,Miscellaneous,Warwick,G5vHZbxI_Q0nD,https://attractions.ticketmaster.co.uk/book/1FL90-TICKETMASTER/#date=2026-03-01,CV34 4QU,52.280585,-1.585766
02/03/2026,Warwick Castle - Daily Entry,10:00:00,Warwick Castle,Miscellaneous,Warwick,G5vHZbxI_EVnT,https://attractions.ticketmaster.co.uk/book/1FL90-TICKETMASTER/#date=2026-03-02,CV34 4QU,52.280585,-1.585766
03/03/2026,Warwick Castle - Daily Entry,10:00:00,Warwick Castle,Miscellaneous,Warwick,G5vHZbxI_g7lA,https://attractions.ticketmaster.co.uk/book/1FL90-TICKETMASTER/#date=2026-03-03,CV34 4QU,52.280585,-1.585766
04/03/2026,Warwick Castle - Daily Entry,10:00:00,Warwick Castle,Miscellaneous,Warwick,G5vHZbxIQe7lb,https://attractions.ticketmaster.co.uk/book/1FL90-TICKETMASTER/#date=2026-03-04,CV34 4QU,52.280585,-1.585766
05/03/2026,Warwick Castle - Daily Entry,10:00:00,Warwick Castle,Miscellaneous,Warwick,G5vHZbxIQ27lx,https://attractions.ticketmaster.co.uk/book/1FL90-TICKETMASTER/#date=2026-03-05,CV34 4QU,52.280585,-1.585766
06/03/2026,Warwick Castle - Daily Entry,10:00:00,Warwick Castle,Miscellaneous,Warwick,G5vHZbxIQjfl0,https://attractions.ticketmaster.co.uk/book/1FL90-TICKETMASTER/#date=2026-03-06,CV34 4QU,52.280585,-1.585766
07/03/2026,Warwick Castle - Daily Entry,10:00:00,Warwick Castle,Miscellaneous,Warwick,G5vHZbxIQtflm,https://attractions.ticketmaster.co.uk/book/1FL90-TICKETMASTER/#date=2026-03-07,CV34 4QU,52.280585,-1.585766
08/03/2026,Warwick Castle - Daily Entry,10:00:00,Warwick Castle,Miscellaneous,Warwick,G5vHZbxIQU0lw,https://attractions.ticketmaster.co.uk/book/1FL90-TICKETMASTER/#date=2026-03-08,CV34 4QU,52.280585,-1.585766
09/03/2026,Warwick Castle - Daily Entry,10:00:00,Warwick Castle,Miscellaneous,Warwick,G5vHZbxIhdVlU,https://attractions.ticketmaster.co.uk/book/1FL90-TICKETMASTER/#date=2026-03-09,CV34 4QU,52.280585,-1.585766
10/03/2026,Warwick Castle - Daily Entry,10:00:00,Warwick Castle,Miscellaneous,Warwick,G5vHZbxIh8Vi7,https://attractions.ticketmaster.co.uk/book/1FL90-TICKETMASTER/#date=2026-03-10,CV34 4QU,52.280585,-1.585766
11/03/2026,Warwick Castle - Daily Entry,10:00:00,Warwick Castle,Miscellaneous,Warwick,G5vHZbxIhqViK,https://attractions.ticketmaster.co.uk/book/1FL90-TICKETMASTER/#date=2026-03-11,CV34 4QU,52.280585,-1.585766
12/03/2026,Warwick Castle - Daily Entry,10:00:00,Warwick Castle,Miscellaneous,Warwick,G5vHZbxIhl7iz,https://attractions.ticketmaster.co.uk/book/1FL90-TICKETMASTER/#date=2026-03-12,CV34 4QU,52.280585,-1.585766
26/02/2026,PVA,19:00:00,Colour Factory,Music,London,LvZ18Q2qEoflEW8ZlPomK,https://www.universe.com/events/pva-tickets-VT2G95?ref=ticketmaster,E95EN,52.511513,-2.3786276
19/02/2026,Jimeoin - Pandemonium,19:00:00,Royal Spa Centre,Arts & Theatre,Leamington Spa,1AMZkGyGkeIq_y8,https://www.ticketmaster.co.uk/jimeoin-pandemonium-leamington-spa-19-02-2026/event/37006339A8759E50,CV32 4HN,52.289792,-1.531403
01/03/2026,Geoff Norcott - Basic Bloke 2,20:00:00,Royal Spa Centre,Arts & Theatre,Leamington Spa,1AdjZbPGkc1AUOh,https://www.ticketmaster.co.uk/geoff-norcott-basic-bloke-2-leamington-spa-01-03-2026/event/3700625B4A17681B,CV32 4HN,52.289792,-1.531403
07/03/2026,John Kearns - Tilting At Windmills,19:30:00,Royal Spa Centre,Arts & Theatre,Leamington Spa,1AMZkGYGkdd7_ph,https://www.ticketmaster.co.uk/john-kearns-tilting-at-windmills-leamington-spa-07-03-2026/event/37006330C311959B,CV32 4HN,52.289792,-1.531403
05/03/2026,John Kearns - Tilting At Windmills,19:30:00,Huntingdon Hall,Arts & Theatre,Worcester,G5vHZbwX0dv2g,https://www.ticketmaster.co.uk/john-kearns-tilting-at-windmills-worcester-05-03-2026/event/1F00632FA40C13F5,WR1 3LD,52.192034,-2.222239
28/02/2026,Birmingham Panthers V Leeds Rhinos,19:00:00,University of Worcester Arena,Sports,Worcester,G5vHZbzn_rKt1,https://www.eticketing.co.uk/birminghampanthers/EDP/Event/Index/31?utm_source=Ticketmaster&utm_medium=Shell-Event&utm_campaign=cl:B-panthers-chl:Shell-Event-v.L,WR2 5JN,52.192659,-2.231896
19/02/2026,Scott Bennett - Stuff,19:30:00,Stafford Gatehouse Theatre,Arts & Theatre,Stafford,1AMZkkAGkeT93Qx,https://www.ticketmaster.co.uk/scott-bennett-stuff-stafford-19-02-2026/event/37006185BF5D26A2,ST16 2LT,52.807197,-2.115948
28/02/2026,Richard Blackwood : Unfiltered - Stafford,20:00:00,Stafford Gatehouse Theatre,Music,Stafford,LvZ18QKl3utwIR8Z0v3Gg,https://www.universe.com/events/richard-blackwood-unfiltered-stafford-tickets-BSRM2X?ref=ticketmaster,ST16 2LT,52.807197,-2.115948
11/02/2026,Strassenkultur - The Hill,17:00:00,Caffeine & Machine: The Hill,Miscellaneous,Stratford-upon-Avon,LvZ18Qfp75PMaA8ZlKarA,https://www.universe.com/events/strassenkultur-the-hill-tickets-4N5GXW?ref=ticketmaster,CV377NS,52.14988,-1.62997
10/02/2026,Feels Like Home - The Hill,17:00:00,Caffeine & Machine: The Hill,Miscellaneous,Stratford-upon-Avon,LvZ18Qpgf0NIo-YZYoDxw,https://www.universe.com/events/feels-like-home-the-hill-tickets-92WT1P?ref=ticketmaster,CV377NS,52.14988,-1.62997
12/02/2026,Thirsty Thursday - The Hill,17:00:00,Caffeine & Machine: The Hill,Miscellaneous,Stratford-upon-Avon,LvZ18Qpg9GSIo-YZIoDH8,https://www.universe.com/events/thirsty-thursday-the-hill-tickets-ST9D1Q?ref=ticketmaster,CV377NS,52.14988,-1.62997
13/02/2026,The Set Up - The Hill,17:00:00,Caffeine & Machine: The Hill,Miscellaneous,Stratford-upon-Avon,LvZ18Qpg_rfaiU8ZybKeU,https://www.universe.com/events/the-set-up-the-hill-tickets-MBK8NY?ref=ticketmaster,CV377NS,52.14988,-1.62997
14/02/2026,Saturday Session - The Hill,08:00:00,Caffeine & Machine: The Hill,Miscellaneous,Stratford-upon-Avon,LvZ18QpR-JnqV7OZ0pEBo,https://www.universe.com/events/saturday-session-the-hill-tickets-WLZNY7?ref=ticketmaster,CV377NS,52.14988,-1.62997
15/02/2026,Sunday Service ft. JCCN & Northamptonshire Car Society - The Hill,08:00:00,Caffeine & Machine: The Hill,Miscellaneous,Stratford-upon-Avon,LvZ18QpRgxIl_QOZy5tqu,https://www.universe.com/events/sunday-service-ft-jccn-northamptonshire-car-society-the-hill-tickets-X0K5FG?ref=ticketmaster,CV377NS,52.14988,-1.62997
16/02/2026,The Monday Afterdrive - The Hill,17:00:00,Caffeine & Machine: The Hill,Miscellaneous,Stratford-upon-Avon,LvZ18Qpg3h5KPB8Z0E8ZG,https://www.universe.com/events/the-monday-afterdrive-the-hill-tickets-RZT0F3?ref=ticketmaster,CV377NS,52.14988,-1.62997
17/02/2026,Feels Like Home - The Hill,17:00:00,Caffeine & Machine: The Hill,Miscellaneous,Stratford-upon-Avon,LvZ18QpgfH1UA_ZZ0w0c6,https://www.universe.com/events/feels-like-home-the-hill-tickets-J1HLFM?ref=ticketmaster,CV377NS,52.14988,-1.62997
18/02/2026,Best of British - The Hill,17:00:00,Caffeine & Machine: The Hill,Miscellaneous,Stratford-upon-Avon,LvZ18QfpAbPMaA8ZyKaoS,https://www.universe.com/events/best-of-british-the-hill-tickets-3NXFB0?ref=ticketmaster,CV377NS,52.14988,-1.62997
19/02/2026,Thirsty Thursday ft. The 'Cult of Machine' Quiz Night - The Hill,17:00:00,Caffeine & Machine: The Hill,Miscellaneous,Stratford-upon-Avon,LvZ18Qpg9rOqBW8ZEP0zA,https://www.universe.com/events/thirsty-thursday-ft-the-cult-of-machine-quiz-night-the-hill-tickets-B6W537?ref=ticketmaster,CV377NS,52.14988,-1.62997
20/02/2026,The Set Up - The Hill,17:00:00,Caffeine & Machine: The Hill,Miscellaneous,Stratford-upon-Avon,LvZ18Qpg_RdIo-YZioH76,https://www.universe.com/events/the-set-up-the-hill-tickets-SVJNYH?ref=ticketmaster,CV377NS,52.14988,-1.62997
21/02/2026,Saturday Session ft. Sikhs Run Club - The Hill,08:00:00,Caffeine & Machine: The Hill,Miscellaneous,Stratford-upon-Avon,LvZ18QpRx-Q_H7YZwQSZM,https://www.universe.com/events/saturday-session-ft-sikhs-run-club-the-hill-tickets-Z62PFN?ref=ticketmaster,CV377NS,52.14988,-1.62997
22/02/2026,Sunday Service - The Hill,08:00:00,Caffeine & Machine: The Hill,Miscellaneous,Stratford-upon-Avon,LvZ18QpYs3WvFi8ZyG_5V,https://www.universe.com/events/sunday-service-the-hill-tickets-MV2473?ref=ticketmaster,CV377NS,52.14988,-1.62997
23/02/2026,The Monday Afterdrive - The Hill,17:00:00,Caffeine & Machine: The Hill,Miscellaneous,Stratford-upon-Avon,LvZ18Qpg3l1UA_ZZ0w0xY,https://www.universe.com/events/the-monday-afterdrive-the-hill-tickets-Y92J8H?ref=ticketmaster,CV377NS,52.14988,-1.62997
24/02/2026,Feels Like Home - The Hill,17:00:00,Caffeine & Machine: The Hill,Miscellaneous,Stratford-upon-Avon,LvZ18Qpg4GYqBW8ZEP0YG,https://www.universe.com/events/feels-like-home-the-hill-tickets-VQ0KFZ?ref=ticketmaster,CV377NS,52.14988,-1.62997
25/02/2026,Weissach - The Hill,17:00:00,Caffeine & Machine: The Hill,Miscellaneous,Stratford-upon-Avon,LvZ18Qfpk-NUsaOZyOHhb,https://www.universe.com/events/weissach-the-hill-tickets-J0F9YH?ref=ticketmaster,CV377NS,52.14988,-1.62997
26/02/2026,Thirsty Thursday - The Hill,17:00:00,Caffeine & Machine: The Hill,Miscellaneous,Stratford-upon-Avon,LvZ18Qpg9YfaiU8Zyb3Di,https://www.universe.com/events/thirsty-thursday-the-hill-tickets-CQMPV0?ref=ticketmaster,CV377NS,52.14988,-1.62997
27/02/2026,The Set Up - The Hill,17:00:00,Caffeine & Machine: The Hill,Miscellaneous,Stratford-upon-Avon,LvZ18QpgQZ7aiU8Zlb3TT,https://www.universe.com/events/the-set-up-the-hill-tickets-MTN0XD?ref=ticketmaster,CV377NS,52.14988,-1.62997
28/02/2026,Saturday Session - The Hill,08:00:00,Caffeine & Machine: The Hill,Miscellaneous,Stratford-upon-Avon,LvZ18QpRNbGMDJOZyDepi,https://www.universe.com/events/saturday-session-the-hill-tickets-QTBCNP?ref=ticketmaster,CV377NS,52.14988,-1.62997
01/03/2026,Sunday Service - The Hill,08:00:00,Caffeine & Machine: The Hill,Miscellaneous,Stratford-upon-Avon,LvZ18QpYw4rF45OZyXSbp,https://www.universe.com/events/sunday-service-the-hill-tickets-GSXWZN?ref=ticketmaster,CV377NS,52.14988,-1.62997
02/03/2026,The Monday Afterdrive - The Hill,17:00:00,Caffeine & Machine: The Hill,Miscellaneous,Stratford-upon-Avon,LvZ18Qpg3HQUA_ZZlw0rJ,https://www.universe.com/events/the-monday-afterdrive-the-hill-tickets-WHPCM6?ref=ticketmaster,CV377NS,52.14988,-1.62997
03/03/2026,Feels Like Home - The Hill,17:00:00,Caffeine & Machine: The Hill,Miscellaneous,Stratford-upon-Avon,LvZ18Qpg4L1UA_ZZyw0IJ,https://www.universe.com/events/feels-like-home-the-hill-tickets-JP1F7N?ref=ticketmaster,CV377NS,52.14988,-1.62997
04/03/2026,Daikoku Nights - The Hill,17:00:00,Caffeine & Machine: The Hill,Miscellaneous,Stratford-upon-Avon,LvZ18QfpdhVExTYZ0z4Oj,https://www.universe.com/events/daikoku-nights-the-hill-tickets-QP2HMW?ref=ticketmaster,CV377NS,52.14988,-1.62997
05/03/2026,Thirsty Thursday - The Hill,17:00:00,Caffeine & Machine: The Hill,Miscellaneous,Stratford-upon-Avon,LvZ18QpgbevQ7VOZy92Vg,https://www.universe.com/events/thirsty-thursday-the-hill-tickets-LZ4Q61?ref=ticketmaster,CV377NS,52.14988,-1.62997
06/03/2026,The Set Up - The Hill,17:00:00,Caffeine & Machine: The Hill,Miscellaneous,Stratford-upon-Avon,LvZ18QpgQ3BUA_ZZ0wPd8,https://www.universe.com/events/the-set-up-the-hill-tickets-50JCRX?ref=ticketmaster,CV377NS,52.14988,-1.62997
07/03/2026,Saturday Session ft. Daily Driven Car Club - The Hill,08:00:00,Caffeine & Machine: The Hill,Miscellaneous,Stratford-upon-Avon,LvZ18QpR0f6a8EYZwqgpk,https://www.universe.com/events/saturday-session-ft-daily-driven-car-club-the-hill-tickets-WS8RJC?ref=ticketmaster,CV377NS,52.14988,-1.62997
08/03/2026,An Evening with Gazelles Offroad Team - The Hill,17:00:00,Caffeine & Machine: The Hill,Miscellaneous,Stratford-upon-Avon,LvZ18QbuaOWVPK8Zy_2A4,https://www.universe.com/events/an-evening-with-gazelles-offroad-team-the-hill-tickets-9W5S72?ref=ticketmaster,CV377NS,52.14988,-1.62997
08/03/2026,International Womens Day '26 - The Hill,08:00:00,Caffeine & Machine: The Hill,Miscellaneous,Stratford-upon-Avon,LvZ18QpYS4YVlOOZwBdHa,https://www.universe.com/events/international-womens-day-26-the-hill-tickets-FZMVBD?ref=ticketmaster,CV377NS,52.14988,-1.62997
09/03/2026,The Monday Afterdrive - The Hill,17:00:00,Caffeine & Machine: The Hill,Miscellaneous,Stratford-upon-Avon,LvZ18QpgKCNIo-YZ0oDVF,https://www.universe.com/events/the-monday-afterdrive-the-hill-tickets-LGS8D1?ref=ticketmaster,CV377NS,52.14988,-1.62997
10/03/2026,Feels Like Home - The Hill,17:00:00,Caffeine & Machine: The Hill,Unknown,Stratford-upon-Avon,LvZ18Qpg4YQZSwZZ0NKTz,https://www.universe.com/events/feels-like-home-the-hill-tickets-Y7H1KJ?ref=ticketmaster,CV377NS,52.14988,-1.62997
12/03/2026,Thirsty Thursday - The Hill,17:00:00,Caffeine & Machine: The Hill,Miscellaneous,Stratford-upon-Avon,LvZ18QpgbfYqBW8ZEP0BS,https://www.universe.com/events/thirsty-thursday-the-hill-tickets-67RLPH?ref=ticketmaster,CV377NS,52.14988,-1.62997
27/02/2026,Ben Fogle: Wild,20:00:00,"The Regal, Evesham",Miscellaneous,Evesham,G5vHZbiY_4Vx8,https://www.ticketmaster.co.uk/ben-fogle-wild-evesham-27-02-2026/event/1F0062CC19574890,WR11 3LD,52.091092,-1.940798
12/03/2026,Atmos Bloom,19:30:00,Sunflower Lounge,Music,Birmingham,LvZ18QGssw72ikOZnSj5N,https://www.universe.com/events/atmos-bloom-tickets-2VBQ76?ref=ticketmaster,B5 4EG,52.47634,-1.89772
12/03/2026,Zoltan Kaszas,19:00:00,Glee Club,Arts & Theatre,Birmingham,G5vHZbcezkwkK,https://www.ticketmaster.co.uk/zoltan-kaszas-birmingham-12-03-2026/event/1F0062D0B81B2193,B5 4TD,52.474541,-1.89662
13/03/2026,The Painting,19:30:00,"The Victoria, Birmingham",Music,Birmingham,LvZ18Q1N1w-l3-YZIKZA5,https://www.universe.com/events/the-painting-tickets-TH6QGX?ref=ticketmaster,B1 1BN,52.476568,-1.900914
13/03/2026,sombr: The Late Nights & Young Romance Tour,19:00:00,O2 Academy Birmingham,Music,Birmingham,G5dzZbmOv_eAY,https://www.ticketmaster.co.uk/sombr-the-late-nights-young-romance-birmingham-13-03-2026/event/3E0062E801642170,B1 1DB,52.473277,-1.900215
13/03/2026,Bodysnatcher & Ingested,18:30:00,Asylum Bar and Venue,Unknown,Birmingham,LvZ18Q2qA4kr-aYZlK48B,https://www.universe.com/events/bodysnatcher-ingested-tickets-5NS0L3?ref=ticketmaster,B19 3LS,52.488445,-1.902404
13/03/2026,The Terrys,19:00:00,O2 Institute3 Birmingham,Music,Birmingham,G5dzZbzO1LBrm,https://www.ticketmaster.co.uk/the-terrys-birmingham-13-03-2026/event/3E0063880A7FA7AE,B5 6DY,52.475756,-1.887562
13/03/2026,Dave - the Boy Who Played the Harp Tour,19:00:00,Utilita Arena Birmingham,Music,Birmingham,16eGZbVJpG7Do6K,https://www.ticketmaster.co.uk/dave-the-boy-who-played-the-birmingham-13-03-2026/event/2300634996ED11D3,B1 2AA,52.479932,-1.914924
13/03/2026,Haunted House Presents: Savage Ga$p & KAMAARA + Grim Salvo,19:30:00,Birmingham Dead Wax,Music,Birmingham,G5vHZ_eBBDNci,https://www.ticketmaster.co.uk/haunted-house-presents-savage-gap-kamaara-birmingham-13-03-2026/event/1F00642EBAEE3B6C,B9 4ED,52.475101,-1.8792
14/03/2026,THOMAS ATLAS & BONNYLOU MATINEE Jam House BIRMINGHAM Sat 14th MAR 26,14:00:00,The Jam House Birmingham,Unknown,Birmingham,LvZ18Qokcy6XfuZZ0exwc,https://www.universe.com/events/thomas-atlas-bonnylou-matinee-jam-house-birmingham-sat-14th-mar-26-tickets-M6WYSH?ref=ticketmaster,B3 1QU,52.48509613,-1.904386
14/03/2026,Audrey Hobert,19:00:00,O2 Academy2 Birmingham,Music,Birmingham,G5dzZbww5vOxo,https://www.ticketmaster.co.uk/audrey-hobert-birmingham-14-03-2026/event/3E00632C8B060891,B1 1DB,52.47406,-1.89955
14/03/2026,Nathan Carter & His Band,19:30:00,Symphony Hall,Music,Birmingham,G5vHZbiC-1ovi,https://www.ticketmaster.co.uk/nathan-carter-his-band-birmingham-14-03-2026/event/1F0062C3A129106C,B1 2EA,52.478877,-1.910803
14/03/2026,Scouting For Girls,19:00:00,O2 Academy Birmingham,Music,Birmingham,G5dzZbIGbv-J-,https://www.ticketmaster.co.uk/scouting-for-girls-birmingham-14-03-2026/event/3E006283180619A1,B1 1DB,52.473277,-1.900215
14/03/2026,Kasenebo,19:00:00,O2 Institute3 Birmingham,Music,Birmingham,G5dzZ_7fAJF3u,https://www.ticketmaster.co.uk/kasenebo-birmingham-14-03-2026/event/3E0064450598848D,B5 6DY,52.475756,-1.887562
14/03/2026,RNB VS Garage,17:30:00,O2 Institute2 Birmingham,Music,Birmingham,G5dzZbVTFi4Ye,https://www.ticketmaster.co.uk/rnb-vs-garage-birmingham-14-03-2026/event/3E00634FC8B15C02,B5 6DY,52.475756,-1.887562
14/03/2026,Bleed From Within,19:00:00,O2 Institute Birmingham,Music,Birmingham,G5dzZbVlN0aVN,https://www.ticketmaster.co.uk/bleed-from-within-birmingham-14-03-2026/event/3E00634AE3909D23,B5 6DY,52.475756,-1.887562
15/03/2026,Chris McCausland: Yonks!,20:00:00,The Alexandra,Arts & Theatre,Birmingham,1AUZkkdGkdpjerl,https://www.ticketmaster.co.uk/chris-mccausland-yonks-birmingham-15-03-2026/event/36006183D67027AB,B5 4DS,52.476145,-1.901239
15/03/2026,Northern Soul Orchestrated,18:30:00,Symphony Hall,Music,Birmingham,G5vHZbs5j_xM-,https://www.ticketmaster.co.uk/northern-soul-orchestrated-birmingham-15-03-2026/event/1F006312DC662DE1,B1 2EA,52.478877,-1.910803
15/03/2026,Del Water Gap,19:00:00,O2 Institute Birmingham,Music,Birmingham,G5dzZbVMUbJH-,https://www.ticketmaster.co.uk/del-water-gap-birmingham-15-03-2026/event/3E00634DF6626F21,B5 6DY,52.475756,-1.887562
15/03/2026,Benson Boone: American Heart Tour,18:30:00,Utilita Arena Birmingham,Music,Birmingham,17FYvxG65wcNZD2,https://www.ticketmaster.co.uk/benson-boone-american-heart-tour-birmingham-15-03-2026/event/230062BCAD8C0ECF,B1 2AA,52.479932,-1.914924
16/03/2026,Sigrid - There's Always More That I Could Say. Tour,19:00:00,O2 Academy Birmingham,Music,Birmingham,G5dzZbVJP6AqS,https://www.ticketmaster.co.uk/sigrid-theres-always-more-that-i-birmingham-16-03-2026/event/3E006349A51C5773,B1 1DB,52.473277,-1.900215
17/03/2026,Waterparks,19:00:00,O2 Academy Birmingham,Music,Birmingham,G5dzZbMKGS9Mj,https://www.ticketmaster.co.uk/waterparks-birmingham-17-03-2026/event/3E006374CCCD7DDC,B1 1DB,52.473277,-1.900215
18/03/2026,DIRT ROAD BAND - Performing  Live - Jam House 18th March 2026 Birmingham,18:00:00,The Jam House Birmingham,Unknown,Birmingham,LvZ18Q4LCiJiLyOZ046x4,https://www.universe.com/events/dirt-road-band-performing-live-jam-house-18th-march-2026-birmingham-tickets-TML7QD?ref=ticketmaster,B3 1QU,52.48509613,-1.904386
18/03/2026,Shane Todd: Hold Me Back,18:30:00,Glee Club,Arts & Theatre,Birmingham,G5vHZbc2BIVMo,https://www.ticketmaster.co.uk/shane-todd-hold-me-back-birmingham-18-03-2026/event/1F0062D3FAA34DD1,B5 4TD,52.474541,-1.89662
18/03/2026,Dungeon Crawler Carl,19:00:00,Glee Club,Arts & Theatre,Birmingham,G5vHZbsnW4-tj,https://www.ticketmaster.co.uk/dungeon-crawler-carl-birmingham-18-03-2026/event/1F00631ABD561A5C,B5 4TD,52.474541,-1.89662
18/03/2026,THRICE,19:00:00,O2 Institute Birmingham,Music,Birmingham,G5dzZbYDJ3sVF,https://www.ticketmaster.co.uk/thrice-birmingham-18-03-2026/event/3E00630EE64B1D08,B5 6DY,52.475756,-1.887562
19/03/2026,Polite Bureaux,19:30:00,"The Victoria, Birmingham",Unknown,Birmingham,LvZ18Q9VOJSnfsZZyL7vm,https://www.universe.com/events/polite-bureaux-tickets-SGB4F6?ref=ticketmaster,B1 1BN,52.476568,-1.900914
19/03/2026,ODYSSEY Performing LIVE Thu 19 March 2026 The Jam House Birmingham,18:00:00,The Jam House Birmingham,Music,Birmingham,LvZ18Q3vJmsQLkZZVB9Lj,https://www.universe.com/events/odyssey-performing-live-thu-19-march-2026-the-jam-house-birmingham-tickets-8Y5M0J?ref=ticketmaster,B3 1QU,52.48509613,-1.904386
19/03/2026,Ari Abdul,19:00:00,O2 Academy2 Birmingham,Music,Birmingham,G5dzZbUK069Dm,https://www.ticketmaster.co.uk/ari-abdul-birmingham-19-03-2026/event/3E006364E41D7EEE,B1 1DB,52.47406,-1.89955
19/03/2026,Ross Noble: Cranium Of Curiosities,20:00:00,Symphony Hall,Arts & Theatre,Birmingham,G5vHZbbCo6OxD,https://www.ticketmaster.co.uk/ross-noble-cranium-of-curiosities-birmingham-19-03-2026/event/1F006183911E08BB,B1 2EA,52.478877,-1.910803
20/03/2026,Ray Heart,19:30:00,Sunflower Lounge,Music,Birmingham,LvZ18Q41foR4vjOZyJq3j,https://www.universe.com/events/ray-heart-tickets-6JC07H?ref=ticketmaster,B5 4EG,52.47634,-1.89772
20/03/2026,Chesney Hawkes,19:00:00,O2 Academy2 Birmingham,Music,Birmingham,G5dzZblm8Y-vh,https://www.ticketmaster.co.uk/chesney-hawkes-birmingham-20-03-2026/event/3E0062BB90C2105B,B1 1DB,52.47406,-1.89955
20/03/2026,10cc and Another Bloody Greatest Hits Tour,19:30:00,Symphony Hall,Music,Birmingham,G5vHZbsJrPOl7,https://www.ticketmaster.co.uk/10cc-and-another-bloody-greatest-hits-birmingham-20-03-2026/event/1F0063199E960AC4,B1 2EA,52.478877,-1.910803
20/03/2026,Stiff Little Fingers,19:00:00,O2 Academy Birmingham,Music,Birmingham,G5dzZbSta-RxE,https://www.ticketmaster.co.uk/stiff-little-fingers-birmingham-20-03-2026/event/3E00633A4986F8A7,B1 1DB,52.473277,-1.900215
20/03/2026,Samm Henshaw - IT COULD BE WORSE,19:00:00,O2 Institute3 Birmingham,Music,Birmingham,G5dzZbgLy6yhB,https://www.ticketmaster.co.uk/samm-henshaw-it-could-be-worse-birmingham-20-03-2026/event/3E006357F91F96FA,B5 6DY,52.475756,-1.887562
20/03/2026,Dr. Jordan B. Peterson: An Evening to Transform Your Life,18:00:00,Utilita Arena Birmingham,Miscellaneous,Birmingham,1ANZkakGke-JZ-T,https://www.ticketmaster.co.uk/dr-jordan-b-peterson-an-evening-birmingham-20-03-2026/event/23006246A198087F,B1 2AA,52.479932,-1.914924
21/03/2026,Paul Draper,19:00:00,O2 Academy2 Birmingham,Music,Birmingham,G5dzZbMEMVBNx,https://www.ticketmaster.co.uk/paul-draper-birmingham-21-03-2026/event/3E006379F7D3A8E2,B1 1DB,52.47406,-1.89955
21/03/2026,Just the Tonic Angelos Epithemiou Special - Birmingham,20:00:00,Rosies,Arts & Theatre,Birmingham ,LvZ18Qb7ioHCT28ZltDic,https://www.universe.com/events/just-the-tonic-angelos-epithemiou-special-birmingham-tickets-0HR3N9?ref=ticketmaster,B1 2HF ,52.477306,-1.911101
21/03/2026,The Feeling: 20th Anniversary of '12 Stops and Home',19:00:00,O2 Institute Birmingham,Music,Birmingham,G5dzZbc8U-ePb,https://www.ticketmaster.co.uk/the-feeling-20th-anniversary-of-12-birmingham-21-03-2026/event/3E0062D436842958,B5 6DY,52.475756,-1.887562
21/03/2026,ASH XO Soulful House Day Party,14:00:00,O2 Institute3 Birmingham,Music,Birmingham,G5dzZbge0F7eu,https://www.ticketmaster.co.uk/ash-xo-soulful-house-day-party-birmingham-21-03-2026/event/3E006350A420408D,B5 6DY,52.475756,-1.887562
21/03/2026,Ekoh,19:00:00,O2 Institute2 Birmingham,Music,Birmingham,G5dzZbwEc-smV,https://www.ticketmaster.co.uk/ekoh-birmingham-21-03-2026/event/3E006329ED871BB4,B5 6DY,52.475756,-1.887562
21/03/2026,Glamour of The Kill,18:00:00,Mama Roux's,Music,Birmingham,LvZ18QuOG0Pysd8Zl6njv,https://www.universe.com/events/glamour-of-the-kill-tickets-ZS8HNV?ref=ticketmaster,B9 4AG,52.475166,-1.881852
22/03/2026,The Real Queens Of Bollywood – Birmingham,19:00:00,Glee Club,Music,Birmingham,LvZ18Qf1B3TeJIZZle0bF,https://www.universe.com/events/the-real-queens-of-bollywood-birmingham-tickets-TKV5F2?ref=ticketmaster,B5 4TD,52.474541,-1.89662
22/03/2026,Crystal Lake & Miss May I,19:00:00,O2 Academy2 Birmingham,Music,Birmingham,G5dzZbMGhygko,https://www.ticketmaster.co.uk/crystal-lake-miss-may-i-birmingham-22-03-2026/event/3E0063731BE75191,B1 1DB,52.47406,-1.89955
22/03/2026,The Cribs,19:00:00,O2 Institute Birmingham,Music,Birmingham,G5dzZbYMe5v1W,https://www.ticketmaster.co.uk/the-cribs-birmingham-22-03-2026/event/3E00630DC22C12BD,B5 6DY,52.475756,-1.887562
22/03/2026,Crystal Tides,19:00:00,O2 Institute3 Birmingham,Music,Birmingham,G5dzZbgqkGr9C,https://www.ticketmaster.co.uk/crystal-tides-birmingham-22-03-2026/event/3E0063574631E5CE,B5 6DY,52.475756,-1.887562
22/03/2026,Remy Bond,19:00:00,O2 Institute2 Birmingham,Music,Birmingham,G5dzZbgyCx-7o,https://www.ticketmaster.co.uk/remy-bond-birmingham-22-03-2026/event/3E00635E4E8A1111,B5 6DY,52.475756,-1.887562
22/03/2026,Birmingham Panthers V Manchester Thunder,15:00:00,Utilita Arena Birmingham,Sports,Birmingham,1AeGZbzGknlPvhq,https://www.eticketing.co.uk/birminghampanthers/EDP/Event/Index/38?utm_source=Ticketmaster&utm_medium=Shell-Event&utm_campaign=cl:B-panthers-chl:Shell-Event-v.M,B1 2AA,52.479932,-1.914924
24/03/2026,Holly Humberstone,19:00:00,O2 Academy2 Birmingham,Music,Birmingham,G5dzZ_dVgFbX4,https://www.ticketmaster.co.uk/holly-humberstone-birmingham-24-03-2026/event/3E00643D35218F95,B1 1DB,52.47406,-1.89955
24/03/2026,Rifle,19:00:00,Birmingham Flapper,Music,Birmingham,LvZ18Q9w0dYbUYYZwuWaG,https://www.universe.com/events/rifle-tickets-JGTNSZ?ref=ticketmaster,B1 2NU,52.480185,-1.912465
24/03/2026,Odeal - the Shows That Saved Us Tour,19:00:00,O2 Institute Birmingham,Music,Birmingham,G5dzZbMKAE9jz,https://www.ticketmaster.co.uk/odeal-the-shows-that-saved-us-birmingham-24-03-2026/event/3E006374C59D7738,B5 6DY,52.475756,-1.887562
25/03/2026,Jason Fox: Embrace The Chaos,19:30:00,Town Hall Birmingham,Miscellaneous,Birmingham,G5vHZbRD9ZwpT,https://www.ticketmaster.co.uk/jason-fox-embrace-the-chaos-birmingham-25-03-2026/event/1F0062FED70325BF,B3 3DQ,52.479447,-1.903587
25/03/2026,Ray Bradshaw: CODA,18:45:00,Glee Club,Arts & Theatre,Birmingham,G5vHZbIBTrNpG,https://www.ticketmaster.co.uk/ray-bradshaw-coda-birmingham-25-03-2026/event/1F00628EBF7A358C,B5 4TD,52.474541,-1.89662
25/03/2026,Alasdair Beckett-King: King of Crumbs,19:15:00,Glee Club,Arts & Theatre,Birmingham,G5vHZbVlXQ_8B,https://www.ticketmaster.co.uk/alasdair-beckettking-king-of-crumbs-birmingham-25-03-2026/event/1F00634AFE69943A,B5 4TD,52.474541,-1.89662
25/03/2026,Madball,18:30:00,Asylum,Music,Birmingham,LvZ18Q9bAGyx6cZZw--0u,https://www.universe.com/events/madball-tickets-FP7CWY?ref=ticketmaster,B19 3LS,52.488445,-1.902404
26/03/2026,AtticOmatic,19:30:00,"The Victoria, Birmingham",Music,Birmingham,LvZ18Q41ox8epH8Z0itt1,https://www.universe.com/events/atticomatic-tickets-4CFPLZ?ref=ticketmaster,B1 1BN,52.476568,-1.900914
26/03/2026,Kofi Stone,19:00:00,O2 Academy2 Birmingham,Music,Birmingham,G5dzZbM69GE2J,https://www.ticketmaster.co.uk/kofi-stone-birmingham-26-03-2026/event/3E006371D73273E6,B1 1DB,52.47406,-1.89955
26/03/2026,Kenny Thomas,19:30:00,Symphony Hall,Music,Birmingham,G5vHZblhSMSiW,https://www.ticketmaster.co.uk/kenny-thomas-birmingham-26-03-2026/event/1F0062B6F3DF3B3D,B1 2EA,52.478877,-1.910803
26/03/2026,Leon Thomas,19:00:00,O2 Academy Birmingham,Music,Birmingham,G5dzZbihncs7G,https://www.ticketmaster.co.uk/leon-thomas-birmingham-26-03-2026/event/3E0062C6EAB7110C,B1 1DB,52.473277,-1.900215
26/03/2026,Aston Merrygold,19:00:00,O2 Institute2 Birmingham,Music,Birmingham,G5dzZbMiMHdD4,https://www.ticketmaster.co.uk/aston-merrygold-birmingham-26-03-2026/event/3E00637B37F03ED5,B5 6DY,52.475756,-1.887562
27/03/2026,October London - The Love Language Tour - Birmingham,19:00:00,O2 Academy 2 Birmingham,Music,Birmingham,LvZ18Q4HbqXGx6YZlzJ-J,https://www.universe.com/events/october-london-the-love-language-tour-birmingham-tickets-0468FN?ref=ticketmaster,B4 7LS,52.48067,-1.894279
27/03/2026,La Traviata - Ellen Kents Farewell Opera Tour,19:30:00,The Alexandra,Arts & Theatre,Birmingham,17uOvxG62EcWvTc,https://www.ticketmaster.co.uk/la-traviata-ellen-kents-farewell-opera-birmingham-27-03-2026/event/360062F9EDF41FED,B5 4DS,52.476145,-1.901239
27/03/2026,October London - The Love Language Tour,19:00:00,O2 Academy2 Birmingham,Music,Birmingham,G5dzZbzwKPdlJ,https://www.ticketmaster.co.uk/october-london-the-love-language-tour-birmingham-27-03-2026/event/3E00638C93943AE6,B1 1DB,52.47406,-1.89955
27/03/2026,THE 9075,19:00:00,Asylum Bar and Venue,Music,Birmingham,17GOvxG6un2B-kQ,https://www.ticketweb.uk/event/the-9075-asylum-tickets/13842524?REFERRAL_ID=tmfeed,B19 3LS,52.488445,-1.902404
27/03/2026,"Mobb Deep ft Havoc, Big Noyd &DJ L.E.S Live in Birmingham",19:00:00,O2 Institute2 Birmingham,Music,Birmingham,G5dzZbIEx7s2r,https://www.ticketmaster.co.uk/mobb-deep-ft-havoc-big-noyd-birmingham-27-03-2026/event/3E006289E21313DE,B5 6DY,52.475756,-1.887562
28/03/2026,Carmen - Ellen Kents Farewell Opera Tour,19:30:00,The Alexandra,Arts & Theatre,Birmingham,17uOvxG62BMLomf,https://www.ticketmaster.co.uk/carmen-ellen-kents-farewell-opera-tour-birmingham-28-03-2026/event/360062FEB77D1B94,B5 4DS,52.476145,-1.901239
28/03/2026,Ferocious Dog,19:00:00,O2 Academy2 Birmingham,Music,Birmingham,G5dzZbM7YlWlN,https://www.ticketmaster.co.uk/ferocious-dog-birmingham-28-03-2026/event/3E00637130AFDAE3,B1 1DB,52.47406,-1.89955
28/03/2026,Foil Arms & Hog - Skittish,19:30:00,Symphony Hall,Arts & Theatre,Birmingham,G5vHZbJfUfwzo,https://www.ticketmaster.co.uk/foil-arms-hog-skittish-birmingham-28-03-2026/event/1F00626536532E11,B1 2EA,52.478877,-1.910803
28/03/2026,Echo and the Bunnymen - More Songs To Learn and Sing,19:00:00,O2 Academy Birmingham,Music,Birmingham,G5dzZbwR54vKy,https://www.ticketmaster.co.uk/echo-and-the-bunnymen-more-songs-birmingham-28-03-2026/event/3E00632BCB5414F9,B1 1DB,52.473277,-1.900215
28/03/2026,The Lost,19:00:00,O2 Institute3 Birmingham,Music,Birmingham,G5dzZ_7QS6JGb,https://www.ticketmaster.co.uk/the-lost-birmingham-28-03-2026/event/3E006446B31E6318,B5 6DY,52.475756,-1.887562
28/03/2026,DJ Nate Blackout Birmingham,21:00:00,O2 Institute Birmingham,Music,Birmingham,G5dzZ_dnz8K8m,https://www.ticketmaster.co.uk/dj-nate-blackout-birmingham-birmingham-28-03-2026/event/3E00643AB841342E,B5 6DY,52.475756,-1.887562
28/03/2026,Callum Beattie,19:00:00,O2 Institute2 Birmingham,Music,Birmingham,G5dzZbw-khwgT,https://www.ticketmaster.co.uk/callum-beattie-birmingham-28-03-2026/event/3E006328466F2D7F,B5 6DY,52.475756,-1.887562
29/03/2026,"◀◀ Rewind : The Journey of Soul, R&B and UK Garage – Birmingham",18:15:00,Glee Club,Music,Birmingham,LvZ18Q6q08sbWx8ZlNe2J,https://www.universe.com/events/rewind-the-journey-of-soul-r-b-and-uk-garage-birmingham-tickets-091ZD6?ref=ticketmaster,B5 4TD,52.474541,-1.89662
29/03/2026,"◀◀ Rewind : The Journey of Soul, R&B and UK Garage Live! – Birmingham",19:00:00,Glee Club,Music,Birmingham,LvZ18Q91h2EiK18Z0TF18,https://www.universe.com/events/rewind-the-journey-of-soul-r-b-and-uk-garage-live-birmingham-tickets-ZSK0FG?ref=ticketmaster,B5 4TD,52.474541,-1.89662
29/03/2026,Jeff Dunham - Artificial Intelligence,18:30:00,Utilita Arena Birmingham,Arts & Theatre,Birmingham,1kFYvNj8GA53oTk,https://www.ticketmaster.co.uk/jeff-dunham-artificial-intelligence-birmingham-29-03-2026/event/230063710B491FC6,B1 2AA,52.479932,-1.914924
30/03/2026,Infected Rain & Butcher Babies - Mutation Phase in Europe Tour,19:00:00,O2 Institute2 Birmingham,Music,Birmingham,G5dzZbVb6c533,https://www.ticketmaster.co.uk/infected-rain-butcher-babies-mutation-phase-birmingham-30-03-2026/event/3E00634607B4B492,B5 6DY,52.475756,-1.887562
31/03/2026,Mario Adrion: the Superior Comedy Tour,19:30:00,Glee Club,Arts & Theatre,Birmingham,G5vHZbMY7yh0Q,https://www.ticketmaster.co.uk/mario-adrion-the-superior-comedy-tour-birmingham-31-03-2026/event/1F00637C04E5B91A,B5 4TD,52.474541,-1.89662
31/03/2026,Spider-Man: No Way Home - Live In Concert,19:30:00,Symphony Hall,Film,Birmingham,G5vHZbsmbMZTA,https://www.ticketmaster.co.uk/spiderman-no-way-home-live-in-birmingham-31-03-2026/event/1F00631B98DC0FC5,B1 2EA,52.478877,-1.910803
31/03/2026,Spider-Man: Into the Spider-Verse - Live In Concert,19:30:00,Symphony Hall,Arts & Theatre,Birmingham,G5vHZbzINSt2n,https://www.ticketmaster.co.uk/spiderman-into-the-spiderverse-live-in-birmingham-31-03-2026/event/1F00638A23CE93EA,B1 2EA,52.478877,-1.910803
31/03/2026,5 Seconds of Summer,18:00:00,Utilita Arena Birmingham,Music,Birmingham,1ANZkupGkdJqs6E,https://www.ticketmaster.co.uk/5-seconds-of-summer-birmingham-31-03-2026/event/23006356E67711E7,B1 2AA,52.479932,-1.914924
02/04/2026,The New Romantics 80s Experience April 2026 Birmingham Jam House Live,18:00:00,The Jam House Birmingham,Arts & Theatre,Birmingham,LvZ18QCNn9J_8FOZlbA4r,https://www.universe.com/events/the-new-romantics-80s-experience-april-2026-birmingham-jam-house-live-tickets-690LNC?ref=ticketmaster,B3 1QU,52.48509613,-1.904386
03/04/2026,Aries Spears: EuroTrip,20:00:00,Town Hall Birmingham,Arts & Theatre,Birmingham,G5vHZbgULSk2e,https://www.ticketmaster.co.uk/aries-spears-eurotrip-birmingham-03-04-2026/event/1F00635D9FCC63C2,B3 3DQ,52.479447,-1.903587
03/04/2026,Brooke Combe,19:00:00,O2 Academy2 Birmingham,Music,Birmingham,G5dzZbUb6ui4m,https://www.ticketmaster.co.uk/brooke-combe-birmingham-03-04-2026/event/3E0063660736C56E,B1 1DB,52.47406,-1.89955
03/04/2026,Rise Of The MC,22:00:00,O2 Institute Birmingham,Music,Birmingham,G5dzZ_eXzZfC2,https://www.ticketmaster.co.uk/rise-of-the-mc-birmingham-03-04-2026/event/3E00642FB801438F,B5 6DY,52.475756,-1.887562
03/04/2026,James 2026 - Love is the Answer,18:00:00,Utilita Arena Birmingham,Music,Birmingham,1ANZkukGkeRH-7O,https://www.ticketmaster.co.uk/james-2026-love-is-the-answer-birmingham-03-04-2026/event/23006346AFF21120,B1 2AA,52.479932,-1.914924
03/04/2026,"Letters to Lions | Birmingham, Dead Wax",19:00:00,Dead Wax,Music,Birmingham,LvZ18Q9dHNUaRHZZYPVIe,https://www.universe.com/events/letters-to-lions-birmingham-dead-wax-tickets-0F865L?ref=ticketmaster,B9 4ED,52.47494,-1.879581
04/04/2026,Happy Mondays,19:00:00,O2 Academy Birmingham,Music,Birmingham,G5dzZbs9t0sV8,https://www.ticketmaster.co.uk/happy-mondays-birmingham-04-04-2026/event/3E006315E9931D10,B1 1DB,52.473277,-1.900215
04/04/2026,Britney vs Gaga - The Club Night,20:00:00,O2 Institute2 Birmingham,Music,Birmingham,G5dzZ_eD_e0UP,https://www.ticketmaster.co.uk/britney-vs-gaga-the-club-night-birmingham-04-04-2026/event/3E00642ED90A4DA5,B5 6DY,52.475756,-1.887562
04/04/2026,Richard Ashcroft,18:00:00,Utilita Arena Birmingham,Music,Birmingham,1ANZkG6Gkd8AOYi,https://www.ticketmaster.co.uk/richard-ashcroft-birmingham-04-04-2026/event/23006307D0160C2C,B1 2AA,52.479932,-1.914924
04/04/2026,Forward Live Festival 2026,14:00:00,Dead Wax,Unknown,Birmingham,LvZ18Q9ajtgGj5YZyd-qq,https://www.universe.com/events/forward-live-festival-2026-tickets-3BW8RH?ref=ticketmaster,B9 4ED,52.47494,-1.879581
05/04/2026,Stoodi Bakers,15:00:00,O2 Institute Birmingham,Music,Birmingham,G5dzZbRbYg-tl,https://www.ticketmaster.co.uk/stoodi-bakers-birmingham-05-04-2026/event/3E0062F630D61A6B,B5 6DY,52.475756,-1.887562
07/04/2026,Boss Cass,19:30:00,"The Victoria, Birmingham",Unknown,Birmingham,LvZ18Qb05o1kZb8ZwulIQ,https://www.universe.com/events/boss-cass-tickets-F3S5DK?ref=ticketmaster,B1 1BN,52.476568,-1.900914
07/04/2026,Olive Jones,19:00:00,Sunflower Lounge,Music,Birmingham,G5vHZbVXu6feH,https://www.ticketmaster.co.uk/olive-jones-birmingham-07-04-2026/event/1F00634F8D1D40BC,B5 4EG,52.47634,-1.89772
07/04/2026,Jessie J,18:30:00,Symphony Hall,Music,Birmingham,G5vHZbnU-hocL,https://www.ticketmaster.co.uk/jessie-j-birmingham-07-04-2026/event/1F0062ADA16D1B5F,B1 2EA,52.478877,-1.910803
07/04/2026,The Awakening,19:00:00,Asylum Bar and Venue,Music,Birmingham,1AdFZbzGkXzix3G,https://www.ticketweb.uk/event/the-awakening-asylum-tickets/14002084?REFERRAL_ID=tmfeed,B19 3LS,52.488445,-1.902404
07/04/2026,Basht.,19:00:00,O2 Institute3 Birmingham,Music,Birmingham,G5dzZbz33nVvP,https://www.ticketmaster.co.uk/basht-birmingham-07-04-2026/event/3E00638492AB4065,B5 6DY,52.475756,-1.887562
07/04/2026,Gabby's Dollhouse Live!,13:30:00,Utilita Arena Birmingham,Arts & Theatre,Birmingham,1ANZkC7GkeN_omp,https://www.ticketmaster.co.uk/gabbys-dollhouse-live-birmingham-07-04-2026/event/23006384A3651B96,B1 2AA,52.479932,-1.914924
07/04/2026,Gabby's Dollhouse Live!,10:00:00,Utilita Arena Birmingham,Arts & Theatre,Birmingham,1ANZkC7GkeNbsmf,https://www.ticketmaster.co.uk/gabbys-dollhouse-live-birmingham-07-04-2026/event/23006384A3631B94,B1 2AA,52.479932,-1.914924
08/04/2026,Femur,19:30:00,"The Victoria, Birmingham",Music,Birmingham,LvZ18Q9VIq6D_4ZZlg7bB,https://www.universe.com/events/femur-tickets-SWRZQX?ref=ticketmaster,B1 1BN,52.476568,-1.900914
08/04/2026,Soul Acoustic Uk Tour,01:00:00,Glee Club,Music,Birmingham,16wZAeF1ZZA5uk17,http://www.ticketweb.co.uk/checkout/event.php?eventId=228513&camefrom=TW_TICKETMASTER_TMLISTINGS,B5 4TD,52.474541,-1.89662
08/04/2026,Clara La San,19:30:00,XOYO Birmingham,Music,Birmingham,G5vHZbzNSE9G1,https://www.ticketmaster.co.uk/clara-la-san-birmingham-08-04-2026/event/1F006388F39D730A,B94AG,52.47501827,-1.88087599
09/04/2026,For The Love Of Rugby,19:00:00,Town Hall Birmingham,Arts & Theatre,Birmingham,G5vHZbgMg-yjp,https://www.ticketmaster.co.uk/for-the-love-of-rugby-birmingham-09-04-2026/event/1F00635DF5879716,B3 3DQ,52.479447,-1.903587
09/04/2026,Blacktop Mojo Texas Checkmate,19:00:00,O2 Institute2 Birmingham,Music,Birmingham,G5dzZbz6PT_vQ,https://www.ticketmaster.co.uk/blacktop-mojo-texas-checkmate-birmingham-09-04-2026/event/3E006381E5FD905A,B5 6DY,52.475756,-1.887562
10/04/2026,Imelda May,19:00:00,Town Hall Birmingham,Music,Birmingham,G5vHZbzpejfFf,https://www.ticketmaster.co.uk/imelda-may-birmingham-10-04-2026/event/1F00638582714214,B3 3DQ,52.479447,-1.903587
10/04/2026,Black Foxxes,19:30:00,Actress and Bishop,Music,Birmingham ,LvZ18QKUo4KEZRYZybsjc,https://www.universe.com/events/black-foxxes-tickets-D0MCF9?ref=ticketmaster,B3 1EH,52.4844,-1.90469
10/04/2026,The Upshot Live,18:15:00,Glee Club,Arts & Theatre,Birmingham,G5vHZbMpYuUIc,https://www.ticketmaster.co.uk/the-upshot-live-birmingham-10-04-2026/event/1F006375B0376A2D,B5 4TD,52.474541,-1.89662
10/04/2026,Tori Amos,19:30:00,Symphony Hall,Music,Birmingham,G5vHZbVa2BjCr,https://www.ticketmaster.co.uk/tori-amos-birmingham-10-04-2026/event/1F0063424FE9C39E,B1 2EA,52.478877,-1.910803
10/04/2026,Cat Burns,19:00:00,O2 Academy Birmingham,Music,Birmingham,G5dzZbgXfVfjC,https://www.ticketmaster.co.uk/cat-burns-birmingham-10-04-2026/event/3E00635F94D1470E,B1 1DB,52.473277,-1.900215
10/04/2026,Idlewild,19:00:00,O2 Institute Birmingham,Music,Birmingham,G5dzZ_dKmLVbv,https://www.ticketmaster.co.uk/idlewild-birmingham-10-04-2026/event/3E006434EE7F4601,B5 6DY,52.475756,-1.887562
10/04/2026,The Kairos,19:00:00,O2 Institute3 Birmingham,Music,Birmingham,G5dzZbzK8DEr7,https://www.ticketmaster.co.uk/the-kairos-birmingham-10-04-2026/event/3E006384D0EE7784,B5 6DY,52.475756,-1.887562
10/04/2026,The Rosadocs,19:30:00,Mama Roux's,Music,Birmingham,G5vHZbw2I8SHC,https://www.ticketmaster.co.uk/the-rosadocs-birmingham-10-04-2026/event/1F006323E8433F0E,B9 4AG,52.475166,-1.881852
11/04/2026,The Flints,19:30:00,Sunflower Lounge,Music,Birmingham,G5vHZ_dzq8noT,https://www.ticketmaster.co.uk/the-flints-birmingham-11-04-2026/event/1F00643E1D42A47F,B5 4EG,52.47634,-1.89772
11/04/2026,Moving Pictures  ( A Tribute to the music of Rush ),19:00:00,O2 Academy2 Birmingham,Music,Birmingham,G5dzZbsVk3d7Q,https://www.ticketmaster.co.uk/moving-pictures-a-tribute-to-the-birmingham-11-04-2026/event/3E00631D0648311A,B1 1DB,52.47406,-1.89955
11/04/2026,Aries,19:00:00,O2 Institute2 Birmingham,Music,Birmingham,G5dzZbzkyyUAH,https://www.ticketmaster.co.uk/aries-birmingham-11-04-2026/event/3E006381B9E7617C,B5 6DY,52.475756,-1.887562
11/04/2026,Protoje,19:00:00,O2 Institute Birmingham,Music,Birmingham,G5dzZbzlmQJ5p,https://www.ticketmaster.co.uk/protoje-birmingham-11-04-2026/event/3E00638AEE6A62D6,B5 6DY,52.475756,-1.887562
11/04/2026,Hot Wheels Monster Trucks Live - Glow-N-Fire,18:30:00,Utilita Arena Birmingham,Sports,Birmingham,1AeGZbsGkn_R8YB,https://www.ticketmaster.co.uk/hot-wheels-monster-trucks-live-glownfire-birmingham-11-04-2026/event/2300631A99BD0C3A,B1 2AA,52.479932,-1.914924
11/04/2026,Hot Wheels Monster Trucks Live - Glow-N-Fire,11:30:00,Utilita Arena Birmingham,Sports,Birmingham,1AeGZbsGkn_RZRz,https://www.ticketmaster.co.uk/hot-wheels-monster-trucks-live-glownfire-birmingham-11-04-2026/event/2300631A99BC0BF8,B1 2AA,52.479932,-1.914924
11/04/2026,Lusaint,19:00:00,Mama Roux's,Music,Birmingham,G5vHZbUBwo6g7,https://www.ticketmaster.co.uk/lusaint-birmingham-11-04-2026/event/1F00636EB2447D44,B9 4AG,52.475166,-1.881852
13/03/2026,Birmingham Gold Cup Lunch With John Barnes,11:00:00,Banqueting Suite (Edgbaston Cricket Ground),Sports,Birmingham,LvZ18QAVFMn0AQZZ0mKpx,https://www.universe.com/events/birmingham-gold-cup-lunch-with-john-barnes-tickets-2C6W8Z?ref=ticketmaster,B5 7QU,52.454899,-1.90448
28/03/2026,The Slater Cup at Villa Park | Gloucester Rugby V Leicester Tigers,13:00:00,Villa Park,Sports,Birmingham,1AdbZbwGkYG8e9b,https://www.eticketing.co.uk/gloucesterrugby/EDP/Event/Index/213?utm_source=Ticketmaster&utm_medium=Shell-Event&utm_campaign=cl:Gloucester-chl:Shell-Event-v.Tigers,B6 6HE,52.508486,-1.884946
12/03/2026,KiLLOWEN,19:00:00,Hare and Hounds,Music,Birmingham,G5vHZbgb4Lijy,https://www.ticketmaster.co.uk/killowen-birmingham-12-03-2026/event/1F006356157EC739,B14 7JZ,52.435854,-1.893003
23/03/2026,Madra Salach,19:00:00,Hare & Hounds,Music,Birmingham,1AwZkuPGkd3perZ,https://www.ticketweb.uk/event/madra-salach-hare-hounds-tickets/14668303?REFERRAL_ID=tmfeed,B14 7JZ,52.435644,-1.892954
25/03/2026,Geoff Norcott - Basic Bloke 2,20:00:00,"The Core Theatre, Solihull",Arts & Theatre,Solihull,G5vHZbwm1_YIs,https://www.ticketmaster.co.uk/geoff-norcott-basic-bloke-2-solihull-25-03-2026/event/1F00632B8A670A31,B81 3RG,52.41166781,-1.78003849
22/03/2026,Gorillaz,18:30:00,bp pulse LIVE,Music,Birmingham,11FYvN1_Pee_vG,https://www.ticketmaster.co.uk/gorillaz-birmingham-22-03-2026/event/230063299942099B,B401NT,52.453057,-1.720073
11/04/2026,Shreya Ghoshal,18:30:00,bp pulse LIVE,Music,Birmingham,1kFYvNqaGAGO-OH,https://www.ticketmaster.co.uk/shreya-ghoshal-birmingham-11-04-2026/event/230063749C82183C,B401NT,52.453057,-1.720073
21/03/2026,Daniel O'Reilly: Let's Have It,20:00:00,Walsall Arena and Arts Centre,Arts & Theatre,Walsall,17uYvxG62SezFYt,https://www.ticketmaster.co.uk/daniel-oreilly-lets-have-it-walsall-21-03-2026/event/370062FCC2E08C29,WS3 1AG,52.604596,-1.988734
12/03/2026,"Primal Fear, Ronnie Romero",19:00:00,KK's Steel Mill,Music,Wolverhampton,1awZkCeJ78FZe81,https://www.ticketweb.uk/event/primal-fear-ronnie-romero-kks-steel-mill-tickets/14732463?REFERRAL_ID=tmfeed,WV2 4DU,52.5786863,-2.1309853
20/03/2026,Mason Hill,19:00:00,KK's Steel Mill,Music,Wolverhampton,1AwZkuSGkesxvcl,https://www.ticketweb.uk/event/mason-hill-kks-steel-mill-tickets/14705813?REFERRAL_ID=tmfeed,WV2 4DU,52.5786863,-2.1309853
21/03/2026,"Dan Byrne, Muddibrooke, Kit Trigg",19:00:00,KK's Steel Mill,Music,Wolverhampton,1AdFZbsGkMQRx1_,https://www.ticketweb.uk/event/dan-byrne-muddibrooke-kit-trigg-kks-steel-mill-tickets/14526323?REFERRAL_ID=tmfeed,WV2 4DU,52.5786863,-2.1309853
26/03/2026,"Employed To Serve, Cage Fight",19:00:00,KK's Steel Mill,Music,Wolverhampton,1AwZku4GkdcMs5y,https://www.ticketweb.uk/event/employed-to-serve-cage-fight-kks-steel-mill-tickets/14634303?REFERRAL_ID=tmfeed,WV2 4DU,52.5786863,-2.1309853
27/03/2026,Uk Foo Fighters (Tribute),19:00:00,KK's Steel Mill,Music,Wolverhampton,1AwZkuFGkeXTsEX,https://www.ticketweb.uk/event/uk-foo-fighters-tribute-kks-steel-mill-tickets/14609623?REFERRAL_ID=tmfeed,WV2 4DU,52.5786863,-2.1309853
28/03/2026,Chop Suey + Slipnot + the Violent Inzident,18:30:00,KK's Steel Mill,Music,Wolverhampton,1AwZk1bGkdK6NXA,https://www.ticketweb.uk/event/chop-suey-slipnot-kks-steel-mill-tickets/14410353?REFERRAL_ID=tmfeed,WV2 4DU,52.5786863,-2.1309853
01/04/2026,Gnome,19:00:00,KK's Steel Mill,Music,Wolverhampton,1AdFZbMGkRtu-Mf,https://www.ticketweb.uk/event/gnome-kks-steel-mill-tickets/14726403?REFERRAL_ID=tmfeed,WV2 4DU,52.5786863,-2.1309853
09/04/2026,KILL THE LIGHTS,19:00:00,KK's Steel Mill,Music,Wolverhampton,LvZ18QbuUW-qusZZYuxQG,https://www.universe.com/events/kill-the-lights-tickets-P71Z3V?ref=ticketmaster,WV2 4DU,52.5786863,-2.1309853
11/04/2026,Mayors Fest 26 FT South of Salem,13:00:00,KK's Steel Mill,Music,Wolverhampton,1AwZkukGkd1NwMs,https://www.ticketweb.uk/event/mayors-fest-26-ft-south-kks-steel-mill-tickets/14604913?REFERRAL_ID=tmfeed,WV2 4DU,52.5786863,-2.1309853
17/03/2026,Operation Mincemeat: A New Musical,19:30:00,Wolverhampton Grand Theatre,Arts & Theatre,Wolverhampton,17uYvxG65DcspLb,https://www.ticketmaster.co.uk/operation-mincemeat-a-new-musical-wolverhampton-17-03-2026/event/370062BEEDC567D8,WV1 1DE,52.586493,-2.124205
18/03/2026,Operation Mincemeat: A New Musical,19:30:00,Wolverhampton Grand Theatre,Arts & Theatre,Wolverhampton,17uYvxG65DcsJOQ,https://www.ticketmaster.co.uk/operation-mincemeat-a-new-musical-wolverhampton-18-03-2026/event/370062BEEDC6681A,WV1 1DE,52.586493,-2.124205
18/03/2026,Operation Mincemeat: A New Musical,14:30:00,Wolverhampton Grand Theatre,Arts & Theatre,Wolverhampton,17uYvxG65DcspLi,https://www.ticketmaster.co.uk/operation-mincemeat-a-new-musical-wolverhampton-18-03-2026/event/370062BEEDC567EC,WV1 1DE,52.586493,-2.124205
19/03/2026,Operation Mincemeat: A New Musical,14:30:00,Wolverhampton Grand Theatre,Arts & Theatre,Wolverhampton,17uYvxG65DcsUOn,https://www.ticketmaster.co.uk/operation-mincemeat-a-new-musical-wolverhampton-19-03-2026/event/370062BEEDC7682A,WV1 1DE,52.586493,-2.124205
19/03/2026,Operation Mincemeat: A New Musical,19:30:00,Wolverhampton Grand Theatre,Arts & Theatre,Wolverhampton,17uYvxG65DcwpOw,https://www.ticketmaster.co.uk/operation-mincemeat-a-new-musical-wolverhampton-19-03-2026/event/370062BEEDC96832,WV1 1DE,52.586493,-2.124205
20/03/2026,Operation Mincemeat: A New Musical,19:30:00,Wolverhampton Grand Theatre,Arts & Theatre,Wolverhampton,17uYvxG65DcwJOW,https://www.ticketmaster.co.uk/operation-mincemeat-a-new-musical-wolverhampton-20-03-2026/event/370062BEEDCA683D,WV1 1DE,52.586493,-2.124205
21/03/2026,Operation Mincemeat: A New Musical,19:30:00,Wolverhampton Grand Theatre,Arts & Theatre,Wolverhampton,17uYvxG65DcSk-o,https://www.ticketmaster.co.uk/operation-mincemeat-a-new-musical-wolverhampton-21-03-2026/event/370062BEEDCC6851,WV1 1DE,52.586493,-2.124205
21/03/2026,Operation Mincemeat: A New Musical,14:30:00,Wolverhampton Grand Theatre,Arts & Theatre,Wolverhampton,17uYvxG65DcwU-k,https://www.ticketmaster.co.uk/operation-mincemeat-a-new-musical-wolverhampton-21-03-2026/event/370062BEEDCB6846,WV1 1DE,52.586493,-2.124205
22/03/2026,Ben Fogle: Wild,14:00:00,Wolverhampton Grand Theatre,Miscellaneous,Wolverhampton,17uYvxG6urrU-rU,https://www.ticketmaster.co.uk/ben-fogle-wild-wolverhampton-22-03-2026/event/370062D79EDA17B6,WV1 1DE,52.586493,-2.124205
04/04/2026,The Billy Joel Songbook,19:30:00,Wolverhampton Grand Theatre,Music,Wolverhampton,17uYvxG6urlze_Q,https://www.ticketmaster.co.uk/the-billy-joel-songbook-wolverhampton-04-04-2026/event/370062D7ABE0265A,WV1 1DE,52.586493,-2.124205
11/04/2026,Whitney Queen of the Night,19:30:00,Wolverhampton Grand Theatre,Music,Wolverhampton,16djZbUbpG7M_Pg,https://www.ticketmaster.co.uk/whitney-queen-of-the-night-wolverhampton-11-04-2026/event/3700636616DD9975,WV1 1DE,52.586493,-2.124205
23/03/2026,Ben Fogle: Wild,19:30:00,Redditch Palace Theatre,Miscellaneous,Redditch,G5vHZbcrEWwl_,https://www.ticketmaster.co.uk/ben-fogle-wild-redditch-23-03-2026/event/1F0062D7A7F72AD9,B98 8AE,52.30628833,-1.93926599
14/03/2026,Northern Soul Orchestrated,19:00:00,University of Wolverhampton at The Civic Hall,Music,Wolverhampton,G5vHZbsgDLZlt,https://www.ticketmaster.co.uk/northern-soul-orchestrated-wolverhampton-14-03-2026/event/1F00631D7B7C0AE9,WV1 1RQ,52.586653,-2.130802
19/03/2026,Kesha,19:00:00,University of Wolverhampton at The Civic Hall,Music,Wolverhampton,G5vHZblwmdfTR,https://www.ticketmaster.co.uk/kesha-wolverhampton-19-03-2026/event/1F0062BCAE0D4FEF,WV1 1RQ,52.586653,-2.130802
27/03/2026,The Brand New Heavies plus special guests Galliano,19:00:00,University of Wolverhampton at The Wulfrun Hall,Music,Wolverhampton,G5vHZbgBYfJL1,https://www.ticketmaster.co.uk/the-brand-new-heavies-plus-special-wolverhampton-27-03-2026/event/1F00635EB05267CA,WV1 1RQ,52.586653,-2.130802
28/03/2026,What's Love Got To Do With It?,18:30:00,University of Wolverhampton at The Wulfrun Hall,Music,Wolverhampton,G5vHZbJBfSoD9,https://www.ticketmaster.co.uk/whats-love-got-to-do-with-wolverhampton-28-03-2026/event/1F00626E94CD1ED7,WV1 1RQ,52.586653,-2.130802
11/04/2026,MARTIN KEMP BACK TO THE 80's PARTY,19:00:00,University of Wolverhampton at The Wulfrun Hall,Music,Wolverhampton,G5vHZbVU94fJo,https://www.ticketmaster.co.uk/martin-kemp-back-to-the-80s-wolverhampton-11-04-2026/event/1F00634D97554991,WV1 1RQ,52.586653,-2.130802
14/03/2026,Garth Marenghi - This Bursted Earth Book Tour,19:30:00,The Lichfield Garrick Theatre,Arts & Theatre,Lichfield,1AdjZbEGkm-46gg,https://www.ticketmaster.co.uk/garth-marenghi-this-bursted-earth-book-lichfield-14-03-2026/event/3700627BA1547D75,WS13 6HR,52.682465,-1.826297
12/03/2026,Jason Fox: Embrace The Chaos,19:30:00,"Warwick Arts Centre, Coventry",Miscellaneous,Coventry,G5vHZbRBDLoD8,https://www.ticketmaster.co.uk/jason-fox-embrace-the-chaos-coventry-12-03-2026/event/1F0062FEBB7D1ED0,CV47AL,52.373743,-1.552358
13/03/2026,Joel Dommett: Happy Idiot,19:30:00,"Warwick Arts Centre, Coventry",Arts & Theatre,Coventry,G5vHZbVMSRFtN,https://www.ticketmaster.co.uk/joel-dommett-happy-idiot-coventry-13-03-2026/event/1F00634DF3BC8A63,CV47AL,52.373743,-1.552358
14/03/2026,Andy Zaltzman: The Zaltgeist 2026 - A Second Thwack,19:30:00,"Warwick Arts Centre, Coventry",Arts & Theatre,Coventry,G5vHZbSkJcUh-,https://www.ticketmaster.co.uk/andy-zaltzman-the-zaltgeist-2026-a-coventry-14-03-2026/event/1F006331A6B766E1,CV47AL,52.373743,-1.552358
15/03/2026,"Pierre Novellie: You Sit There, I'll Stand Here",19:45:00,"Warwick Arts Centre, Coventry",Arts & Theatre,Coventry,G5vHZbVhzhBvt,https://www.ticketmaster.co.uk/pierre-novellie-you-sit-there-ill-coventry-15-03-2026/event/1F006346F86FA069,CV47AL,52.373743,-1.552358
15/03/2026,"Pierre Novellie: You Sit There, I'll Stand Here",17:00:00,"Warwick Arts Centre, Coventry",Arts & Theatre,Coventry,G5vHZbVhzhnvP,https://www.ticketmaster.co.uk/pierre-novellie-you-sit-there-ill-coventry-15-03-2026/event/1F006346F86EA065,CV47AL,52.373743,-1.552358
16/03/2026,"Vitamin String Quartet - The Music of Billie Eilish, Bridgerton & more",19:30:00,"Warwick Arts Centre, Coventry",Music,Coventry,G5vHZbsRFq-c7,https://www.ticketmaster.co.uk/vitamin-string-quartet-the-music-of-coventry-16-03-2026/event/1F00631BC8761B44,CV47AL,52.373743,-1.552358
20/03/2026,Ray Bradshaw: CODA,19:45:00,"Warwick Arts Centre, Coventry",Arts & Theatre,Coventry,G5vHZbtrnzwHh,https://www.ticketmaster.co.uk/ray-bradshaw-coda-coventry-20-03-2026/event/1F006297AAE32F1B,CV47AL,52.373743,-1.552358
20/03/2026,Professor Brian Cox: Preview,19:15:00,"Warwick Arts Centre, Coventry",Miscellaneous,Coventry,G5vHZbyC3Ywhz,https://www.ticketmaster.co.uk/professor-brian-cox-preview-coventry-20-03-2026/event/1F00639392C326F8,CV47AL,52.373743,-1.552358
21/03/2026,"Tom Rosenthal - Whatever People Say I Am, That's What I Am",19:45:00,"Warwick Arts Centre, Coventry",Arts & Theatre,Coventry,G5vHZbIJUY-0g,https://www.ticketmaster.co.uk/tom-rosenthal-whatever-people-say-i-coventry-21-03-2026/event/1F006289B6C21935,CV47AL,52.373743,-1.552358
21/03/2026,Scott Bennett - Stuff,19:30:00,"Warwick Arts Centre, Coventry",Arts & Theatre,Coventry,G5vHZbbQmUoyT,https://www.ticketmaster.co.uk/scott-bennett-stuff-coventry-21-03-2026/event/1F006186AED91E7F,CV47AL,52.373743,-1.552358
21/03/2026,Tom Davis: Spudgun,20:00:00,"Warwick Arts Centre, Coventry",Arts & Theatre,Coventry,G5vHZbm5BsM9K,https://www.ticketmaster.co.uk/tom-davis-spudgun-coventry-21-03-2026/event/1F0062E2FAC775D3,CV47AL,52.373743,-1.552358
22/03/2026,Boyzlife,19:30:00,"Warwick Arts Centre, Coventry",Music,Coventry,G5vHZbJrB4-q3,https://www.ticketmaster.co.uk/boyzlife-coventry-22-03-2026/event/1F006267BA561752,CV47AL,52.373743,-1.552358
26/03/2026,Geoff Norcott - Basic Bloke 2,20:00:00,The Albany Theatre,Arts & Theatre,Coventry,G5vHZbwmCVORX,https://www.ticketmaster.co.uk/geoff-norcott-basic-bloke-2-coventry-26-03-2026/event/1F00632B8ED20BFE,CV1 3BH,52.4060266,-1.5245886
12/03/2026,Sink or Swim present Rosa Anschütz + Moonya,19:30:00,The Tin Music and Arts,Music,Coventry,LvZ18Q3h_BMkyBYv4hANB,https://www.universe.com/events/sink-or-swim-present-rosa-anschutz-moonya-tickets-XTC8L4?ref=ticketmaster,CV14LY,52.41328,-1.51257
20/03/2026,Hot Music Live: Banoffee + Permanent Daylight + Reiss Pinder + The Illusion,19:30:00,The Tin Music and Arts,Unknown,Coventry,LvZ18QC2EMInAbZZ0UtOe,https://www.universe.com/events/hot-music-live-banoffee-permanent-daylight-reiss-pinder-the-illusion-tickets-GMTBLH?ref=ticketmaster,CV14LY,52.41328,-1.51257
22/03/2026,Sink or Swim present Malin Lewis + Special Guests,19:30:00,The Tin Music and Arts,Unknown,Coventry,LvZ18Q2_eNclpjYZ0xR7g,https://www.universe.com/events/sink-or-swim-present-malin-lewis-special-guests-tickets-XYLVSD?ref=ticketmaster,CV14LY,52.41328,-1.51257
28/03/2026,The House of Love,19:30:00,The Tin Music and Arts,Music,Coventry,LvZ18Q86gSt0ew8ZlcSMq,https://www.universe.com/events/the-house-of-love-tickets-9FW30L?ref=ticketmaster,CV14LY,52.41328,-1.51257
29/03/2026,The House of Love,16:00:00,The Tin Music and Arts,Music,Coventry,LvZ18Qf4OVrDMT8Zw1ptA,https://www.universe.com/events/the-house-of-love-tickets-9FW30L?ref=ticketmaster,CV14LY,52.41328,-1.51257
02/04/2026,Sink or Swim present The Boojums + Luxury Nan Smell + Kontours,19:30:00,The Tin Music and Arts,Music,Coventry,LvZ18QKhk2KLY28ZyhQA5,https://www.universe.com/events/sink-or-swim-present-the-boojums-luxury-nan-smell-kontours-tickets-G793V0?ref=ticketmaster,CV14LY,52.41328,-1.51257
03/04/2026,Spoon Speaker Man + TV Pins,19:30:00,The Tin Music and Arts,Music,Coventry,LvZ18Q8iz7IN0HZwKroNq,https://www.universe.com/events/spoon-speaker-man-tv-pins-tickets-YGHTL8?ref=ticketmaster,CV14LY,52.41328,-1.51257
10/04/2026,The Clause,19:00:00,"The Empire, Coventry",Music,Coventry,G5vHZbz60wIF-,https://www.ticketmaster.co.uk/the-clause-coventry-10-04-2026/event/1F006381E4CA8221,CV1 1LP,52.407218,-1.4974985
13/03/2026,"Kerozene, The Flaneurs,  Ole Coughin Dodgerz & General Jack",19:00:00,Queens Hall,Unknown,Nuneaton,LvZ18QpzX12PnMZZ0QtJ-,https://www.universe.com/events/kerozene-the-flaneurs-ole-coughin-dodgerz-general-jack-tickets-6XNVK8?ref=ticketmaster,CV11 5LA,52.522554,-1.473177
14/03/2026,Flint Fire - The Keith Flint Prodigy Tribute Band & Pretendulum,20:00:00,Queens Hall,Music,Nuneaton,LvZ18Qf4kWVExTYZwz3GR,https://www.universe.com/events/flint-fire-the-keith-flint-prodigy-tribute-band-pretendulum-tickets-YNV296?ref=ticketmaster,CV11 5LA,52.522554,-1.473177
20/03/2026,Blax Abbath Tribute + support Tellemahookah,20:00:00,Queens Hall,Unknown,Nuneaton,LvZ18Qf19wRYr38Zlc7eE,https://www.universe.com/events/blax-abbath-tribute-support-tellemahookah-tickets-6FS5XQ?ref=ticketmaster,CV11 5LA,52.522554,-1.473177
21/03/2026,The SKAlectrics,20:00:00,Queens Hall,Music,Nuneaton,LvZ18Q4Q_YgzgR8ZlYSMK,https://www.universe.com/events/the-skalectrics-tickets-D153W4?ref=ticketmaster,CV11 5LA,52.522554,-1.473177
27/03/2026,Chop Suey & Slip-NOT,19:00:00,Queens Hall,Music,Nuneaton,LvZ18_Typjxi0TZZ-gnnF,https://www.universe.com/events/chop-suey-slip-not-tickets-KMCHV2?ref=ticketmaster,CV11 5LA,52.522554,-1.473177
28/03/2026,Cydonia Knights - UK Muse Tribute,20:00:00,Queens Hall,Music,Nuneaton,LvZ18QK5kOHsAVOZ05cvv,https://www.universe.com/events/cydonia-knights-uk-muse-tribute-tickets-SP49V2?ref=ticketmaster,CV11 5LA,52.522554,-1.473177
03/04/2026,A Band Called Malice,19:30:00,Queens Hall,Music,Nuneaton,LvZ18QvIpc400GYZcHIV7,https://www.universe.com/events/a-band-called-malice-tickets-VYRK35?ref=ticketmaster,CV11 5LA,52.522554,-1.473177
04/04/2026,ZZ TOPPD,20:00:00,Queens Hall,Music,Nuneaton,LvZ18Q3OwoOuSM8Zwl97U,https://www.universe.com/events/zz-toppd-tickets-Z23986?ref=ticketmaster,CV11 5LA,52.522554,-1.473177
11/04/2026,Faith on the Floor,19:00:00,Queens Hall,Unknown,Nuneaton,LvZ18Qb6TvDc6wOZlSemr,https://www.universe.com/events/faith-on-the-floor-tickets-L37SNG?ref=ticketmaster,CV11 5LA,52.522554,-1.473177
13/03/2026,Warwick Castle - Daily Entry,10:00:00,Warwick Castle,Miscellaneous,Warwick,G5vHZbxIhzfco,https://attractions.ticketmaster.co.uk/book/1FL90-TICKETMASTER/#date=2026-03-13,CV34 4QU,52.280585,-1.585766
14/03/2026,Warwick Castle - Daily Entry,10:00:00,Warwick Castle,Miscellaneous,Warwick,G5vHZbxIjAfcQ,https://attractions.ticketmaster.co.uk/book/1FL90-TICKETMASTER/#date=2026-03-14,CV34 4QU,52.280585,-1.585766
15/03/2026,Warwick Castle - Daily Entry,10:00:00,Warwick Castle,Miscellaneous,Warwick,G5vHZbxIj30cx,https://attractions.ticketmaster.co.uk/book/1FL90-TICKETMASTER/#date=2026-03-15,CV34 4QU,52.280585,-1.585766
16/03/2026,Warwick Castle - Daily Entry,10:00:00,Warwick Castle,Miscellaneous,Warwick,G5vHZbxIjL0cn,https://attractions.ticketmaster.co.uk/book/1FL90-TICKETMASTER/#date=2026-03-16,CV34 4QU,52.280585,-1.585766
17/03/2026,Warwick Castle - Daily Entry,10:00:00,Warwick Castle,Miscellaneous,Warwick,G5vHZbxIji0ci,https://attractions.ticketmaster.co.uk/book/1FL90-TICKETMASTER/#date=2026-03-17,CV34 4QU,52.280585,-1.585766
18/03/2026,Warwick Castle - Daily Entry,10:00:00,Warwick Castle,Miscellaneous,Warwick,G5vHZbxIjyVcm,https://attractions.ticketmaster.co.uk/book/1FL90-TICKETMASTER/#date=2026-03-18,CV34 4QU,52.280585,-1.585766
19/03/2026,Warwick Castle - Daily Entry,10:00:00,Warwick Castle,Miscellaneous,Warwick,G5vHZbxIqkVmk,https://attractions.ticketmaster.co.uk/book/1FL90-TICKETMASTER/#date=2026-03-19,CV34 4QU,52.280585,-1.585766
20/03/2026,Warwick Castle - Daily Entry,10:00:00,Warwick Castle,Miscellaneous,Warwick,G5vHZbxIqf7m1,https://attractions.ticketmaster.co.uk/book/1FL90-TICKETMASTER/#date=2026-03-20,CV34 4QU,52.280585,-1.585766
21/03/2026,Warwick Castle - Daily Entry,10:00:00,Warwick Castle,Miscellaneous,Warwick,G5vHZbxIq-7m2,https://attractions.ticketmaster.co.uk/book/1FL90-TICKETMASTER/#date=2026-03-21,CV34 4QU,52.280585,-1.585766
22/03/2026,Warwick Castle - Daily Entry,10:00:00,Warwick Castle,Miscellaneous,Warwick,G5vHZbxIqmfmK,https://attractions.ticketmaster.co.uk/book/1FL90-TICKETMASTER/#date=2026-03-22,CV34 4QU,52.280585,-1.585766
23/03/2026,Warwick Castle - Daily Entry,10:00:00,Warwick Castle,Miscellaneous,Warwick,G5vHZbxIqD0mj,https://attractions.ticketmaster.co.uk/book/1FL90-TICKETMASTER/#date=2026-03-23,CV34 4QU,52.280585,-1.585766
24/03/2026,Warwick Castle - Daily Entry,10:00:00,Warwick Castle,Miscellaneous,Warwick,G5vHZbxIrF0ms,https://attractions.ticketmaster.co.uk/book/1FL90-TICKETMASTER/#date=2026-03-24,CV34 4QU,52.280585,-1.585766
25/03/2026,Warwick Castle - Daily Entry,10:00:00,Warwick Castle,Miscellaneous,Warwick,G5vHZbxIr4VR6,https://attractions.ticketmaster.co.uk/book/1FL90-TICKETMASTER/#date=2026-03-25,CV34 4QU,52.280585,-1.585766
26/03/2026,Warwick Castle - Daily Entry,10:00:00,Warwick Castle,Miscellaneous,Warwick,G5vHZbxIrxVRC,https://attractions.ticketmaster.co.uk/book/1FL90-TICKETMASTER/#date=2026-03-26,CV34 4QU,52.280585,-1.585766
27/03/2026,Warwick Castle - Daily Entry,10:00:00,Warwick Castle,Miscellaneous,Warwick,G5vHZbxIrRVRx,https://attractions.ticketmaster.co.uk/book/1FL90-TICKETMASTER/#date=2026-03-27,CV34 4QU,52.280585,-1.585766
28/03/2026,Warwick Castle - Daily Entry,10:00:00,Warwick Castle,Miscellaneous,Warwick,G5vHZbxIrW7RR,https://attractions.ticketmaster.co.uk/book/1FL90-TICKETMASTER/#date=2026-03-28,CV34 4QU,52.280585,-1.585766
29/03/2026,Warwick Castle - Daily Entry,10:00:00,Warwick Castle,Miscellaneous,Warwick,G5vHZbxIL17RB,https://attractions.ticketmaster.co.uk/book/1FL90-TICKETMASTER/#date=2026-03-29,CV34 4QU,52.280585,-1.585766
30/03/2026,Warwick Castle - Daily Entry,10:00:00,Warwick Castle,Miscellaneous,Warwick,G5vHZbxIL9fYZ,https://attractions.ticketmaster.co.uk/book/1FL90-TICKETMASTER/#date=2026-03-30,CV34 4QU,52.280585,-1.585766
31/03/2026,Warwick Castle - Daily Entry,10:00:00,Warwick Castle,Miscellaneous,Warwick,G5vHZbxIL0fY6,https://attractions.ticketmaster.co.uk/book/1FL90-TICKETMASTER/#date=2026-03-31,CV34 4QU,52.280585,-1.585766
01/04/2026,Warwick Castle - Daily Entry,10:00:00,Warwick Castle,Miscellaneous,Warwick,G5vHZ_7Fki9lo,https://attractions.ticketmaster.co.uk/book/1FL90-TICKETMASTER/#date=2026-04-01,CV34 4QU,52.280585,-1.585766
02/04/2026,Warwick Castle - Daily Entry,10:00:00,Warwick Castle,Miscellaneous,Warwick,G5vHZ_7FkB9ll,https://attractions.ticketmaster.co.uk/book/1FL90-TICKETMASTER/#date=2026-04-02,CV34 4QU,52.280585,-1.585766
03/04/2026,Warwick Castle - Daily Entry,10:00:00,Warwick Castle,Miscellaneous,Warwick,G5vHZ_7F6FMiu,https://attractions.ticketmaster.co.uk/book/1FL90-TICKETMASTER/#date=2026-04-03,CV34 4QU,52.280585,-1.585766
04/04/2026,Warwick Castle - Daily Entry,10:00:00,Warwick Castle,Miscellaneous,Warwick,G5vHZ_7F6p9i-,https://attractions.ticketmaster.co.uk/book/1FL90-TICKETMASTER/#date=2026-04-04,CV34 4QU,52.280585,-1.585766
05/04/2026,Warwick Castle - Daily Entry,10:00:00,Warwick Castle,Miscellaneous,Warwick,G5vHZ_7F6NMiV,https://attractions.ticketmaster.co.uk/book/1FL90-TICKETMASTER/#date=2026-04-05,CV34 4QU,52.280585,-1.585766
06/04/2026,Warwick Castle - Daily Entry,10:00:00,Warwick Castle,Miscellaneous,Warwick,G5vHZ_7F6sEiD,https://attractions.ticketmaster.co.uk/book/1FL90-TICKETMASTER/#date=2026-04-06,CV34 4QU,52.280585,-1.585766
07/04/2026,Warwick Castle - Daily Entry,10:00:00,Warwick Castle,Miscellaneous,Warwick,G5vHZ_7F6T9c_,https://attractions.ticketmaster.co.uk/book/1FL90-TICKETMASTER/#date=2026-04-07,CV34 4QU,52.280585,-1.585766
08/04/2026,Warwick Castle - Daily Entry,10:00:00,Warwick Castle,Miscellaneous,Warwick,G5vHZ_7FFGEcz,https://attractions.ticketmaster.co.uk/book/1FL90-TICKETMASTER/#date=2026-04-08,CV34 4QU,52.280585,-1.585766
09/04/2026,Warwick Castle - Daily Entry,10:00:00,Warwick Castle,Miscellaneous,Warwick,G5vHZ_7FFQ9Rx,https://attractions.ticketmaster.co.uk/book/1FL90-TICKETMASTER/#date=2026-04-09,CV34 4QU,52.280585,-1.585766
10/04/2026,Warwick Castle - Daily Entry,10:00:00,Warwick Castle,Miscellaneous,Warwick,G5vHZ_7FFI6YA,https://attractions.ticketmaster.co.uk/book/1FL90-TICKETMASTER/#date=2026-04-10,CV34 4QU,52.280585,-1.585766
11/04/2026,Warwick Castle - Daily Entry,10:00:00,Warwick Castle,Miscellaneous,Warwick,G5vHZ_7FFg9YP,https://attractions.ticketmaster.co.uk/book/1FL90-TICKETMASTER/#date=2026-04-11,CV34 4QU,52.280585,-1.585766
08/04/2026,Art School Girlfriend,19:30:00,Colour Factory,Music,London,1AwZkuSGkdOQvMy,https://www.ticketweb.uk/event/art-school-girlfriend-colour-factory-tickets/14705983?REFERRAL_ID=tmfeed,E95EN,52.511513,-2.3786276
09/04/2026,O'Flynn (Full Live Show),19:00:00,Colour Factory,Music,London,16dFZbUGdG7tNAm,https://www.ticketweb.uk/event/oflynn-full-live-show-colour-factory-tickets/14663353?REFERRAL_ID=tmfeed,E95EN,52.511513,-2.3786276
13/03/2026,The Specials Ltd. 'Ghost Town' 45th Anniversary,19:00:00,Leamington Spa Assembly,Music,Leamington Spa,LvZ18QFdcqOSRNZZ0tbVx,https://www.universe.com/events/the-specials-ltd-ghost-town-45th-anniversary-tickets-M3Z9WN?ref=ticketmaster,CV31 3NF,52.285603,-1.53369
19/03/2026,Geoff Norcott - Basic Bloke 2,19:30:00,Huntingdon Hall,Arts & Theatre,Worcester,G5vHZbJC8GYXl,https://www.ticketmaster.co.uk/geoff-norcott-basic-bloke-2-worcester-19-03-2026/event/1F00626390330FAB,WR1 3LD,52.192034,-2.222239
25/03/2026,Pete Firman: Tricks & Giggles,19:30:00,Stafford Gatehouse Theatre,Arts & Theatre,Stafford,1AMZkk7GkeOjvxi,https://www.ticketmaster.co.uk/pete-firman-tricks-giggles-stafford-25-03-2026/event/37006184A07018AC,ST16 2LT,52.807197,-2.115948
13/03/2026,The Set Up - The Hill,17:00:00,Caffeine & Machine: The Hill,Miscellaneous,Stratford-upon-Avon,LvZ18QpgQ00aiU8Zwb3Tw,https://www.universe.com/events/the-set-up-the-hill-tickets-G5XP6H?ref=ticketmaster,CV377NS,52.14988,-1.62997
14/03/2026,Saturday Session - The Hill,08:00:00,Caffeine & Machine: The Hill,Miscellaneous,Stratford-upon-Avon,LvZ18QpRRTEa8EYZ0qgyV,https://www.universe.com/events/saturday-session-the-hill-tickets-7KH84W?ref=ticketmaster,CV377NS,52.14988,-1.62997
15/03/2026,Sunday Service - The Hill,08:00:00,Caffeine & Machine: The Hill,Miscellaneous,Stratford-upon-Avon,LvZ18QpYV9bb4DZZyjN_G,https://www.universe.com/events/sunday-service-the-hill-tickets-JZQ3WD?ref=ticketmaster,CV377NS,52.14988,-1.62997
16/03/2026,The Monday Afterdrive - The Hill,17:00:00,Caffeine & Machine: The Hill,Miscellaneous,Stratford-upon-Avon,LvZ18QpgKrBZSwZZyNKlh,https://www.universe.com/events/the-monday-afterdrive-the-hill-tickets-2KWGF5?ref=ticketmaster,CV377NS,52.14988,-1.62997
17/03/2026,Feels Like Home - The Hill,17:00:00,Caffeine & Machine: The Hill,Miscellaneous,Stratford-upon-Avon,LvZ18QpgpZSIo-YZioDSV,https://www.universe.com/events/feels-like-home-the-hill-tickets-6308F5?ref=ticketmaster,CV377NS,52.14988,-1.62997
18/03/2026,Best of British - The Hill,17:00:00,Caffeine & Machine: The Hill,Miscellaneous,Stratford-upon-Avon,LvZ18QfpAiSUsaOZ0OHBw,https://www.universe.com/events/best-of-british-the-hill-tickets-8MPWF4?ref=ticketmaster,CV377NS,52.14988,-1.62997
19/03/2026,Thirsty Thursday ft. The 'Cult of Machine' Quiz Night - The Hill,17:00:00,Caffeine & Machine: The Hill,Miscellaneous,Stratford-upon-Avon,LvZ18QpgbPQtV8ZZ0Ksl0,https://www.universe.com/events/thirsty-thursday-ft-the-cult-of-machine-quiz-night-the-hill-tickets-R19CFT?ref=ticketmaster,CV377NS,52.14988,-1.62997
20/03/2026,The Set Up - The Hill,17:00:00,Caffeine & Machine: The Hill,Miscellaneous,Stratford-upon-Avon,LvZ18QpgQU1tV8ZZIKsCa,https://www.universe.com/events/the-set-up-the-hill-tickets-92P3NM?ref=ticketmaster,CV377NS,52.14988,-1.62997
21/03/2026,Saturday Session - The Hill,08:00:00,Caffeine & Machine: The Hill,Miscellaneous,Stratford-upon-Avon,LvZ18QpRsZzl_QOZy5tGy,https://www.universe.com/events/saturday-session-the-hill-tickets-B3CTJM?ref=ticketmaster,CV377NS,52.14988,-1.62997
22/03/2026,Sunday Service ft. Team AMG UK - The Hill,08:00:00,Caffeine & Machine: The Hill,Miscellaneous,Stratford-upon-Avon,LvZ18QpYgb81zB8ZYcaZD,https://www.universe.com/events/sunday-service-ft-team-amg-uk-the-hill-tickets-7K901R?ref=ticketmaster,CV377NS,52.14988,-1.62997
23/03/2026,The Monday Afterdrive - The Hill,17:00:00,Caffeine & Machine: The Hill,Miscellaneous,Stratford-upon-Avon,LvZ18QpgKmntV8ZZiKYcQ,https://www.universe.com/events/the-monday-afterdrive-the-hill-tickets-NFJTXK?ref=ticketmaster,CV377NS,52.14988,-1.62997
24/03/2026,Feels Like Home - The Hill,17:00:00,Caffeine & Machine: The Hill,Miscellaneous,Stratford-upon-Avon,LvZ18Qpgp3NIo-YZ0oH7g,https://www.universe.com/events/feels-like-home-the-hill-tickets-1XM4P2?ref=ticketmaster,CV377NS,52.14988,-1.62997
25/03/2026,Weissach - The Hill,17:00:00,Caffeine & Machine: The Hill,Miscellaneous,Stratford-upon-Avon,LvZ18QfpkUAMaA8ZwKash,https://www.universe.com/events/weissach-the-hill-tickets-CBDRWX?ref=ticketmaster,CV377NS,52.14988,-1.62997
26/03/2026,Thirsty Thursday - The Hill,17:00:00,Caffeine & Machine: The Hill,Miscellaneous,Stratford-upon-Avon,LvZ18QpgbM1tV8ZZYKYDa,https://www.universe.com/events/thirsty-thursday-the-hill-tickets-DHFX80?ref=ticketmaster,CV377NS,52.14988,-1.62997
27/03/2026,The Set Up - The Hill,17:00:00,Caffeine & Machine: The Hill,Miscellaneous,Stratford-upon-Avon,LvZ18QpghFfaiU8ZybKFq,https://www.universe.com/events/the-set-up-the-hill-tickets-9WT4PH?ref=ticketmaster,CV377NS,52.14988,-1.62997
28/03/2026,Saturday Session ft. Be Right Back UK  - The Hill,08:00:00,Caffeine & Machine: The Hill,Miscellaneous,Stratford-upon-Avon,LvZ18QpRsDblhw8Z0n5xF,https://www.universe.com/events/saturday-session-ft-be-right-back-uk-the-hill-tickets-N57Z9R?ref=ticketmaster,CV377NS,52.14988,-1.62997
29/03/2026,Sunday Service - The Hill,09:00:00,Caffeine & Machine: The Hill,Miscellaneous,Stratford-upon-Avon,LvZ18QpYUhZVlOOZ0BdWG,https://www.universe.com/events/sunday-service-the-hill-tickets-LCHS6Y?ref=ticketmaster,CV377NS,52.14988,-1.62997
30/03/2026,The Monday Afterdrive - The Hill,17:00:00,Caffeine & Machine: The Hill,Miscellaneous,Stratford-upon-Avon,LvZ18QpgfZZqBW8ZcP0ia,https://www.universe.com/events/the-monday-afterdrive-the-hill-tickets-QXPV07?ref=ticketmaster,CV377NS,52.14988,-1.62997
31/03/2026,Feels Like Home - The Hill,17:00:00,Caffeine & Machine: The Hill,Miscellaneous,Stratford-upon-Avon,LvZ18QpgpPhKPB8ZYE8vH,https://www.universe.com/events/feels-like-home-the-hill-tickets-T048CY?ref=ticketmaster,CV377NS,52.14988,-1.62997
11/04/2026,Pernille Haaland,20:00:00,Glee Club,Arts & Theatre,Birmingham,G5vHZ_eJl0-sU,https://www.ticketmaster.co.uk/pernille-haaland-birmingham-11-04-2026/event/1F006429AB921C76,B5 4TD,52.474541,-1.89662
12/04/2026,Lucy Darling: Simply Darling,19:00:00,Town Hall Birmingham,Arts & Theatre,Birmingham,G5vHZ_dMPVFFz,https://www.ticketmaster.co.uk/lucy-darling-simply-darling-birmingham-12-04-2026/event/1F00643DE5D08238,B3 3DQ,52.479447,-1.903587
12/04/2026,"Gravity - Starring Kerry Ellis, Louise Dearman & Rachel Tucker",19:30:00,Birmingham Hippodrome Theatre,Arts & Theatre,Birmingham,G5vHZbUpyUJsY,https://www.ticketmaster.co.uk/gravity-starring-kerry-ellis-louise-dearman-birmingham-12-04-2026/event/1F006365B9DA6C70,B5 4TB,52.474291,-1.898637
12/04/2026,Skye Newman,19:00:00,O2 Academy Birmingham,Music,Birmingham,G5dzZbgfgIiUu,https://www.ticketmaster.co.uk/skye-newman-birmingham-12-04-2026/event/3E00635535A2CD8D,B1 1DB,52.473277,-1.900215
12/04/2026,Hot Wheels Monster Trucks Live - Glow-N-Fire,11:30:00,Utilita Arena Birmingham,Sports,Birmingham,1AeGZbsGkn_ROw3,https://www.ticketmaster.co.uk/hot-wheels-monster-trucks-live-glownfire-birmingham-12-04-2026/event/2300631A99BE0C92,B1 2AA,52.479932,-1.914924
12/04/2026,Hot Wheels Monster Trucks Live - Glow-N-Fire,18:30:00,Utilita Arena Birmingham,Sports,Birmingham,1AeGZbsGkn_YZwD,https://www.ticketmaster.co.uk/hot-wheels-monster-trucks-live-glownfire-birmingham-12-04-2026/event/2300631A99C00CBB,B1 2AA,52.479932,-1.914924
13/04/2026,Neetesh Jung Kunwar â Nepali New Year Eve Live in Birmingham,19:00:00,O2 Institute2 Birmingham,Music,Birmingham,G5dzZ_79kE4CP,https://www.ticketmaster.co.uk/neetesh-jung-kunwar-a-nepali-new-birmingham-13-04-2026/event/3E006445C69D53A5,B5 6DY,52.475756,-1.887562
13/04/2026,Henry Moodie,19:00:00,O2 Institute Birmingham,Music,Birmingham,G5dzZbSCxfUhK,https://www.ticketmaster.co.uk/henry-moodie-birmingham-13-04-2026/event/3E006333A25366D3,B5 6DY,52.475756,-1.887562
14/04/2026,Max Amini,18:30:00,The Alexandra,Arts & Theatre,Birmingham,1AdbZbzGkXiUPPs,https://www.ticketmaster.co.uk/max-amini-birmingham-14-04-2026/event/3600638FACDA5971,B5 4DS,52.476145,-1.901239
14/04/2026,Miguel - CAOS Tour,19:00:00,O2 Academy Birmingham,Music,Birmingham,G5dzZbgj7kXI0,https://www.ticketmaster.co.uk/miguel-caos-tour-birmingham-14-04-2026/event/3E006357041BEA24,B1 1DB,52.473277,-1.900215
14/04/2026,Blackbraid,18:30:00,Asylum Bar and Venue,Music,Birmingham,LvZ18QaDgs7qKE8ZIw-MI,https://www.universe.com/events/blackbraid-tickets-3RY8SQ?ref=ticketmaster,B19 3LS,52.488445,-1.902404
14/04/2026,Pacific Avenue,19:00:00,O2 Institute3 Birmingham,Music,Birmingham,G5dzZbM1910pj,https://www.ticketmaster.co.uk/pacific-avenue-birmingham-14-04-2026/event/3E006372972A459C,B5 6DY,52.475756,-1.887562
15/04/2026,Hezron Wed 15 April 2026 Performing Live at The Jam House Birmingham,18:00:00,The Jam House Birmingham,Unknown,Birmingham,LvZ18Q4cJi_z2UZZyiIYO,https://www.universe.com/events/hezron-wed-15-april-2026-performing-live-at-the-jam-house-birmingham-tickets-SKGZ6R?ref=ticketmaster,B3 1QU,52.48509613,-1.904386
15/04/2026,Frank Turner - Campfire Punkrock Twenty Tour,19:00:00,O2 Academy2 Birmingham,Music,Birmingham,G5dzZbgRok4It,https://www.ticketmaster.co.uk/frank-turner-campfire-punkrock-twenty-tour-birmingham-15-04-2026/event/3E00635BD1195A29,B1 1DB,52.47406,-1.89955
16/04/2026,Mike Wozniak: The Bench,19:30:00,Town Hall Birmingham,Arts & Theatre,Birmingham,G5vHZbgd7N9Lv,https://www.ticketmaster.co.uk/mike-wozniak-the-bench-birmingham-16-04-2026/event/1F006350C48D77C1,B3 3DQ,52.479447,-1.903587
16/04/2026,"OMAR Live at the Jam House, Birmingham 2026 16th April",18:00:00,The Jam House Birmingham,Unknown,Birmingham,LvZ18Q2dEXIH3UOZiu1Uq,https://www.universe.com/events/omar-live-at-the-jam-house-birmingham-2026-16th-april-tickets-1VPLRQ?ref=ticketmaster,B3 1QU,52.48509613,-1.904386
16/04/2026,"Tom Rosenthal - Whatever People Say I Am, That's What I Am",19:15:00,Glee Club,Arts & Theatre,Birmingham,G5vHZbImGcZzG,https://www.ticketmaster.co.uk/tom-rosenthal-whatever-people-say-i-birmingham-16-04-2026/event/1F00628B8CB40E0C,B5 4TD,52.474541,-1.89662
16/04/2026,SEKOU,19:30:00,O2 Institute3 Birmingham,Music,Birmingham,G5dzZbz6F_91U,https://www.ticketmaster.co.uk/sekou-birmingham-16-04-2026/event/3E006381C86572B6,B5 6DY,52.475756,-1.887562
16/04/2026,Speed,19:00:00,XOYO Birmingham,Music,Birmingham,G5vHZ_er8e-A0,https://www.ticketmaster.co.uk/speed-birmingham-16-04-2026/event/1F006427900A1164,B94AG,52.47501827,-1.88087599
17/04/2026,MS Banks - South LDN Lover Girl,19:00:00,O2 Institute3 Birmingham,Music,Birmingham,G5dzZ_dRcz7YA,https://www.ticketmaster.co.uk/ms-banks-south-ldn-lover-girl-birmingham-17-04-2026/event/3E00643BEDE04C05,B5 6DY,52.475756,-1.887562
17/04/2026,The High Kings,19:00:00,O2 Institute2 Birmingham,Music,Birmingham,G5dzZbSdWeJyw,https://www.ticketmaster.co.uk/the-high-kings-birmingham-17-04-2026/event/3E006330FD0A6E72,B5 6DY,52.475756,-1.887562
17/04/2026,STEVE WHITE,19:00:00,The Crossing,Arts & Theatre,Birmingham,LvZ18Qp7nMfptKZZl0eaj,https://www.universe.com/events/steve-white-tickets-FCNWS7?ref=ticketmaster,B5 5SU,52.47525632,-1.88625326
18/04/2026,Garth Marenghi - This Bursted Earth Book Tour,19:30:00,Town Hall Birmingham,Arts & Theatre,Birmingham,G5vHZbEmTpVQD,https://www.ticketmaster.co.uk/garth-marenghi-this-bursted-earth-book-birmingham-18-04-2026/event/1F00627BBF5B46BB,B3 3DQ,52.479447,-1.903587
18/04/2026,Definitely Mightbe (A Tribute to Oasis),19:00:00,O2 Academy2 Birmingham,Music,Birmingham,G5dzZbg9j5E1o,https://www.ticketmaster.co.uk/definitely-mightbe-a-tribute-to-oasis-birmingham-18-04-2026/event/3E006355DC2E7291,B1 1DB,52.47406,-1.89955
18/04/2026,Lady Pank,18:00:00,O2 Academy Birmingham,Music,Birmingham,G5dzZbcNgeKku,https://www.ticketmaster.co.uk/lady-pank-birmingham-18-04-2026/event/3E0062D8F509318D,B1 1DB,52.473277,-1.900215
18/04/2026,"An Afternoon of Indie BIRMINGHAM - Indie for the over 30s, 3pm-7pm",15:00:00,"O'Neil's, Birmingham",Music,Birmingham,LvZ18QbdQxOH_wYZyaKLU,https://www.universe.com/events/an-afternoon-of-indie-birmingham-indie-for-the-over-30s-3pm-7pm-tickets-50H1F6?ref=ticketmaster,B1 2HG,52.47646,-1.912369
18/04/2026,Creeper,17:30:00,Asylum Bar and Venue,Music,Birmingham,G5vHZbz0NXQ3z,https://www.ticketmaster.co.uk/creeper-birmingham-18-04-2026/event/1F00638923F9A4B8,B19 3LS,52.488445,-1.902404
18/04/2026,Day Fever,15:00:00,O2 Institute Birmingham,Music,Birmingham,G5dzZ_eze_JhC,https://www.ticketmaster.co.uk/day-fever-birmingham-18-04-2026/event/3E00642E026666CE,B5 6DY,52.475756,-1.887562
18/04/2026,Erasured - The Ultimate Erasure Tribute,19:00:00,O2 Institute2 Birmingham,Music,Birmingham,G5dzZbizZIZSg,https://www.ticketmaster.co.uk/erasured-the-ultimate-erasure-tribute-birmingham-18-04-2026/event/3E0062CE00A00CF5,B5 6DY,52.475756,-1.887562
18/04/2026,Day Fever - Birmingham,15:00:00,O2 Institute Birmingham,Music,Birmingham,LvZ18Qprm2ZPC2OZyT6_e,https://www.universe.com/events/day-fever-birmingham-tickets-6GW4VQ?ref=ticketmaster,B5 6DY,52.475756,-1.887562
18/04/2026,The Prodigy,18:00:00,Utilita Arena Birmingham,Music,Birmingham,17FYvxG6uCqnOiT,https://www.ticketmaster.co.uk/the-prodigy-birmingham-18-04-2026/event/230062D39DAA0B3F,B1 2AA,52.479932,-1.914924
18/04/2026,Wacken Open Air Warm Up Party - Uk,17:30:00,Mama Roux's,Unknown,Birmingham,LvZ18Qbd8URDuf8ZlyTfg,https://www.universe.com/events/wacken-open-air-warm-up-party-uk-tickets-B5CGMH?ref=ticketmaster,B9 4AG,52.475166,-1.881852
19/04/2026,Out With The Buckleys,19:30:00,Birmingham Hippodrome Theatre,Arts & Theatre,Birmingham,G5vHZbwRLRvWe,https://www.ticketmaster.co.uk/out-with-the-buckleys-birmingham-19-04-2026/event/1F00632BDFBC1F42,B5 4TB,52.474291,-1.898637
19/04/2026,Suzi Quatro,19:30:00,Symphony Hall,Music,Birmingham,G5vHZblfRnVWy,https://www.ticketmaster.co.uk/suzi-quatro-birmingham-19-04-2026/event/1F0062B52FAB4F79,B1 2EA,52.478877,-1.910803
19/04/2026,Maggie Lindemann,19:00:00,O2 Institute Birmingham,Music,Birmingham,G5dzZbg7xIufB,https://www.ticketmaster.co.uk/maggie-lindemann-birmingham-19-04-2026/event/3E00635122A0D53A,B5 6DY,52.475756,-1.887562
21/04/2026,Vidura Bandara Rajapaksa - the Paradise Gothic Tour,18:45:00,Glee Club,Arts & Theatre,Birmingham,G5vHZbzNGA40b,https://www.ticketmaster.co.uk/vidura-bandara-rajapaksa-the-paradise-gothic-birmingham-21-04-2026/event/1F006388CC155918,B5 4TD,52.474541,-1.89662
21/04/2026,Dry Cleaning,19:00:00,XOYO Birmingham,Unknown,Birmingham,LvZ18QCSFXBBHYYZ00Es6,https://www.universe.com/events/dry-cleaning-tickets-T6YD2X?ref=ticketmaster,B94AG,52.47501827,-1.88087599
22/04/2026,Skillet,19:00:00,O2 Academy Birmingham,Music,Birmingham,G5dzZbS5bk61h,https://www.ticketmaster.co.uk/skillet-birmingham-22-04-2026/event/3E006332D818729B,B1 1DB,52.473277,-1.900215
22/04/2026,Aaron Rowe,19:00:00,O2 Institute2 Birmingham,Music,Birmingham,G5dzZ_eM5AKME,https://www.ticketmaster.co.uk/aaron-rowe-birmingham-22-04-2026/event/3E00642DCB153DE7,B5 6DY,52.475756,-1.887562
23/04/2026,Tom A. Smith,19:30:00,Sunflower Lounge,Music,Birmingham,G5vHZbznXi4e1,https://www.ticketmaster.co.uk/tom-a-smith-birmingham-23-04-2026/event/1F00638ABEB1508A,B5 4EG,52.47634,-1.89772
23/04/2026,YUNGBLUD,18:00:00,Utilita Arena Birmingham,Music,Birmingham,17FYvxG6G4yXOJf,https://www.ticketmaster.co.uk/yungblud-birmingham-23-04-2026/event/230062C579FA0994,B1 2AA,52.479932,-1.914924
24/04/2026,Godsticks,19:30:00,"The Victoria, Birmingham",Music,Birmingham,LvZ18QoShFzwxEZZwU24c,https://www.universe.com/events/godsticks-tickets-N1L9S8?ref=ticketmaster,B1 1BN,52.476568,-1.900914
24/04/2026,Cooper Alan - To the Pub Tour,19:00:00,O2 Institute Birmingham,Music,Birmingham,G5dzZbg0xSBbs,https://www.ticketmaster.co.uk/cooper-alan-to-the-pub-tour-birmingham-24-04-2026/event/3E00635922CFA631,B5 6DY,52.475756,-1.887562
24/04/2026,Alex Warren Presents: Little Orphan Alex Live,19:00:00,Utilita Arena Birmingham,Music,Birmingham,1kFYvNGFGAuYs4t,https://www.ticketmaster.co.uk/alex-warren-presents-little-orphan-alex-birmingham-24-04-2026/event/230063308DC31569,B1 2AA,52.479932,-1.914924
25/04/2026,The Lancashire Hotpots,19:00:00,O2 Academy2 Birmingham,Music,Birmingham,G5dzZbS0I0jFg,https://www.ticketmaster.co.uk/the-lancashire-hotpots-birmingham-25-04-2026/event/3E0063392891C235,B1 1DB,52.47406,-1.89955
25/04/2026,Just the Tonic Ed Byrne Special - Birmingham,20:00:00,Rosies,Arts & Theatre,Birmingham ,LvZ18Q4vCta94ROZt9lmf,https://www.universe.com/events/just-the-tonic-ed-byrne-special-birmingham-tickets-7NTCG0?ref=ticketmaster,B1 2HF ,52.477306,-1.911101
25/04/2026,GoldLink,19:00:00,O2 Institute2 Birmingham,Music,Birmingham,G5dzZbthPQxbW,https://www.ticketmaster.co.uk/goldlink-birmingham-25-04-2026/event/3E006296E56A263D,B5 6DY,52.475756,-1.887562
25/04/2026,Louis Tomlinson,18:00:00,Utilita Arena Birmingham,Music,Birmingham,1ANZkuvGketYomR,https://www.ticketmaster.co.uk/louis-tomlinson-birmingham-25-04-2026/event/23006341A9C11BAF,B1 2AA,52.479932,-1.914924
25/04/2026,PURE Garage Birmingham,14:00:00,XOYO Birmingham,Music,Birmingham,LvZ18QbiPmyt1AYZyMmeY,https://www.universe.com/events/pure-garage-birmingham-tickets-7YB12D?ref=ticketmaster,B94AG,52.47501827,-1.88087599
26/04/2026,Katacombs,19:30:00,Sunflower Lounge,Music,Birmingham,LvZ18Q4219Jrt3ZZ05EUS,https://www.universe.com/events/katacombs-tickets-08PTZ5?ref=ticketmaster,B5 4EG,52.47634,-1.89772
26/04/2026,Kane Brown - Crowd Work King,19:15:00,Glee Club,Arts & Theatre,Birmingham,G5vHZbgxnTErF,https://www.ticketmaster.co.uk/kane-brown-crowd-work-king-birmingham-26-04-2026/event/1F006358AAFE7788,B5 4TD,52.474541,-1.89662
26/04/2026,Aljaz & Janette: Let's Face the Music and Dance,19:30:00,Symphony Hall,Arts & Theatre,Birmingham,G5vHZbUCY-AHj,https://www.ticketmaster.co.uk/aljaz-janette-lets-face-the-music-birmingham-26-04-2026/event/1F006363B0845F1C,B1 2EA,52.478877,-1.910803
26/04/2026,Tucker Wetmore - the Brunette World Tour,19:00:00,O2 Academy Birmingham,Music,Birmingham,G5dzZbgrsh4fl,https://www.ticketmaster.co.uk/tucker-wetmore-the-brunette-world-tour-birmingham-26-04-2026/event/3E006357B16D552B,B1 1DB,52.473277,-1.900215
27/04/2026,YES - The Fragile Tour,20:00:00,Symphony Hall,Music,Birmingham,G5vHZbSk7k08k,https://www.ticketmaster.co.uk/yes-the-fragile-tour-birmingham-27-04-2026/event/1F006331841A4406,B1 2EA,52.478877,-1.910803
28/04/2026,Jim Henson's Labyrinth: In Concert,19:30:00,Symphony Hall,Film,Birmingham,G5vHZbV2ZYF3U,https://www.ticketmaster.co.uk/jim-hensons-labyrinth-in-concert-birmingham-28-04-2026/event/1F006343C0C084B6,B1 2EA,52.478877,-1.910803
29/04/2026,Tygers of Pan Tang X Demon,19:00:00,Asylum Bar and Venue,Music,Birmingham,1AdFZbwGkmTce29,https://www.ticketweb.uk/event/tygers-of-pan-tang-x-asylum-tickets/14554383?REFERRAL_ID=tmfeed,B19 3LS,52.488445,-1.902404
30/04/2026,Mc Hammersmith - Hippity Hoppity Get Off My Property,19:45:00,Glee Club,Arts & Theatre,Birmingham,G5vHZbRN95xQS,https://www.ticketmaster.co.uk/mc-hammersmith-hippity-hoppity-get-off-birmingham-30-04-2026/event/1F0062F8D72E26B3,B5 4TD,52.474541,-1.89662
30/04/2026,Party Cannon & Internal Bleeding,18:30:00,Asylum,Music,Birmingham,LvZ18QoM9Hgk8HOZ0z3eX,https://www.universe.com/events/party-cannon-internal-bleeding-tickets-C4TP37?ref=ticketmaster,B19 3LS,52.488445,-1.902404
01/05/2026,Sophie Garrad: Poor Little Rich Girl,19:45:00,Glee Club,Arts & Theatre,Birmingham,G5vHZbMxxBAjw,https://www.ticketmaster.co.uk/sophie-garrad-poor-little-rich-girl-birmingham-01-05-2026/event/1F006378A2E85732,B5 4TD,52.474541,-1.89662
01/05/2026,The Charlatans,19:00:00,O2 Academy Birmingham,Music,Birmingham,G5dzZbg4uecqu,https://www.ticketmaster.co.uk/the-charlatans-birmingham-01-05-2026/event/3E0063554D0AD74D,B1 1DB,52.473277,-1.900215
01/05/2026,Oli Brown & The Dead Collective,19:00:00,Birmingham Flapper,Unknown,Birmingham,LvZ18QCCPHvJgBOZlCoMR,https://www.universe.com/events/oli-brown-the-dead-collective-tickets-ZKNGD0?ref=ticketmaster,B1 2NU,52.480185,-1.912465
01/05/2026,Dragged Into Sunlight,18:30:00,Asylum,Music,Birmingham,LvZ18Q9stan2WcZZlTHmx,https://www.universe.com/events/dragged-into-sunlight-tickets-M1QGD9?ref=ticketmaster,B19 3LS,52.488445,-1.902404
01/05/2026,Peter Kay Live,20:00:00,Utilita Arena Birmingham,Arts & Theatre,Birmingham,G5djZ9b6dmUAx,https://www.ticketmaster.co.uk/peter-kay-live-birmingham-01-05-2026/event/37005D81C3BB6162,B1 2AA,52.479932,-1.914924
01/05/2026,Never Easy,18:00:00,Mama Roux's,Music,Birmingham,LvZ18QfAnkR9d78ZwBwGW,https://www.universe.com/events/never-easy-tickets-9CHJVF?ref=ticketmaster,B9 4AG,52.475166,-1.881852
02/05/2026,N0FX V RANC1D > A LIVE TRIBUTE,19:00:00,O2 Academy2 Birmingham,Music,Birmingham,G5dzZbzOUyHVW,https://www.ticketmaster.co.uk/n0fx-v-ranc1d-a-live-tribute-birmingham-02-05-2026/event/3E00638836E7CD3D,B1 1DB,52.47406,-1.89955
02/05/2026,Ludovico Einaudi,19:30:00,Symphony Hall,Arts & Theatre,Birmingham,G5vHZbm205MF7,https://www.ticketmaster.co.uk/ludovico-einaudi-birmingham-02-05-2026/event/1F0062E3E42F7204,B1 2EA,52.478877,-1.910803
02/05/2026,Ninja Sex Party & TWRP - Pure Elegance Tour,19:00:00,O2 Academy Birmingham,Arts & Theatre,Birmingham,G5dzZbUU85SnQ,https://www.ticketmaster.co.uk/ninja-sex-party-twrp-pure-elegance-birmingham-02-05-2026/event/3E00636D902F3A9A,B1 1DB,52.473277,-1.900215
02/05/2026,The 900,17:30:00,Birmingham Flapper,Music,Birmingham,17GOvxG6C2hWotq,https://www.ticketweb.uk/event/the-900-the-flapper-tickets/13859074?REFERRAL_ID=tmfeed,B1 2NU,52.480185,-1.912465
02/05/2026,Balu Brigada,19:00:00,O2 Institute Birmingham,Music,Birmingham,G5dzZbUlz6IpG,https://www.ticketmaster.co.uk/balu-brigada-birmingham-02-05-2026/event/3E00636AF81E858C,B5 6DY,52.475756,-1.887562
02/05/2026,Peter Kay Live,20:00:00,Utilita Arena Birmingham,Arts & Theatre,Birmingham,G5djZ9b6dRkA0,https://www.ticketmaster.co.uk/peter-kay-live-birmingham-02-05-2026/event/37005D81C3BC6164,B1 2AA,52.479932,-1.914924
02/05/2026,The Style Councillors,19:00:00,The Crossing Digbeth,Music,Birmingham,17GOvxG6GKrDv0J,https://www.ticketweb.uk/event/the-style-councillors-the-crossing-digbeth-tickets/13787504?REFERRAL_ID=tmfeed,B5 5SU,52.47536,-1.886384
04/05/2026,NE-YO & Akon: Nights Like This Tour 2026,18:30:00,Utilita Arena Birmingham,Music,Birmingham,11FYvN-_xbAxv2,https://www.ticketmaster.co.uk/neyo-akon-nights-like-this-tour-birmingham-04-05-2026/event/230063859898162E,B1 2AA,52.479932,-1.914924
05/05/2026,The Receipts Podcast,19:30:00,Town Hall Birmingham,Arts & Theatre,Birmingham,G5vHZbiJ5KZVd,https://www.ticketmaster.co.uk/the-receipts-podcast-birmingham-05-05-2026/event/1F0062C98B4C0D03,B3 3DQ,52.479447,-1.903587
05/05/2026,"Sue, Matt, & Phil LIVE! The Reunion Tour",19:30:00,Symphony Hall,Sports,Birmingham,G5vHZbYUJ2dA_,https://www.ticketmaster.co.uk/sue-matt-phil-live-the-reunion-birmingham-05-05-2026/event/1F00630DA63C3159,B1 2EA,52.478877,-1.910803
05/05/2026,NE-YO & Akon: Nights Like This Tour 2026,18:30:00,Utilita Arena Birmingham,Music,Birmingham,1ANZkCAGkdoGx1k,https://www.ticketmaster.co.uk/neyo-akon-nights-like-this-tour-birmingham-05-05-2026/event/23006385D1322286,B1 2AA,52.479932,-1.914924
05/05/2026,Jutes,19:00:00,XOYO Birmingham,Music,Birmingham,1AwZkCaGkd6UO-0,https://www.ticketweb.uk/event/jutes-xoyo-birmingham-tickets/13985064?REFERRAL_ID=tmfeed,B94AG,52.47501827,-1.88087599
06/05/2026,Pearl Charles,19:00:00,Sunflower Lounge,Music,Birmingham,G5vHZbUfeQyEE,https://www.ticketmaster.co.uk/pearl-charles-birmingham-06-05-2026/event/1F006365026B99E7,B5 4EG,52.47634,-1.89772
06/05/2026,Natalie Cuomo,19:45:00,Glee Club,Arts & Theatre,Birmingham,G5vHZbz6Xuteh,https://www.ticketmaster.co.uk/natalie-cuomo-birmingham-06-05-2026/event/1F006381FE36909B,B5 4TD,52.474541,-1.89662
07/05/2026,Cowboy Junkies,19:00:00,Town Hall Birmingham,Music,Birmingham,G5vHZ_drOg3lM,https://www.ticketmaster.co.uk/cowboy-junkies-birmingham-07-05-2026/event/1F006437A0D52AF7,B3 3DQ,52.479447,-1.903587
07/05/2026,PREYRS,19:30:00,"The Victoria, Birmingham",Music,Birmingham,LvZ18Q93bJW7k7YZw-BBt,https://www.universe.com/events/preyrs-tickets-7K1NM8?ref=ticketmaster,B1 1BN,52.476568,-1.900914
07/05/2026,Paul Carrack,19:30:00,Symphony Hall,Music,Birmingham,G5vHZbmktRUuG,https://www.ticketmaster.co.uk/paul-carrack-birmingham-07-05-2026/event/1F0062E1A9BF634C,B1 2EA,52.478877,-1.910803
08/05/2026,Apollo Junction,19:30:00,"The Victoria, Birmingham",Music,Birmingham,LvZ18QfhIr7FYyZZnKkyA,https://www.universe.com/events/apollo-junction-tickets-XQDMKG?ref=ticketmaster,B1 1BN,52.476568,-1.900914
08/05/2026,Krooked Tongue,19:30:00,Actress and Bishop,Music,Birmingham ,LvZ18Q2Z7aAreVYZlhyR5,https://www.universe.com/events/krooked-tongue-tickets-BD70WL?ref=ticketmaster,B3 1EH,52.4844,-1.90469
08/05/2026,Tide Lines,19:00:00,O2 Academy2 Birmingham,Music,Birmingham,G5dzZbwSXY-N9,https://www.ticketmaster.co.uk/tide-lines-birmingham-08-05-2026/event/3E00632CFEC218D7,B1 1DB,52.47406,-1.89955
08/05/2026,Alfie Boe,19:00:00,Symphony Hall,Arts & Theatre,Birmingham,G5vHZbg6EwaDZ,https://www.ticketmaster.co.uk/alfie-boe-birmingham-08-05-2026/event/1F006351E7C89EC0,B1 2EA,52.478877,-1.910803
08/05/2026,Asim Azhar,18:00:00,O2 Institute3 Birmingham,Music,Birmingham,G5dzZbzXOBd3Q,https://www.ticketmaster.co.uk/asim-azhar-birmingham-08-05-2026/event/3E00638FA0E8349A,B5 6DY,52.475756,-1.887562
09/05/2026,Daft Funk: Live A Retrospective Celebration of Daft Punk Performed Liv,19:00:00,O2 Academy2 Birmingham,Music,Birmingham,G5dzZbsSLGw7O,https://www.ticketmaster.co.uk/daft-funk-live-a-retrospective-celebration-birmingham-09-05-2026/event/3E00631CDF332120,B1 1DB,52.47406,-1.89955
09/05/2026,The Mercians,19:00:00,O2 Institute2 Birmingham,Music,Birmingham,G5dzZbSUDjVOB,https://www.ticketmaster.co.uk/the-mercians-birmingham-09-05-2026/event/3E00633DBB73483A,B5 6DY,52.475756,-1.887562
09/05/2026,Gabrielle Aplin,19:00:00,O2 Institute Birmingham,Music,Birmingham,G5dzZbgpCbSq_,https://www.ticketmaster.co.uk/gabrielle-aplin-birmingham-09-05-2026/event/3E0063558E633759,B5 6DY,52.475756,-1.887562
09/05/2026,Tame Impala,18:00:00,Utilita Arena Birmingham,Music,Birmingham,1AeGZbSGktH1vYC,https://www.ticketmaster.co.uk/tame-impala-birmingham-09-05-2026/event/2300633A7C281C0E,B1 2AA,52.479932,-1.914924
10/05/2026,Au/Ra,19:00:00,O2 Institute3 Birmingham,Music,Birmingham,G5dzZbz330fvZ,https://www.ticketmaster.co.uk/aura-birmingham-10-05-2026/event/3E00638492914040,B5 6DY,52.475756,-1.887562
11/05/2026,Operation Mincemeat: A New Musical,19:30:00,The Alexandra,Arts & Theatre,Birmingham,17uOvxG6G5v_N-b,https://www.ticketmaster.co.uk/operation-mincemeat-a-new-musical-birmingham-11-05-2026/event/360062C2C1663858,B5 4DS,52.476145,-1.901239
15/04/2026,Balancing Act,19:00:00,Hare and Hounds,Music,Birmingham,G5vHZbMN2mMVg,https://www.ticketmaster.co.uk/balancing-act-birmingham-15-04-2026/event/1F006378CFBB7D35,B14 7JZ,52.435854,-1.893003
12/04/2026,Zo! & Tall Black Guy feat Deborah Bond - Live in Birmingham (UK),19:30:00,Hare & Hounds,Music,Birmingham,LvZ18Q4Hsk6wlwOZ0F56v,https://www.universe.com/events/zo-tall-black-guy-feat-deborah-bond-live-in-birmingham-uk-tickets-RSQXD3?ref=ticketmaster,B14 7JZ,52.435644,-1.892954
21/04/2026,The Sophs,19:00:00,Hare & Hounds,Music,Birmingham,1AwZkufGkd_MdZx,https://www.ticketweb.uk/event/the-sophs-hare-hounds-tickets/14631463?REFERRAL_ID=tmfeed,B14 7JZ,52.435644,-1.892954
21/04/2026,Jade Helliwell,19:00:00,Hare & Hounds,Music,Birmingham,LvZ18QFuEZGMlFYZl3hY_,https://www.universe.com/events/jade-helliwell-tickets-L034H5?ref=ticketmaster,B14 7JZ,52.435644,-1.892954
24/04/2026,Shearling,19:30:00,Hare & Hounds,Music,Birmingham,LvZ18Q4yG2B3ceZZ0oN8o,https://www.universe.com/events/shearling-tickets-L2Q4YT?ref=ticketmaster,B14 7JZ,52.435644,-1.892954
24/04/2026,Rick Astley The Reflection Tour 2026,18:00:00,bp pulse LIVE,Music,Birmingham,1AeGZbsGkUbiYM0,https://www.ticketmaster.co.uk/rick-astley-the-reflection-tour-2026-birmingham-24-04-2026/event/2300631D98B30DE4,B401NT,52.453057,-1.720073
07/05/2026,Conan Gray: Wishbone World Tour With Special Guest Esha Tewari,18:00:00,bp pulse LIVE,Music,Birmingham,1ANZku8Gkd-r-hh,https://www.ticketmaster.co.uk/conan-gray-wishbone-world-tour-with-birmingham-07-05-2026/event/23006350E17A16DB,B401NT,52.453057,-1.720073
02/05/2026,The Gladiators Experience,,NEC,Miscellaneous,Birmingham,G5vHZbgmf9P6p,https://www.ticketmaster.co.uk/the-gladiators-experience-birmingham-02-05-2026/event/1F00635B945E51D6,B40 1NT,52.453266,-1.717158
02/05/2026,Gladiators Experience,18:00:00,NEC,Miscellaneous,Birmingham,LvZ18Qo9WPCnjSZZvTs26,https://www.universe.com/events/gladiators-experience-tickets-NX6RCG?ref=ticketmaster,B40 1NT,52.453266,-1.717158
02/05/2026,Gladiators Experience,16:30:00,NEC,Miscellaneous,Birmingham,LvZ18Qo9WPCnjSZZvTs27,https://www.universe.com/events/gladiators-experience-tickets-NX6RCG?ref=ticketmaster,B40 1NT,52.453266,-1.717158
02/05/2026,Gladiators Experience,17:00:00,NEC,Miscellaneous,Birmingham,LvZ18Qo9WPCnjSZZvTs2A,https://www.universe.com/events/gladiators-experience-tickets-NX6RCG?ref=ticketmaster,B40 1NT,52.453266,-1.717158
02/05/2026,Gladiators Experience,14:30:00,NEC,Miscellaneous,Birmingham,LvZ18Qo9WPCnjSZZvTs2Z,https://www.universe.com/events/gladiators-experience-tickets-NX6RCG?ref=ticketmaster,B40 1NT,52.453266,-1.717158
02/05/2026,Gladiators Experience,16:00:00,NEC,Miscellaneous,Birmingham,LvZ18Qo9WPCnjSZZvTs2d,https://www.universe.com/events/gladiators-experience-tickets-NX6RCG?ref=ticketmaster,B40 1NT,52.453266,-1.717158
02/05/2026,Gladiators Experience,15:30:00,NEC,Miscellaneous,Birmingham,LvZ18Qo9WPCnjSZZvTs2e,https://www.universe.com/events/gladiators-experience-tickets-NX6RCG?ref=ticketmaster,B40 1NT,52.453266,-1.717158
02/05/2026,Gladiators Experience,17:30:00,NEC,Miscellaneous,Birmingham,LvZ18Qo9WPCnjSZZvTs2k,https://www.universe.com/events/gladiators-experience-tickets-NX6RCG?ref=ticketmaster,B40 1NT,52.453266,-1.717158
02/05/2026,Gladiators Experience,15:00:00,NEC,Miscellaneous,Birmingham,LvZ18Qo9WPCnjSZZvTs2v,https://www.universe.com/events/gladiators-experience-tickets-NX6RCG?ref=ticketmaster,B40 1NT,52.453266,-1.717158
02/05/2026,Gladiators Experience,11:30:00,NEC,Miscellaneous,Birmingham,LvZ18Qo9WPCnjSZZvTsCB,https://www.universe.com/events/gladiators-experience-tickets-NX6RCG?ref=ticketmaster,B40 1NT,52.453266,-1.717158
02/05/2026,Gladiators Experience,12:00:00,NEC,Miscellaneous,Birmingham,LvZ18Qo9WPCnjSZZvTsCD,https://www.universe.com/events/gladiators-experience-tickets-NX6RCG?ref=ticketmaster,B40 1NT,52.453266,-1.717158
02/05/2026,Gladiators Experience,12:30:00,NEC,Miscellaneous,Birmingham,LvZ18Qo9WPCnjSZZvTsCH,https://www.universe.com/events/gladiators-experience-tickets-NX6RCG?ref=ticketmaster,B40 1NT,52.453266,-1.717158
02/05/2026,Gladiators Experience,10:00:00,NEC,Miscellaneous,Birmingham,LvZ18Qo9WPCnjSZZvTsCM,https://www.universe.com/events/gladiators-experience-tickets-NX6RCG?ref=ticketmaster,B40 1NT,52.453266,-1.717158
02/05/2026,Gladiators Experience,14:00:00,NEC,Miscellaneous,Birmingham,LvZ18Qo9WPCnjSZZvTsCT,https://www.universe.com/events/gladiators-experience-tickets-NX6RCG?ref=ticketmaster,B40 1NT,52.453266,-1.717158
02/05/2026,Gladiators Experience,09:00:00,NEC,Miscellaneous,Birmingham,LvZ18Qo9WPCnjSZZvTsCU,https://www.universe.com/events/gladiators-experience-tickets-NX6RCG?ref=ticketmaster,B40 1NT,52.453266,-1.717158
02/05/2026,Gladiators Experience,13:00:00,NEC,Miscellaneous,Birmingham,LvZ18Qo9WPCnjSZZvTsCW,https://www.universe.com/events/gladiators-experience-tickets-NX6RCG?ref=ticketmaster,B40 1NT,52.453266,-1.717158
02/05/2026,Gladiators Experience,13:30:00,NEC,Miscellaneous,Birmingham,LvZ18Qo9WPCnjSZZvTsCX,https://www.universe.com/events/gladiators-experience-tickets-NX6RCG?ref=ticketmaster,B40 1NT,52.453266,-1.717158
02/05/2026,Gladiators Experience,11:00:00,NEC,Miscellaneous,Birmingham,LvZ18Qo9WPCnjSZZvTsCy,https://www.universe.com/events/gladiators-experience-tickets-NX6RCG?ref=ticketmaster,B40 1NT,52.453266,-1.717158
02/05/2026,Gladiators Experience,10:30:00,NEC,Miscellaneous,Birmingham,LvZ18Qo9WPCnjSZZvTsCz,https://www.universe.com/events/gladiators-experience-tickets-NX6RCG?ref=ticketmaster,B40 1NT,52.453266,-1.717158
03/05/2026,Gladiators Experience,10:30:00,NEC,Miscellaneous,Birmingham,LvZ18Qo9WPCnjSZZvTs21,https://www.universe.com/events/gladiators-experience-tickets-NX6RCG?ref=ticketmaster,B40 1NT,52.453266,-1.717158
03/05/2026,Gladiators Experience,13:00:00,NEC,Miscellaneous,Birmingham,LvZ18Qo9WPCnjSZZvTs22,https://www.universe.com/events/gladiators-experience-tickets-NX6RCG?ref=ticketmaster,B40 1NT,52.453266,-1.717158
03/05/2026,Gladiators Experience,14:30:00,NEC,Miscellaneous,Birmingham,LvZ18Qo9WPCnjSZZvTs23,https://www.universe.com/events/gladiators-experience-tickets-NX6RCG?ref=ticketmaster,B40 1NT,52.453266,-1.717158
03/05/2026,Gladiators Experience,11:00:00,NEC,Miscellaneous,Birmingham,LvZ18Qo9WPCnjSZZvTs25,https://www.universe.com/events/gladiators-experience-tickets-NX6RCG?ref=ticketmaster,B40 1NT,52.453266,-1.717158
03/05/2026,Gladiators Experience,13:30:00,NEC,Miscellaneous,Birmingham,LvZ18Qo9WPCnjSZZvTs28,https://www.universe.com/events/gladiators-experience-tickets-NX6RCG?ref=ticketmaster,B40 1NT,52.453266,-1.717158
03/05/2026,Gladiators Experience,12:30:00,NEC,Miscellaneous,Birmingham,LvZ18Qo9WPCnjSZZvTs2C,https://www.universe.com/events/gladiators-experience-tickets-NX6RCG?ref=ticketmaster,B40 1NT,52.453266,-1.717158
03/05/2026,Gladiators Experience,09:00:00,NEC,Miscellaneous,Birmingham,LvZ18Qo9WPCnjSZZvTs2F,https://www.universe.com/events/gladiators-experience-tickets-NX6RCG?ref=ticketmaster,B40 1NT,52.453266,-1.717158
03/05/2026,Gladiators Experience,11:30:00,NEC,Miscellaneous,Birmingham,LvZ18Qo9WPCnjSZZvTs2G,https://www.universe.com/events/gladiators-experience-tickets-NX6RCG?ref=ticketmaster,B40 1NT,52.453266,-1.717158
03/05/2026,Gladiators Experience,15:00:00,NEC,Miscellaneous,Birmingham,LvZ18Qo9WPCnjSZZvTs2K,https://www.universe.com/events/gladiators-experience-tickets-NX6RCG?ref=ticketmaster,B40 1NT,52.453266,-1.717158
03/05/2026,Gladiators Experience,10:00:00,NEC,Miscellaneous,Birmingham,LvZ18Qo9WPCnjSZZvTs2a,https://www.universe.com/events/gladiators-experience-tickets-NX6RCG?ref=ticketmaster,B40 1NT,52.453266,-1.717158
03/05/2026,Gladiators Experience,15:30:00,NEC,Miscellaneous,Birmingham,LvZ18Qo9WPCnjSZZvTs2f,https://www.universe.com/events/gladiators-experience-tickets-NX6RCG?ref=ticketmaster,B40 1NT,52.453266,-1.717158
03/05/2026,Gladiators Experience,14:00:00,NEC,Miscellaneous,Birmingham,LvZ18Qo9WPCnjSZZvTs2o,https://www.universe.com/events/gladiators-experience-tickets-NX6RCG?ref=ticketmaster,B40 1NT,52.453266,-1.717158
03/05/2026,Gladiators Experience,12:00:00,NEC,Miscellaneous,Birmingham,LvZ18Qo9WPCnjSZZvTs2u,https://www.universe.com/events/gladiators-experience-tickets-NX6RCG?ref=ticketmaster,B40 1NT,52.453266,-1.717158
04/05/2026,Gladiators Experience,13:00:00,NEC,Miscellaneous,Birmingham,LvZ18Q336Qf7hrOZvkwg-,https://www.universe.com/events/gladiators-experience-tickets-NX6RCG?ref=ticketmaster,B40 1NT,52.453266,-1.717158
04/05/2026,Gladiators Experience,14:30:00,NEC,Miscellaneous,Birmingham,LvZ18Q336Qf7hrOZvkwg0,https://www.universe.com/events/gladiators-experience-tickets-NX6RCG?ref=ticketmaster,B40 1NT,52.453266,-1.717158
04/05/2026,Gladiators Experience,15:30:00,NEC,Miscellaneous,Birmingham,LvZ18Q336Qf7hrOZvkwgJ,https://www.universe.com/events/gladiators-experience-tickets-NX6RCG?ref=ticketmaster,B40 1NT,52.453266,-1.717158
04/05/2026,Gladiators Experience,12:00:00,NEC,Miscellaneous,Birmingham,LvZ18Q336Qf7hrOZvkwgL,https://www.universe.com/events/gladiators-experience-tickets-NX6RCG?ref=ticketmaster,B40 1NT,52.453266,-1.717158
04/05/2026,Gladiators Experience,14:00:00,NEC,Miscellaneous,Birmingham,LvZ18Q336Qf7hrOZvkwgN,https://www.universe.com/events/gladiators-experience-tickets-NX6RCG?ref=ticketmaster,B40 1NT,52.453266,-1.717158
04/05/2026,Gladiators Experience,12:30:00,NEC,Miscellaneous,Birmingham,LvZ18Q336Qf7hrOZvkwgO,https://www.universe.com/events/gladiators-experience-tickets-NX6RCG?ref=ticketmaster,B40 1NT,52.453266,-1.717158
04/05/2026,Gladiators Experience,15:00:00,NEC,Miscellaneous,Birmingham,LvZ18Q336Qf7hrOZvkwgP,https://www.universe.com/events/gladiators-experience-tickets-NX6RCG?ref=ticketmaster,B40 1NT,52.453266,-1.717158
04/05/2026,Gladiators Experience,09:00:00,NEC,Miscellaneous,Birmingham,LvZ18Q336Qf7hrOZvkwgQ,https://www.universe.com/events/gladiators-experience-tickets-NX6RCG?ref=ticketmaster,B40 1NT,52.453266,-1.717158
04/05/2026,Gladiators Experience,10:00:00,NEC,Miscellaneous,Birmingham,LvZ18Q336Qf7hrOZvkwgh,https://www.universe.com/events/gladiators-experience-tickets-NX6RCG?ref=ticketmaster,B40 1NT,52.453266,-1.717158
04/05/2026,Gladiators Experience,10:30:00,NEC,Miscellaneous,Birmingham,LvZ18Q336Qf7hrOZvkwgj,https://www.universe.com/events/gladiators-experience-tickets-NX6RCG?ref=ticketmaster,B40 1NT,52.453266,-1.717158
04/05/2026,Gladiators Experience,11:00:00,NEC,Miscellaneous,Birmingham,LvZ18Q336Qf7hrOZvkwgq,https://www.universe.com/events/gladiators-experience-tickets-NX6RCG?ref=ticketmaster,B40 1NT,52.453266,-1.717158
04/05/2026,Gladiators Experience,11:30:00,NEC,Miscellaneous,Birmingham,LvZ18Q336Qf7hrOZvkwgr,https://www.universe.com/events/gladiators-experience-tickets-NX6RCG?ref=ticketmaster,B40 1NT,52.453266,-1.717158
04/05/2026,Gladiators Experience,13:30:00,NEC,Miscellaneous,Birmingham,LvZ18Q336Qf7hrOZvkwgx,https://www.universe.com/events/gladiators-experience-tickets-NX6RCG?ref=ticketmaster,B40 1NT,52.453266,-1.717158
08/05/2026,Gladiators Experience,16:00:00,NEC,Miscellaneous,Birmingham,LvZ18Qo9WPCnjSZZvTs2E,https://www.universe.com/events/gladiators-experience-tickets-NX6RCG?ref=ticketmaster,B40 1NT,52.453266,-1.717158
08/05/2026,Gladiators Experience,18:00:00,NEC,Miscellaneous,Birmingham,LvZ18Qo9WPCnjSZZvTs2l,https://www.universe.com/events/gladiators-experience-tickets-NX6RCG?ref=ticketmaster,B40 1NT,52.453266,-1.717158
08/05/2026,Gladiators Experience,17:30:00,NEC,Miscellaneous,Birmingham,LvZ18Qo9WPCnjSZZvTs2n,https://www.universe.com/events/gladiators-experience-tickets-NX6RCG?ref=ticketmaster,B40 1NT,52.453266,-1.717158
08/05/2026,Gladiators Experience,17:00:00,NEC,Miscellaneous,Birmingham,LvZ18Qo9WPCnjSZZvTs2t,https://www.universe.com/events/gladiators-experience-tickets-NX6RCG?ref=ticketmaster,B40 1NT,52.453266,-1.717158
08/05/2026,Gladiators Experience,18:30:00,NEC,Miscellaneous,Birmingham,LvZ18Qob5HlQ24ZZvwJTB,https://www.universe.com/events/gladiators-experience-tickets-NX6RCG?ref=ticketmaster,B40 1NT,52.453266,-1.717158
09/05/2026,Gladiators Experience,16:30:00,NEC,Miscellaneous,Birmingham,LvZ18Qo9WPCnjSZZvTs2B,https://www.universe.com/events/gladiators-experience-tickets-NX6RCG?ref=ticketmaster,B40 1NT,52.453266,-1.717158
09/05/2026,Gladiators Experience,17:00:00,NEC,Miscellaneous,Birmingham,LvZ18Qo9WPCnjSZZvTs2D,https://www.universe.com/events/gladiators-experience-tickets-NX6RCG?ref=ticketmaster,B40 1NT,52.453266,-1.717158
09/05/2026,Gladiators Experience,17:30:00,NEC,Miscellaneous,Birmingham,LvZ18Qo9WPCnjSZZvTs2H,https://www.universe.com/events/gladiators-experience-tickets-NX6RCG?ref=ticketmaster,B40 1NT,52.453266,-1.717158
09/05/2026,Gladiators Experience,15:00:00,NEC,Miscellaneous,Birmingham,LvZ18Qo9WPCnjSZZvTs2M,https://www.universe.com/events/gladiators-experience-tickets-NX6RCG?ref=ticketmaster,B40 1NT,52.453266,-1.717158
09/05/2026,Gladiators Experience,11:00:00,NEC,Miscellaneous,Birmingham,LvZ18Qo9WPCnjSZZvTs2R,https://www.universe.com/events/gladiators-experience-tickets-NX6RCG?ref=ticketmaster,B40 1NT,52.453266,-1.717158
09/05/2026,Gladiators Experience,13:00:00,NEC,Miscellaneous,Birmingham,LvZ18Qo9WPCnjSZZvTs2S,https://www.universe.com/events/gladiators-experience-tickets-NX6RCG?ref=ticketmaster,B40 1NT,52.453266,-1.717158
09/05/2026,Gladiators Experience,14:30:00,NEC,Miscellaneous,Birmingham,LvZ18Qo9WPCnjSZZvTs2U,https://www.universe.com/events/gladiators-experience-tickets-NX6RCG?ref=ticketmaster,B40 1NT,52.453266,-1.717158
09/05/2026,Gladiators Experience,13:30:00,NEC,Miscellaneous,Birmingham,LvZ18Qo9WPCnjSZZvTs2V,https://www.universe.com/events/gladiators-experience-tickets-NX6RCG?ref=ticketmaster,B40 1NT,52.453266,-1.717158
09/05/2026,Gladiators Experience,18:00:00,NEC,Miscellaneous,Birmingham,LvZ18Qo9WPCnjSZZvTs2W,https://www.universe.com/events/gladiators-experience-tickets-NX6RCG?ref=ticketmaster,B40 1NT,52.453266,-1.717158
09/05/2026,Gladiators Experience,11:30:00,NEC,Miscellaneous,Birmingham,LvZ18Qo9WPCnjSZZvTs2Y,https://www.universe.com/events/gladiators-experience-tickets-NX6RCG?ref=ticketmaster,B40 1NT,52.453266,-1.717158
09/05/2026,Gladiators Experience,10:00:00,NEC,Miscellaneous,Birmingham,LvZ18Qo9WPCnjSZZvTs2c,https://www.universe.com/events/gladiators-experience-tickets-NX6RCG?ref=ticketmaster,B40 1NT,52.453266,-1.717158
09/05/2026,Gladiators Experience,14:00:00,NEC,Miscellaneous,Birmingham,LvZ18Qo9WPCnjSZZvTs2g,https://www.universe.com/events/gladiators-experience-tickets-NX6RCG?ref=ticketmaster,B40 1NT,52.453266,-1.717158
09/05/2026,Gladiators Experience,09:00:00,NEC,Miscellaneous,Birmingham,LvZ18Qo9WPCnjSZZvTs2i,https://www.universe.com/events/gladiators-experience-tickets-NX6RCG?ref=ticketmaster,B40 1NT,52.453266,-1.717158
09/05/2026,Gladiators Experience,10:30:00,NEC,Miscellaneous,Birmingham,LvZ18Qo9WPCnjSZZvTs2m,https://www.universe.com/events/gladiators-experience-tickets-NX6RCG?ref=ticketmaster,B40 1NT,52.453266,-1.717158
09/05/2026,Gladiators Experience,12:00:00,NEC,Miscellaneous,Birmingham,LvZ18Qo9WPCnjSZZvTs2s,https://www.universe.com/events/gladiators-experience-tickets-NX6RCG?ref=ticketmaster,B40 1NT,52.453266,-1.717158
09/05/2026,Gladiators Experience,12:30:00,NEC,Miscellaneous,Birmingham,LvZ18Qo9WPCnjSZZvTs2w,https://www.universe.com/events/gladiators-experience-tickets-NX6RCG?ref=ticketmaster,B40 1NT,52.453266,-1.717158
09/05/2026,Gladiators Experience,16:00:00,NEC,Miscellaneous,Birmingham,LvZ18Qo9WPCnjSZZvTs2y,https://www.universe.com/events/gladiators-experience-tickets-NX6RCG?ref=ticketmaster,B40 1NT,52.453266,-1.717158
09/05/2026,Gladiators Experience,15:30:00,NEC,Miscellaneous,Birmingham,LvZ18Qo9WPCnjSZZvTs2z,https://www.universe.com/events/gladiators-experience-tickets-NX6RCG?ref=ticketmaster,B40 1NT,52.453266,-1.717158
10/05/2026,Gladiators Experience,10:00:00,NEC,Miscellaneous,Birmingham,LvZ18Qo9WPCnjSZZvTs2T,https://www.universe.com/events/gladiators-experience-tickets-NX6RCG?ref=ticketmaster,B40 1NT,52.453266,-1.717158
10/05/2026,Gladiators Experience,09:00:00,NEC,Miscellaneous,Birmingham,LvZ18Qo9WPCnjSZZvTs2X,https://www.universe.com/events/gladiators-experience-tickets-NX6RCG?ref=ticketmaster,B40 1NT,52.453266,-1.717158
10/05/2026,Gladiators Experience,15:30:00,NEC,Miscellaneous,Birmingham,LvZ18Qo9WPCnjSZZvTs81,https://www.universe.com/events/gladiators-experience-tickets-NX6RCG?ref=ticketmaster,B40 1NT,52.453266,-1.717158
10/05/2026,Gladiators Experience,14:00:00,NEC,Miscellaneous,Birmingham,LvZ18Qo9WPCnjSZZvTs86,https://www.universe.com/events/gladiators-experience-tickets-NX6RCG?ref=ticketmaster,B40 1NT,52.453266,-1.717158
10/05/2026,Gladiators Experience,12:30:00,NEC,Miscellaneous,Birmingham,LvZ18Qo9WPCnjSZZvTs87,https://www.universe.com/events/gladiators-experience-tickets-NX6RCG?ref=ticketmaster,B40 1NT,52.453266,-1.717158
10/05/2026,Gladiators Experience,13:00:00,NEC,Miscellaneous,Birmingham,LvZ18Qo9WPCnjSZZvTs8A,https://www.universe.com/events/gladiators-experience-tickets-NX6RCG?ref=ticketmaster,B40 1NT,52.453266,-1.717158
10/05/2026,Gladiators Experience,14:30:00,NEC,Miscellaneous,Birmingham,LvZ18Qo9WPCnjSZZvTs8F,https://www.universe.com/events/gladiators-experience-tickets-NX6RCG?ref=ticketmaster,B40 1NT,52.453266,-1.717158
10/05/2026,Gladiators Experience,10:30:00,NEC,Miscellaneous,Birmingham,LvZ18Qo9WPCnjSZZvTs8Z,https://www.universe.com/events/gladiators-experience-tickets-NX6RCG?ref=ticketmaster,B40 1NT,52.453266,-1.717158
10/05/2026,Gladiators Experience,15:00:00,NEC,Miscellaneous,Birmingham,LvZ18Qo9WPCnjSZZvTs8a,https://www.universe.com/events/gladiators-experience-tickets-NX6RCG?ref=ticketmaster,B40 1NT,52.453266,-1.717158
10/05/2026,Gladiators Experience,12:00:00,NEC,Miscellaneous,Birmingham,LvZ18Qo9WPCnjSZZvTs8d,https://www.universe.com/events/gladiators-experience-tickets-NX6RCG?ref=ticketmaster,B40 1NT,52.453266,-1.717158
10/05/2026,Gladiators Experience,11:30:00,NEC,Miscellaneous,Birmingham,LvZ18Qo9WPCnjSZZvTs8e,https://www.universe.com/events/gladiators-experience-tickets-NX6RCG?ref=ticketmaster,B40 1NT,52.453266,-1.717158
10/05/2026,Gladiators Experience,13:30:00,NEC,Miscellaneous,Birmingham,LvZ18Qo9WPCnjSZZvTs8k,https://www.universe.com/events/gladiators-experience-tickets-NX6RCG?ref=ticketmaster,B40 1NT,52.453266,-1.717158
10/05/2026,Gladiators Experience,11:00:00,NEC,Miscellaneous,Birmingham,LvZ18Qo9WPCnjSZZvTs8v,https://www.universe.com/events/gladiators-experience-tickets-NX6RCG?ref=ticketmaster,B40 1NT,52.453266,-1.717158
09/05/2026,What's Love Got To Do With It?,18:30:00,Dudley Town Hall,Music,Dudley,1AdfZbJGkBQg3_n,https://www.ticketmaster.co.uk/whats-love-got-to-do-with-dudley-09-05-2026/event/3500626E9AD5266A,DY1 1HP,52.51174,-2.08611
22/04/2026,Sari Schorr,19:00:00,KK's Steel Mill,Music,Wolverhampton,LvZ18Q4R_Gtz2UZZwiYoO,https://www.universe.com/events/sari-schorr-tickets-DJ679N?ref=ticketmaster,WV2 4DU,52.5786863,-2.1309853
24/04/2026,Fury & King Kraken,19:00:00,KK's Steel Mill,Music,Wolverhampton,LvZ18Q4RfQyz2UZZwiYZ4,https://www.universe.com/events/fury-king-kraken-tickets-KNXHWS?ref=ticketmaster,WV2 4DU,52.5786863,-2.1309853
25/04/2026,"Tyketto, Warrior Soul, Collateral",18:30:00,KK's Steel Mill,Music,Wolverhampton,1AwZkugGkdRmKGj,https://www.ticketweb.uk/event/tyketto-warrior-soul-collateral-kks-steel-mill-tickets/14711333?REFERRAL_ID=tmfeed,WV2 4DU,52.5786863,-2.1309853
28/04/2026,Lansdowne,19:00:00,KK's Steel Mill,Music,Wolverhampton,17GOvxG62T0Vs-Q,https://www.ticketweb.uk/event/lansdowne-kks-steel-mill-tickets/13924074?REFERRAL_ID=tmfeed,WV2 4DU,52.5786863,-2.1309853
30/04/2026,Dogma,19:00:00,KK's Steel Mill,Music,Wolverhampton,1AwZkGxGkezlZlm,https://www.ticketweb.uk/event/dogma-kks-steel-mill-tickets/14532203?REFERRAL_ID=tmfeed,WV2 4DU,52.5786863,-2.1309853
01/05/2026,EMF Plus Bis,19:00:00,KK's Steel Mill,Music,Wolverhampton,LvZ18Q274oCgvjOZla5ZF,https://www.universe.com/events/emf-plus-bis-tickets-SVT0K8?ref=ticketmaster,WV2 4DU,52.5786863,-2.1309853
10/05/2026,Simon Reeve: To The Ends Of The Earth,19:30:00,Wolverhampton Grand Theatre,Arts & Theatre,Wolverhampton,17uYvxG61LO1evY,https://www.ticketmaster.co.uk/simon-reeve-to-the-ends-of-wolverhampton-10-05-2026/event/370062A7E0282070,WV1 1DE,52.586493,-2.124205
11/05/2026,La Traviata - Ellen Kent's Farewell Opera Tour,19:30:00,Wolverhampton Grand Theatre,Arts & Theatre,Wolverhampton,16djZbwpbG7S-ZX,https://www.ticketmaster.co.uk/la-traviata-ellen-kents-farewell-opera-wolverhampton-11-05-2026/event/3700632598CE103E,WV1 1DE,52.586493,-2.124205
01/05/2026,Michael Starring Ben,19:30:00,Redditch Palace Theatre,Music,Redditch,G5vHZbITcd0-N,https://www.ticketmaster.co.uk/michael-starring-ben-redditch-01-05-2026/event/1F00628FED0E4863,B98 8AE,52.30628833,-1.93926599
23/04/2026,John Mulaney: Mister Whatever,19:30:00,University of Wolverhampton at The Civic Hall,Arts & Theatre,Wolverhampton,G5vHZbz5EDFYy,https://www.ticketmaster.co.uk/john-mulaney-mister-whatever-wolverhampton-23-04-2026/event/1F006382E7EC8C39,WV1 1RQ,52.586653,-2.130802
25/04/2026,Jeremy Kyle - Tells it like it is LIVE,19:00:00,University of Wolverhampton at The Civic Hall,Arts & Theatre,Wolverhampton,G5vHZbP3JCvcU,https://www.ticketmaster.co.uk/jeremy-kyle-tells-it-like-it-wolverhampton-25-04-2026/event/1F006254A6381B76,WV1 1RQ,52.586653,-2.130802
18/04/2026,The Comedy Store - Kidderminster,20:00:00,Kidderminster Town Hall,Arts & Theatre,Kidderminster,G5vHZbwEq7-Ih,https://www.ticketmaster.co.uk/the-comedy-store-kidderminster-kidderminster-18-04-2026/event/1F006329DD121A1B,dy101db,52.3874,-2.24884
26/04/2026,Michaela Strachan - Not Just a Wild Life,19:30:00,"Warwick Arts Centre, Coventry",Arts & Theatre,Coventry,G5vHZbwpvL8Sm,https://www.ticketmaster.co.uk/michaela-strachan-not-just-a-wild-coventry-26-04-2026/event/1F006325817D0CEE,CV47AL,52.373743,-1.552358
29/04/2026,Rumours of Fleetwood Mac,19:30:00,"Warwick Arts Centre, Coventry",Music,Coventry,G5vHZbwxfs80Q,https://www.ticketmaster.co.uk/rumours-of-fleetwood-mac-coventry-29-04-2026/event/1F00632894C5091A,CV47AL,52.373743,-1.552358
01/05/2026,Kane Brown - Crowd Work King,19:30:00,"Warwick Arts Centre, Coventry",Arts & Theatre,Coventry,G5vHZbgx0xE6-,https://www.ticketmaster.co.uk/kane-brown-crowd-work-king-coventry-01-05-2026/event/1F006358A48A71E1,CV47AL,52.373743,-1.552358
02/05/2026,Pete Firman: Tricks & Giggles,14:00:00,"Warwick Arts Centre, Coventry",Arts & Theatre,Coventry,G5vHZbJiux3yz,https://www.ticketmaster.co.uk/pete-firman-tricks-giggles-coventry-02-05-2026/event/1F00626B0D892E78,CV47AL,52.373743,-1.552358
02/05/2026,Haircut 100,19:30:00,"Warwick Arts Centre, Coventry",Music,Coventry,G5vHZbpkfevG-,https://www.ticketmaster.co.uk/haircut-100-coventry-02-05-2026/event/1F00616194081321,CV47AL,52.373743,-1.552358
07/05/2026,Alfie Boe,19:30:00,"Warwick Arts Centre, Coventry",Arts & Theatre,Coventry,G5vHZbg6Trl7p,https://www.ticketmaster.co.uk/alfie-boe-coventry-07-05-2026/event/1F006351FF7AB116,CV47AL,52.373743,-1.552358
08/05/2026,Birmingham Panthers v Loughborough Lightning,19:00:00,Coventry Skydome Arena,Sports,Coventry,1AdjZbzGknSnk46,https://www.eticketing.co.uk/birminghampanthers/EDP/Event/Index/35?utm_source=Ticketmaster&utm_medium=Shell-Event&utm_campaign=cl:B-panthers-chl:Shell-Event-v.L,CV1 3AZ,52.40701264,-1.51783409
21/04/2026,Sink or Swim present Kris Drever + Annie Dressner,19:30:00,The Tin Music and Arts,Music,Coventry,LvZ18Q3hQzvuy4Yv6p5iz,https://www.universe.com/events/sink-or-swim-present-kris-drever-annie-dressner-tickets-YSKQGF?ref=ticketmaster,CV14LY,52.41328,-1.51257
26/04/2026,Sink or Swim present Ida Wenøe & Samantha Whates,19:30:00,The Tin Music and Arts,Unknown,Coventry,LvZ18QokXPM4cgZZlSLt0,https://www.universe.com/events/sink-or-swim-present-ida-wenoe-samantha-whates-tickets-3M5NWR?ref=ticketmaster,CV14LY,52.41328,-1.51257
18/04/2026,The Style Councillors,19:00:00,hmv Empire,Music,Coventry,17GOvxG6GKqlo0j,https://www.ticketweb.uk/event/the-style-councillors-hmv-empire-tickets/13787484?REFERRAL_ID=tmfeed,CV1 1LF,52.40716,-1.497628
17/04/2026,Thunder Hammer (The Monsters of Rock Show),20:00:00,Queens Hall,Music,Nuneaton,1AwZkkKGkenSe0w,https://www.ticketweb.uk/event/thunder-hammer-the-monsters-of-queens-hall-tickets/14105833?REFERRAL_ID=tmfeed,CV11 5LA,52.522554,-1.473177
24/04/2026,Rusted & Me You At Six,19:30:00,Queens Hall,Music,Nuneaton,LvZ18Qf86nTsNOYZysjyW,https://www.universe.com/events/rusted-me-you-at-six-tickets-7HTCGD?ref=ticketmaster,CV11 5LA,52.522554,-1.473177
25/04/2026,Kick Up The 80's,20:00:00,Queens Hall,Music,Nuneaton,LvZ18QfAgmDJuR8ZlWhBT,https://www.universe.com/events/kick-up-the-80s-tickets-YZ2VBL?ref=ticketmaster,CV11 5LA,52.522554,-1.473177
01/05/2026,Moving Pictures - Rush Tribute,20:00:00,Queens Hall,Music,Nuneaton,LvZ18Q2mvk7h1H8ZlGM1Z,https://www.universe.com/events/moving-pictures-rush-tribute-tickets-ZJ4K86?ref=ticketmaster,CV11 5LA,52.522554,-1.473177
02/05/2026,Chocolate Starfish - A Tribute to Limp Bizkit,19:30:00,Queens Hall,Music,Nuneaton,LvZ18QpbOM42sj8ZyZh-F,https://www.universe.com/events/chocolate-starfish-a-tribute-to-limp-bizkit-tickets-P5L1B8?ref=ticketmaster,CV11 5LA,52.522554,-1.473177
03/05/2026,Pink by Vicky Jackson,18:00:00,Queens Hall,Music,Nuneaton,LvZ18Qp1F2tiIsYZ0IjJR,https://www.universe.com/events/pink-by-vicky-jackson-tickets-JXG154?ref=ticketmaster,CV11 5LA,52.522554,-1.473177
08/05/2026,"The Smyths ""The Queen Is Dead""",19:30:00,Queens Hall,Music,Nuneaton,LvZ18Q3peKXhTM8vZrv4C,https://www.universe.com/events/the-smyths-the-queen-is-dead-tickets-5CX9TJ?ref=ticketmaster,CV11 5LA,52.522554,-1.473177
09/05/2026,Fleetwood Mad + support Educatablemusic,19:30:00,Queens Hall,Music,Nuneaton,LvZ18QpWz2hVRDYZwK0_F,https://www.universe.com/events/fleetwood-mad-support-educatablemusic-tickets-7HWQ6G?ref=ticketmaster,CV11 5LA,52.522554,-1.473177
12/04/2026,Warwick Castle - Daily Entry,10:00:00,Warwick Castle,Miscellaneous,Warwick,G5vHZ_7Fad6sR,https://attractions.ticketmaster.co.uk/book/1FL90-TICKETMASTER/#date=2026-04-12,CV34 4QU,52.280585,-1.585766
13/04/2026,Warwick Castle - Daily Entry,10:00:00,Warwick Castle,Miscellaneous,Warwick,G5vHZ_7Fa8Mwv,https://attractions.ticketmaster.co.uk/book/1FL90-TICKETMASTER/#date=2026-04-13,CV34 4QU,52.280585,-1.585766
14/04/2026,Warwick Castle - Daily Entry,10:00:00,Warwick Castle,Miscellaneous,Warwick,G5vHZ_7Far9wh,https://attractions.ticketmaster.co.uk/book/1FL90-TICKETMASTER/#date=2026-04-14,CV34 4QU,52.280585,-1.585766
15/04/2026,Warwick Castle - Daily Entry,10:00:00,Warwick Castle,Miscellaneous,Warwick,G5vHZ_7FalMws,https://attractions.ticketmaster.co.uk/book/1FL90-TICKETMASTER/#date=2026-04-15,CV34 4QU,52.280585,-1.585766
16/04/2026,Warwick Castle - Daily Entry,10:00:00,Warwick Castle,Miscellaneous,Warwick,G5vHZ_7Fay9Sf,https://attractions.ticketmaster.co.uk/book/1FL90-TICKETMASTER/#date=2026-04-16,CV34 4QU,52.280585,-1.585766
17/04/2026,Warwick Castle - Daily Entry,10:00:00,Warwick Castle,Miscellaneous,Warwick,G5vHZ_7F1kMSE,https://attractions.ticketmaster.co.uk/book/1FL90-TICKETMASTER/#date=2026-04-17,CV34 4QU,52.280585,-1.585766
18/04/2026,Warwick Castle - Daily Entry,10:00:00,Warwick Castle,Miscellaneous,Warwick,G5vHZ_7F1f9Ve,https://attractions.ticketmaster.co.uk/book/1FL90-TICKETMASTER/#date=2026-04-18,CV34 4QU,52.280585,-1.585766
19/04/2026,Warwick Castle - Daily Entry,10:00:00,Warwick Castle,Miscellaneous,Warwick,G5vHZ_7F1-MV6,https://attractions.ticketmaster.co.uk/book/1FL90-TICKETMASTER/#date=2026-04-19,CV34 4QU,52.280585,-1.585766
20/04/2026,Warwick Castle - Daily Entry,10:00:00,Warwick Castle,Miscellaneous,Warwick,G5vHZ_7F1R6Vh,https://attractions.ticketmaster.co.uk/book/1FL90-TICKETMASTER/#date=2026-04-20,CV34 4QU,52.280585,-1.585766
21/04/2026,Warwick Castle - Daily Entry,10:00:00,Warwick Castle,Miscellaneous,Warwick,G5vHZ_7F1HEVS,https://attractions.ticketmaster.co.uk/book/1FL90-TICKETMASTER/#date=2026-04-21,CV34 4QU,52.280585,-1.585766
22/04/2026,Warwick Castle - Daily Entry,10:00:00,Warwick Castle,Miscellaneous,Warwick,G5vHZ_7F516ga,https://attractions.ticketmaster.co.uk/book/1FL90-TICKETMASTER/#date=2026-04-22,CV34 4QU,52.280585,-1.585766
23/04/2026,Warwick Castle - Daily Entry,10:00:00,Warwick Castle,Miscellaneous,Warwick,G5vHZ_7F59EgY,https://attractions.ticketmaster.co.uk/book/1FL90-TICKETMASTER/#date=2026-04-23,CV34 4QU,52.280585,-1.585766
24/04/2026,Warwick Castle - Daily Entry,10:00:00,Warwick Castle,Miscellaneous,Warwick,G5vHZ_7F5P6gX,https://attractions.ticketmaster.co.uk/book/1FL90-TICKETMASTER/#date=2026-04-24,CV34 4QU,52.280585,-1.585766
25/04/2026,Warwick Castle - Daily Entry,10:00:00,Warwick Castle,Miscellaneous,Warwick,G5vHZ_7F5w9Up,https://attractions.ticketmaster.co.uk/book/1FL90-TICKETMASTER/#date=2026-04-25,CV34 4QU,52.280585,-1.585766
26/04/2026,Warwick Castle - Daily Entry,10:00:00,Warwick Castle,Miscellaneous,Warwick,G5vHZ_7FGZ6Ui,https://attractions.ticketmaster.co.uk/book/1FL90-TICKETMASTER/#date=2026-04-26,CV34 4QU,52.280585,-1.585766
27/04/2026,Warwick Castle - Daily Entry,10:00:00,Warwick Castle,Miscellaneous,Warwick,G5vHZ_7FGuMMp,https://attractions.ticketmaster.co.uk/book/1FL90-TICKETMASTER/#date=2026-04-27,CV34 4QU,52.280585,-1.585766
28/04/2026,Warwick Castle - Daily Entry,10:00:00,Warwick Castle,Miscellaneous,Warwick,G5vHZ_7FGhMMy,https://attractions.ticketmaster.co.uk/book/1FL90-TICKETMASTER/#date=2026-04-28,CV34 4QU,52.280585,-1.585766
29/04/2026,Warwick Castle - Daily Entry,10:00:00,Warwick Castle,Miscellaneous,Warwick,G5vHZ_7FGt9z3,https://attractions.ticketmaster.co.uk/book/1FL90-TICKETMASTER/#date=2026-04-29,CV34 4QU,52.280585,-1.585766
30/04/2026,Warwick Castle - Daily Entry,10:00:00,Warwick Castle,Miscellaneous,Warwick,G5vHZ_7FGUMy_,https://attractions.ticketmaster.co.uk/book/1FL90-TICKETMASTER/#date=2026-04-30,CV34 4QU,52.280585,-1.585766
01/05/2026,Warwick Castle - Daily Entry,10:00:00,Warwick Castle,Miscellaneous,Warwick,G5vHZ_7Fu7EyY,https://attractions.ticketmaster.co.uk/book/1FL90-TICKETMASTER/#date=2026-05-01,CV34 4QU,52.280585,-1.585766
02/05/2026,Warwick Castle - Daily Entry,10:00:00,Warwick Castle,Miscellaneous,Warwick,G5vHZ_7FuoMB2,https://attractions.ticketmaster.co.uk/book/1FL90-TICKETMASTER/#date=2026-05-02,CV34 4QU,52.280585,-1.585766
03/05/2026,Warwick Castle - Daily Entry,10:00:00,Warwick Castle,Miscellaneous,Warwick,G5vHZ_7FuL6Bj,https://attractions.ticketmaster.co.uk/book/1FL90-TICKETMASTER/#date=2026-05-03,CV34 4QU,52.280585,-1.585766
04/05/2026,Warwick Castle - Daily Entry,10:00:00,Warwick Castle,Miscellaneous,Warwick,G5vHZ_7FuiMDA,https://attractions.ticketmaster.co.uk/book/1FL90-TICKETMASTER/#date=2026-05-04,CV34 4QU,52.280585,-1.585766
05/05/2026,Warwick Castle - Daily Entry,10:00:00,Warwick Castle,Miscellaneous,Warwick,G5vHZ_7FuB9DM,https://attractions.ticketmaster.co.uk/book/1FL90-TICKETMASTER/#date=2026-05-05,CV34 4QU,52.280585,-1.585766
06/05/2026,Warwick Castle - Daily Entry,10:00:00,Warwick Castle,Miscellaneous,Warwick,G5vHZ_7FCF6Hp,https://attractions.ticketmaster.co.uk/book/1FL90-TICKETMASTER/#date=2026-05-06,CV34 4QU,52.280585,-1.585766
07/05/2026,Warwick Castle - Daily Entry,10:00:00,Warwick Castle,Miscellaneous,Warwick,G5vHZ_7FC4EW4,https://attractions.ticketmaster.co.uk/book/1FL90-TICKETMASTER/#date=2026-05-07,CV34 4QU,52.280585,-1.585766
08/05/2026,Warwick Castle - Daily Entry,10:00:00,Warwick Castle,Miscellaneous,Warwick,G5vHZ_7FCN9Xa,https://attractions.ticketmaster.co.uk/book/1FL90-TICKETMASTER/#date=2026-05-08,CV34 4QU,52.280585,-1.585766
09/05/2026,Warwick Castle - Daily Entry,10:00:00,Warwick Castle,Miscellaneous,Warwick,G5vHZ_7FCYMXj,https://attractions.ticketmaster.co.uk/book/1FL90-TICKETMASTER/#date=2026-05-09,CV34 4QU,52.280585,-1.585766
10/05/2026,Warwick Castle - Daily Entry,10:00:00,Warwick Castle,Miscellaneous,Warwick,G5vHZ_7FCXEXM,https://attractions.ticketmaster.co.uk/book/1FL90-TICKETMASTER/#date=2026-05-10,CV34 4QU,52.280585,-1.585766
11/05/2026,Warwick Castle - Daily Entry,10:00:00,Warwick Castle,Miscellaneous,Warwick,G5vHZ_7F2G6Ta,https://attractions.ticketmaster.co.uk/book/1FL90-TICKETMASTER/#date=2026-05-11,CV34 4QU,52.280585,-1.585766
18/04/2026,El BÃºho & Oceanvs Orientalis,22:00:00,Colour Factory,Music,London,1kGOvNPMGAu58LS,https://www.ticketweb.uk/event/el-bho-oceanvs-orientalis-colour-factory-tickets/14019594?REFERRAL_ID=tmfeed,E95EN,52.511513,-2.3786276
19/04/2026,Naomi Jon - Strawberry Tour 2026,19:00:00,Colour Factory,Music,London,1AgZk8tGkdhrVYR,https://www.ticketmaster.co.uk/naomi-jon-strawberry-tour-2026-london-19-04-2026/event/35006429DB7B4C2F,E95EN,52.511513,-2.3786276
10/05/2026,Gyles Brandreth: Can't Stop Talking,15:00:00,Royal Spa Centre,Arts & Theatre,Leamington Spa,1kuYvNAIGA1nOy6,https://www.ticketmaster.co.uk/gyles-brandreth-cant-stop-talking-leamington-spa-10-05-2026/event/370063168AAA0E47,CV32 4HN,52.289792,-1.531403
15/04/2026,Matt Forde - Defying Calamity,19:30:00,Huntingdon Hall,Arts & Theatre,Worcester,G5vHZbYSo5wLl,https://www.ticketmaster.co.uk/matt-forde-defying-calamity-worcester-15-04-2026/event/1F00630CD12F27EB,WR1 3LD,52.192034,-2.222239
18/04/2026,Imagine Lennon,19:30:00,Huntingdon Hall,Music,Worcester,G5vHZbSLE4t97,https://www.ticketmaster.co.uk/imagine-lennon-worcester-18-04-2026/event/1F006337E75695C4,WR1 3LD,52.192034,-2.222239
02/05/2026,Daniel O'Reilly: Let's Have It,19:30:00,Huntingdon Hall,Arts & Theatre,Worcester,G5vHZbRNJn30W,https://www.ticketmaster.co.uk/daniel-oreilly-lets-have-it-worcester-02-05-2026/event/1F0062F8E6A9293D,WR1 3LD,52.192034,-2.222239
17/04/2026,Birmingham Panthers V Nottingham Forest,19:00:00,University of Worcester Arena,Sports,Worcester,G5vHZbzn_rKtb,https://www.eticketing.co.uk/birminghampanthers/EDP/Event/Index/32?utm_source=Ticketmaster&utm_medium=Shell-Event&utm_campaign=cl:B-panthers-chl:Shell-Event-v.F,WR2 5JN,52.192659,-2.231896
25/04/2026,Birmingham Panthers V London Pulse,18:00:00,University of Worcester Arena,Sports,Worcester,G5vHZbzn_rNtQ,https://www.eticketing.co.uk/birminghampanthers/EDP/Event/Index/33?utm_source=Ticketmaster&utm_medium=Shell-Event&utm_campaign=cl:B-panthers-chl:Shell-Event-v.P,WR2 5JN,52.192659,-2.231896
30/04/2026,Kane Brown - Crowd Work King,20:00:00,"The Regal, Evesham",Arts & Theatre,Evesham,G5vHZbgxozAX7,https://www.ticketmaster.co.uk/kane-brown-crowd-work-king-evesham-30-04-2026/event/1F00635891E05F84,WR11 3LD,52.091092,-1.940798
12/05/2026,Operation Mincemeat: A New Musical,19:30:00,The Alexandra,Arts & Theatre,Birmingham,17uOvxG6G5v_S-n,https://www.ticketmaster.co.uk/operation-mincemeat-a-new-musical-birmingham-12-05-2026/event/360062C2C167386A,B5 4DS,52.476145,-1.901239
12/05/2026,Leah Kate - The Genius Tour,19:00:00,O2 Institute2 Birmingham,Music,Birmingham,G5dzZbye8rwRY,https://www.ticketmaster.co.uk/leah-kate-the-genius-tour-birmingham-12-05-2026/event/3E006390907B2BF0,B5 6DY,52.475756,-1.887562
13/05/2026,Operation Mincemeat: A New Musical,19:30:00,The Alexandra,Arts & Theatre,Birmingham,17uOvxG6G5vQNNE,https://www.ticketmaster.co.uk/operation-mincemeat-a-new-musical-birmingham-13-05-2026/event/360062C2C16A38E7,B5 4DS,52.476145,-1.901239
13/05/2026,Operation Mincemeat: A New Musical,14:30:00,The Alexandra,Arts & Theatre,Birmingham,17uOvxG6G5vQdNA,https://www.ticketmaster.co.uk/operation-mincemeat-a-new-musical-birmingham-13-05-2026/event/360062C2C16838C5,B5 4DS,52.476145,-1.901239
13/05/2026,LOLO,19:00:00,O2 Academy2 Birmingham,Music,Birmingham,G5dzZ_eXDd7fb,https://www.ticketmaster.co.uk/lolo-birmingham-13-05-2026/event/3E00642FBB0C4518,B1 1DB,52.47406,-1.89955
13/05/2026,Midnight Til Morning,19:00:00,O2 Institute Birmingham,Music,Birmingham,G5dzZbzxOI03V,https://www.ticketmaster.co.uk/midnight-til-morning-birmingham-13-05-2026/event/3E006388A0A244B4,B5 6DY,52.475756,-1.887562
14/05/2026,Operation Mincemeat: A New Musical,19:30:00,The Alexandra,Arts & Theatre,Birmingham,17uOvxG6G5vQSNT,https://www.ticketmaster.co.uk/operation-mincemeat-a-new-musical-birmingham-14-05-2026/event/360062C2C16B38FF,B5 4DS,52.476145,-1.901239
14/05/2026,PINS,19:30:00,Actress and Bishop,Music,Birmingham ,LvZ18Q93Qobq_2ZZwpoxt,https://www.universe.com/events/pins-tickets-Y02VPT?ref=ticketmaster,B3 1EH,52.4844,-1.90469
14/05/2026,Kane Brown - Crowd Work King,19:15:00,Glee Club,Arts & Theatre,Birmingham,G5vHZbUhXItY-,https://www.ticketmaster.co.uk/kane-brown-crowd-work-king-birmingham-14-05-2026/event/1F006366FEA29C21,B5 4TD,52.474541,-1.89662
14/05/2026,Lights,19:00:00,O2 Academy2 Birmingham,Music,Birmingham,G5dzZ_dfbfku1,https://www.ticketmaster.co.uk/lights-birmingham-14-05-2026/event/3E0064351850634A,B1 1DB,52.47406,-1.89955
14/05/2026,Celebrating Meat Loaf Feat. The Neverland Express,19:30:00,Symphony Hall,Music,Birmingham,G5vHZbnSZ30VP,https://www.ticketmaster.co.uk/celebrating-meat-loaf-feat-the-neverland-birmingham-14-05-2026/event/1F0062ACC04A4D25,B1 2EA,52.478877,-1.910803
15/05/2026,Operation Mincemeat: A New Musical,19:30:00,The Alexandra,Arts & Theatre,Birmingham,17uOvxG6G5vhd03,https://www.ticketmaster.co.uk/operation-mincemeat-a-new-musical-birmingham-15-05-2026/event/360062C2C16C3912,B5 4DS,52.476145,-1.901239
15/05/2026,The Smyths,19:00:00,O2 Academy2 Birmingham,Music,Birmingham,G5dzZbM1Igg_U,https://www.ticketmaster.co.uk/the-smyths-birmingham-15-05-2026/event/3E006372A8D75676,B1 1DB,52.47406,-1.89955
15/05/2026,Strictly Come Dancing - the Professionals,19:30:00,Symphony Hall,Arts & Theatre,Birmingham,G5vHZbSUcDkUu,https://www.ticketmaster.co.uk/strictly-come-dancing-the-professionals-birmingham-15-05-2026/event/1F00633DADEC6D8D,B1 2EA,52.478877,-1.910803
15/05/2026,Example,19:00:00,O2 Academy Birmingham,Music,Birmingham,G5dzZbVzUCyik,https://www.ticketmaster.co.uk/example-birmingham-15-05-2026/event/3E00634E363B9B06,B1 1DB,52.473277,-1.900215
15/05/2026,Loose Articles,19:00:00,Birmingham Flapper,Music,Birmingham,LvZ18Q9sn9fUGyOZl5WMV,https://www.universe.com/events/loose-articles-tickets-8T756Y?ref=ticketmaster,B1 2NU,52.480185,-1.912465
15/05/2026,Dave Formula and Noko,19:00:00,O2 Institute2 Birmingham,Music,Birmingham,G5dzZbswbuvP0,https://www.ticketmaster.co.uk/dave-formula-and-noko-birmingham-15-05-2026/event/3E00631C98341964,B5 6DY,52.475756,-1.887562
16/05/2026,Operation Mincemeat: A New Musical,14:30:00,The Alexandra,Arts & Theatre,Birmingham,17uOvxG6G5vhK0U,https://www.ticketmaster.co.uk/operation-mincemeat-a-new-musical-birmingham-16-05-2026/event/360062C2C16D3936,B5 4DS,52.476145,-1.901239
16/05/2026,Operation Mincemeat: A New Musical,19:30:00,The Alexandra,Arts & Theatre,Birmingham,17uOvxG6G5vhNPV,https://www.ticketmaster.co.uk/operation-mincemeat-a-new-musical-birmingham-16-05-2026/event/360062C2C16E3974,B5 4DS,52.476145,-1.901239
16/05/2026,Strictly Come Dancing - the Professionals,19:30:00,Symphony Hall,Arts & Theatre,Birmingham,G5vHZbSUcDJU9,https://www.ticketmaster.co.uk/strictly-come-dancing-the-professionals-birmingham-16-05-2026/event/1F00633DADEE6D97,B1 2EA,52.478877,-1.910803
16/05/2026,Strictly Come Dancing - the Professionals,14:30:00,Symphony Hall,Arts & Theatre,Birmingham,G5vHZbSUcDpUf,https://www.ticketmaster.co.uk/strictly-come-dancing-the-professionals-birmingham-16-05-2026/event/1F00633DADED6D94,B1 2EA,52.478877,-1.910803
16/05/2026,Kingfishr,19:00:00,O2 Academy Birmingham,Music,Birmingham,G5dzZbUDVeD1L,https://www.ticketmaster.co.uk/kingfishr-birmingham-16-05-2026/event/3E00636EF40BB29F,B1 1DB,52.473277,-1.900215
16/05/2026,Chance Pena,18:00:00,O2 Institute Birmingham,Music,Birmingham,G5dzZbgRnXpRm,https://www.ticketmaster.co.uk/chance-pena-birmingham-16-05-2026/event/3E00635BEAF96BEE,B5 6DY,52.475756,-1.887562
17/05/2026,Sienna Spiro,19:00:00,O2 Institute Birmingham,Music,Birmingham,G5dzZbMSTCGHe,https://www.ticketmaster.co.uk/sienna-spiro-birmingham-17-05-2026/event/3E00637CFF38CF02,B5 6DY,52.475756,-1.887562
18/05/2026,Liam Bailey,19:00:00,O2 Institute2 Birmingham,Music,Birmingham,G5dzZ_7K_jkfb,https://www.ticketmaster.co.uk/liam-bailey-birmingham-18-05-2026/event/3E006444D9706518,B5 6DY,52.475756,-1.887562
19/05/2026,Christopher Cross,19:30:00,Symphony Hall,Music,Birmingham,G5vHZbSJPl6aQ,https://www.ticketmaster.co.uk/christopher-cross-birmingham-19-05-2026/event/1F006339A5AC725A,B1 2EA,52.478877,-1.910803
19/05/2026,Florence Road,19:00:00,O2 Institute2 Birmingham,Music,Birmingham,G5dzZbUD2cI_m,https://www.ticketmaster.co.uk/florence-road-birmingham-19-05-2026/event/3E00636ECFB6866E,B5 6DY,52.475756,-1.887562
19/05/2026,ZAYN - The Konnakol Tour,18:00:00,Utilita Arena Birmingham,Music,Birmingham,1ANZkodGkewjovx,https://www.ticketmaster.co.uk/zayn-the-konnakol-tour-birmingham-19-05-2026/event/23006443B2711062,B1 2AA,52.479932,-1.914924
20/05/2026,Thomas Dolby,19:00:00,O2 Institute Birmingham,Music,Birmingham,G5dzZ_d3TIdQL,https://www.ticketmaster.co.uk/thomas-dolby-birmingham-20-05-2026/event/3E006434BFA0369F,B5 6DY,52.475756,-1.887562
21/05/2026,Common Goldfish,19:30:00,"The Victoria, Birmingham",Music,Birmingham,LvZ18QbaNZTOgYOZw3CdA,https://www.universe.com/events/common-goldfish-tickets-QK3VB1?ref=ticketmaster,B1 1BN,52.476568,-1.900914
21/05/2026,Kele Le Roc & Terri Walker Performing Live Jam House Bham Thu 21 May 2026,18:00:00,The Jam House Birmingham,Music,Birmingham,LvZ18QKZiJbfeHYZyXBgW,https://www.universe.com/events/kele-le-roc-terri-walker-performing-live-jam-house-bham-thu-21-may-2026-tickets-MNB2RH?ref=ticketmaster,B3 1QU,52.48509613,-1.904386
21/05/2026,"Pierre Novellie: You Sit There, I'll Stand Here",19:15:00,Glee Club,Arts & Theatre,Birmingham,G5vHZbSJfpJG4,https://www.ticketmaster.co.uk/pierre-novellie-you-sit-there-ill-birmingham-21-05-2026/event/1F006339945A6315,B5 4TD,52.474541,-1.89662
22/05/2026,Scott Bennett - Stuff,19:30:00,Town Hall Birmingham,Arts & Theatre,Birmingham,G5vHZbJDwEPxL,https://www.ticketmaster.co.uk/scott-bennett-stuff-birmingham-22-05-2026/event/1F00626EF29E589F,B3 3DQ,52.479447,-1.903587
22/05/2026,Blu Eyes,19:00:00,O2 Institute3 Birmingham,Music,Birmingham,G5dzZ_dSp44vm,https://www.ticketmaster.co.uk/blu-eyes-birmingham-22-05-2026/event/3E00643CD655506E,B5 6DY,52.475756,-1.887562
24/05/2026,Soul & Lovers Rock Legacy,18:00:00,O2 Academy Birmingham,Music,Birmingham,G5dzZbM3qQfBV,https://www.ticketmaster.co.uk/soul-lovers-rock-legacy-birmingham-24-05-2026/event/3E0063749D694EB4,B1 1DB,52.473277,-1.900215
24/05/2026,Plini,19:00:00,Asylum Bar and Venue,Music,Birmingham,G5vHZbSFAIl40,https://www.ticketmaster.co.uk/plini-birmingham-24-05-2026/event/1F00633205A2B564,B19 3LS,52.488445,-1.902404
25/05/2026,Sarah Kinsley,19:00:00,O2 Institute2 Birmingham,Music,Birmingham,G5dzZbMIks5kk,https://www.ticketmaster.co.uk/sarah-kinsley-birmingham-25-05-2026/event/3E00637A06C4B186,B5 6DY,52.475756,-1.887562
26/05/2026,Seedhe Maut,19:30:00,O2 Academy2 Birmingham,Music,Birmingham,G5dzZbyXqAw-Z,https://www.ticketmaster.co.uk/seedhe-maut-birmingham-26-05-2026/event/3E00639F9D172840,B1 1DB,52.47406,-1.89955
26/05/2026,Scott Bradlee's Postmodern Jukebox - The Future Is Vintage Tour 2026,19:30:00,Symphony Hall,Music,Birmingham,G5vHZbUBV_9Wr,https://www.ticketmaster.co.uk/scott-bradlees-postmodern-jukebox-the-future-birmingham-26-05-2026/event/1F00636EB4657F5E,B1 2EA,52.478877,-1.910803
26/05/2026,Doja Cat - Tour Ma Vie World Tour,19:00:00,Utilita Arena Birmingham,Music,Birmingham,1AeGZbSGktT9vz8,https://www.ticketmaster.co.uk/doja-cat-tour-ma-vie-world-birmingham-26-05-2026/event/2300633A7F5C1E10,B1 2AA,52.479932,-1.914924
28/05/2026,PleasureInc.,19:30:00,"The Victoria, Birmingham",Music,Birmingham,LvZ18Q9zwQyIzLZZw1PBo,https://www.universe.com/events/pleasureinc-tickets-HM3D68?ref=ticketmaster,B1 1BN,52.476568,-1.900914
28/05/2026,XO - Fashionably Late Tour,19:00:00,O2 Institute2 Birmingham,Music,Birmingham,G5dzZbUM1Wpnj,https://www.ticketmaster.co.uk/xo-fashionably-late-tour-birmingham-28-05-2026/event/3E00636DCAF56A9C,B5 6DY,52.475756,-1.887562
29/05/2026,Darius Zaltash,19:30:00,"The Victoria, Birmingham",Music,Birmingham,LvZ18Qba-u2OgYOZl3Cvr,https://www.universe.com/events/darius-zaltash-tickets-V31XKB?ref=ticketmaster,B1 1BN,52.476568,-1.900914
29/05/2026,My Leonard Cohen,19:00:00,O2 Academy Birmingham,Music,Birmingham,G5dzZbnDIYoff,https://www.ticketmaster.co.uk/my-leonard-cohen-birmingham-29-05-2026/event/3E0062AEE8C11514,B1 1DB,52.473277,-1.900215
29/05/2026,Pearl Scam + Angry Hair (Alice in Chains Tribute),19:00:00,O2 Academy3 Birmingham,Music,Birmingham,G5dzZ_d3qmePS,https://www.ticketmaster.co.uk/pearl-scam-angry-hair-alice-in-birmingham-29-05-2026/event/3E0064349DB82973,B1 1DB,52.473268,-1.9002009
29/05/2026,ShxtsNGigs: Daddy's Home Tour,19:00:00,Utilita Arena Birmingham,Arts & Theatre,Birmingham,1ANZku9GkdjlsFk,https://www.ticketmaster.co.uk/shxtsngigs-daddys-home-tour-birmingham-29-05-2026/event/23006357DCAF1206,B1 2AA,52.479932,-1.914924
30/05/2026,Arkayla,19:00:00,Sunflower Lounge,Music,Birmingham,G5vHZbUgdm5Do,https://www.ticketmaster.co.uk/arkayla-birmingham-30-05-2026/event/1F00636D43B8BED1,B5 4EG,52.47634,-1.89772
30/05/2026,The 30+ Club,17:00:00,O2 Academy2 Birmingham,Music,Birmingham,G5dzZ_dmUsSbA,https://www.ticketmaster.co.uk/the-30-club-birmingham-30-05-2026/event/3E00643BB6C73605,B1 1DB,52.47406,-1.89955
30/05/2026,"Sofia Isella - Her Desire, the Nemesis Uk/Eu Tour 2026",19:00:00,O2 Institute Birmingham,Music,Birmingham,G5dzZbV73dDVI,https://www.ticketmaster.co.uk/sofia-isella-her-desire-the-nemesis-birmingham-30-05-2026/event/3E006341120FBD28,B5 6DY,52.475756,-1.887562
01/06/2026,Dirty Dancing Live in Concert - with band and singers,19:30:00,Symphony Hall,Music,Birmingham,G5vHZbznJm06f,https://www.ticketmaster.co.uk/dirty-dancing-live-in-concert-with-birmingham-01-06-2026/event/1F00638AA6BA41D4,B1 2EA,52.478877,-1.910803
02/06/2026,Ray LaMontagne - Trouble 20th Anniversary Tour,19:00:00,Symphony Hall,Music,Birmingham,G5vHZbtD0_VQd,https://www.ticketmaster.co.uk/ray-lamontagne-trouble-20th-anniversary-tour-birmingham-02-06-2026/event/1F00629EE4674683,B1 2EA,52.478877,-1.910803
03/06/2026,DBA!,19:30:00,"The Victoria, Birmingham",Unknown,Birmingham,LvZ18Q9zVT_IzLZZw1Jva,https://www.universe.com/events/dba-tickets-QFDJXN?ref=ticketmaster,B1 1BN,52.476568,-1.900914
03/06/2026,Marina - the Princess of Power Tour,19:00:00,O2 Academy Birmingham,Music,Birmingham,G5dzZbgdPPk_-,https://www.ticketmaster.co.uk/marina-the-princess-of-power-tour-birmingham-03-06-2026/event/3E006350E5946661,B1 1DB,52.473277,-1.900215
04/06/2026,Eric Rushton: Innkeeper,19:15:00,Glee Club,Arts & Theatre,Birmingham,G5vHZbVGce5n7,https://www.ticketmaster.co.uk/eric-rushton-innkeeper-birmingham-04-06-2026/event/1F0063432D08BA84,B5 4TD,52.474541,-1.89662
04/06/2026,Indiana Jones And The Raiders Of The Lost Ark: Live In Concert,19:30:00,Symphony Hall,Arts & Theatre,Birmingham,G5vHZbMwKXAC8,https://www.ticketmaster.co.uk/indiana-jones-and-the-raiders-of-birmingham-04-06-2026/event/1F00637C93F85390,B1 2EA,52.478877,-1.910803
04/06/2026,Dermot Kennedy: the Weight of the Woods Tour,18:00:00,Utilita Arena Birmingham,Music,Birmingham,1ANZkuVGkd2KeGw,https://www.ticketmaster.co.uk/dermot-kennedy-the-weight-of-the-birmingham-04-06-2026/event/23006374CF4C2332,B1 2AA,52.479932,-1.914924
05/06/2026,SPACE STATION EARTH,19:00:00,Town Hall Birmingham,Music,Birmingham,G5vHZbVUrY48l,https://www.ticketmaster.co.uk/space-station-earth-birmingham-05-06-2026/event/1F00634D9EC1542B,B3 3DQ,52.479447,-1.903587
05/06/2026,Dropout Improv: United Kingdom 2026 Tour,19:30:00,Symphony Hall,Arts & Theatre,Birmingham,G5vHZbIEzR3jV,https://www.ticketmaster.co.uk/dropout-improv-united-kingdom-2026-tour-birmingham-05-06-2026/event/1F006289F8BD2734,B1 2EA,52.478877,-1.910803
05/06/2026,Rainbow Kitten Surprise,19:00:00,O2 Academy Birmingham,Music,Birmingham,G5dzZbYMPGs-a,https://www.ticketmaster.co.uk/rainbow-kitten-surprise-birmingham-05-06-2026/event/3E00630DE5331849,B1 1DB,52.473277,-1.900215
05/06/2026,Finn Forster,19:00:00,Dead Wax,Music,Birmingham,1AwZkC7GkdIevp1,https://www.ticketweb.uk/event/finn-forster-dead-wax-tickets/13973794?REFERRAL_ID=tmfeed,B9 4ED,52.47494,-1.879581
06/06/2026,BAFTA Games In Concert,18:30:00,Symphony Hall,Music,Birmingham,G5vHZbUlte_5q,https://www.ticketmaster.co.uk/bafta-games-in-concert-birmingham-06-06-2026/event/1F00636AE90992DD,B1 2EA,52.478877,-1.910803
06/06/2026,The Streets,19:00:00,O2 Academy Birmingham,Music,Birmingham,G5dzZbURCIEaY,https://www.ticketmaster.co.uk/the-streets-birmingham-06-06-2026/event/3E00636BCEA27270,B1 1DB,52.473277,-1.900215
10/06/2026,Jason Isbell and the 400 Unit,19:00:00,Symphony Hall,Music,Birmingham,G5vHZbz5kGEh0,https://www.ticketmaster.co.uk/jason-isbell-and-the-400-unit-birmingham-10-06-2026/event/1F006382C63276E4,B1 2EA,52.478877,-1.910803
21/05/2026,Lily Moore,19:00:00,Hare and Hounds,Music,Birmingham,G5vHZ_eSsn7KF,https://www.ticketmaster.co.uk/lily-moore-birmingham-21-05-2026/event/1F00642CF1A844C8,B14 7JZ,52.435854,-1.893003
28/05/2026,Benjamin Steer,19:00:00,Hare and Hounds,Music,Birmingham,G5vHZbzECbJVR,https://www.ticketmaster.co.uk/benjamin-steer-birmingham-28-05-2026/event/1F006389CE626D2F,B14 7JZ,52.435854,-1.893003
15/05/2026,Gladiators Experience,18:00:00,NEC,Miscellaneous,Birmingham,LvZ18Qo9WPCnjSZZvTs8-,https://www.universe.com/events/gladiators-experience-tickets-NX6RCG?ref=ticketmaster,B40 1NT,52.453266,-1.717158
15/05/2026,Gladiators Experience,17:00:00,NEC,Miscellaneous,Birmingham,LvZ18Qo9WPCnjSZZvTs8L,https://www.universe.com/events/gladiators-experience-tickets-NX6RCG?ref=ticketmaster,B40 1NT,52.453266,-1.717158
15/05/2026,Gladiators Experience,17:30:00,NEC,Miscellaneous,Birmingham,LvZ18Qo9WPCnjSZZvTs8O,https://www.universe.com/events/gladiators-experience-tickets-NX6RCG?ref=ticketmaster,B40 1NT,52.453266,-1.717158
15/05/2026,Gladiators Experience,16:00:00,NEC,Miscellaneous,Birmingham,LvZ18Qo9WPCnjSZZvTs8q,https://www.universe.com/events/gladiators-experience-tickets-NX6RCG?ref=ticketmaster,B40 1NT,52.453266,-1.717158
15/05/2026,Gladiators Experience,18:30:00,NEC,Miscellaneous,Birmingham,LvZ18Qob5HlQ24ZZvwJTD,https://www.universe.com/events/gladiators-experience-tickets-NX6RCG?ref=ticketmaster,B40 1NT,52.453266,-1.717158
16/05/2026,Gladiators Experience,10:30:00,NEC,Miscellaneous,Birmingham,LvZ18Qo9WPCnjSZZvTs80,https://www.universe.com/events/gladiators-experience-tickets-NX6RCG?ref=ticketmaster,B40 1NT,52.453266,-1.717158
16/05/2026,Gladiators Experience,12:00:00,NEC,Miscellaneous,Birmingham,LvZ18Qo9WPCnjSZZvTs8E,https://www.universe.com/events/gladiators-experience-tickets-NX6RCG?ref=ticketmaster,B40 1NT,52.453266,-1.717158
16/05/2026,Gladiators Experience,12:30:00,NEC,Miscellaneous,Birmingham,LvZ18Qo9WPCnjSZZvTs8I,https://www.universe.com/events/gladiators-experience-tickets-NX6RCG?ref=ticketmaster,B40 1NT,52.453266,-1.717158
16/05/2026,Gladiators Experience,11:30:00,NEC,Miscellaneous,Birmingham,LvZ18Qo9WPCnjSZZvTs8J,https://www.universe.com/events/gladiators-experience-tickets-NX6RCG?ref=ticketmaster,B40 1NT,52.453266,-1.717158
16/05/2026,Gladiators Experience,10:00:00,NEC,Miscellaneous,Birmingham,LvZ18Qo9WPCnjSZZvTs8N,https://www.universe.com/events/gladiators-experience-tickets-NX6RCG?ref=ticketmaster,B40 1NT,52.453266,-1.717158
16/05/2026,Gladiators Experience,11:00:00,NEC,Miscellaneous,Birmingham,LvZ18Qo9WPCnjSZZvTs8P,https://www.universe.com/events/gladiators-experience-tickets-NX6RCG?ref=ticketmaster,B40 1NT,52.453266,-1.717158
16/05/2026,Gladiators Experience,16:00:00,NEC,Miscellaneous,Birmingham,LvZ18Qo9WPCnjSZZvTs8R,https://www.universe.com/events/gladiators-experience-tickets-NX6RCG?ref=ticketmaster,B40 1NT,52.453266,-1.717158
16/05/2026,Gladiators Experience,18:00:00,NEC,Miscellaneous,Birmingham,LvZ18Qo9WPCnjSZZvTs8S,https://www.universe.com/events/gladiators-experience-tickets-NX6RCG?ref=ticketmaster,B40 1NT,52.453266,-1.717158
16/05/2026,Gladiators Experience,16:30:00,NEC,Miscellaneous,Birmingham,LvZ18Qo9WPCnjSZZvTs8Y,https://www.universe.com/events/gladiators-experience-tickets-NX6RCG?ref=ticketmaster,B40 1NT,52.453266,-1.717158
16/05/2026,Gladiators Experience,15:00:00,NEC,Miscellaneous,Birmingham,LvZ18Qo9WPCnjSZZvTs8c,https://www.universe.com/events/gladiators-experience-tickets-NX6RCG?ref=ticketmaster,B40 1NT,52.453266,-1.717158
16/05/2026,Gladiators Experience,14:30:00,NEC,Miscellaneous,Birmingham,LvZ18Qo9WPCnjSZZvTs8i,https://www.universe.com/events/gladiators-experience-tickets-NX6RCG?ref=ticketmaster,B40 1NT,52.453266,-1.717158
16/05/2026,Gladiators Experience,14:00:00,NEC,Miscellaneous,Birmingham,LvZ18Qo9WPCnjSZZvTs8l,https://www.universe.com/events/gladiators-experience-tickets-NX6RCG?ref=ticketmaster,B40 1NT,52.453266,-1.717158
16/05/2026,Gladiators Experience,15:30:00,NEC,Miscellaneous,Birmingham,LvZ18Qo9WPCnjSZZvTs8m,https://www.universe.com/events/gladiators-experience-tickets-NX6RCG?ref=ticketmaster,B40 1NT,52.453266,-1.717158
16/05/2026,Gladiators Experience,13:30:00,NEC,Miscellaneous,Birmingham,LvZ18Qo9WPCnjSZZvTs8n,https://www.universe.com/events/gladiators-experience-tickets-NX6RCG?ref=ticketmaster,B40 1NT,52.453266,-1.717158
16/05/2026,Gladiators Experience,17:00:00,NEC,Miscellaneous,Birmingham,LvZ18Qo9WPCnjSZZvTs8s,https://www.universe.com/events/gladiators-experience-tickets-NX6RCG?ref=ticketmaster,B40 1NT,52.453266,-1.717158
16/05/2026,Gladiators Experience,13:00:00,NEC,Miscellaneous,Birmingham,LvZ18Qo9WPCnjSZZvTs8t,https://www.universe.com/events/gladiators-experience-tickets-NX6RCG?ref=ticketmaster,B40 1NT,52.453266,-1.717158
16/05/2026,Gladiators Experience,17:30:00,NEC,Miscellaneous,Birmingham,LvZ18Qo9WPCnjSZZvTs8w,https://www.universe.com/events/gladiators-experience-tickets-NX6RCG?ref=ticketmaster,B40 1NT,52.453266,-1.717158
16/05/2026,Gladiators Experience,09:00:00,NEC,Miscellaneous,Birmingham,LvZ18Qo9WPCnjSZZvTs8x,https://www.universe.com/events/gladiators-experience-tickets-NX6RCG?ref=ticketmaster,B40 1NT,52.453266,-1.717158
17/05/2026,Gladiators Experience,12:30:00,NEC,Miscellaneous,Birmingham,LvZ18Qo9WPCnjSZZvTs8B,https://www.universe.com/events/gladiators-experience-tickets-NX6RCG?ref=ticketmaster,B40 1NT,52.453266,-1.717158
17/05/2026,Gladiators Experience,13:00:00,NEC,Miscellaneous,Birmingham,LvZ18Qo9WPCnjSZZvTs8D,https://www.universe.com/events/gladiators-experience-tickets-NX6RCG?ref=ticketmaster,B40 1NT,52.453266,-1.717158
17/05/2026,Gladiators Experience,13:30:00,NEC,Miscellaneous,Birmingham,LvZ18Qo9WPCnjSZZvTs8H,https://www.universe.com/events/gladiators-experience-tickets-NX6RCG?ref=ticketmaster,B40 1NT,52.453266,-1.717158
17/05/2026,Gladiators Experience,11:00:00,NEC,Miscellaneous,Birmingham,LvZ18Qo9WPCnjSZZvTs8M,https://www.universe.com/events/gladiators-experience-tickets-NX6RCG?ref=ticketmaster,B40 1NT,52.453266,-1.717158
17/05/2026,Gladiators Experience,15:00:00,NEC,Miscellaneous,Birmingham,LvZ18Qo9WPCnjSZZvTs8T,https://www.universe.com/events/gladiators-experience-tickets-NX6RCG?ref=ticketmaster,B40 1NT,52.453266,-1.717158
17/05/2026,Gladiators Experience,10:30:00,NEC,Miscellaneous,Birmingham,LvZ18Qo9WPCnjSZZvTs8U,https://www.universe.com/events/gladiators-experience-tickets-NX6RCG?ref=ticketmaster,B40 1NT,52.453266,-1.717158
17/05/2026,Gladiators Experience,09:00:00,NEC,Miscellaneous,Birmingham,LvZ18Qo9WPCnjSZZvTs8V,https://www.universe.com/events/gladiators-experience-tickets-NX6RCG?ref=ticketmaster,B40 1NT,52.453266,-1.717158
17/05/2026,Gladiators Experience,14:00:00,NEC,Miscellaneous,Birmingham,LvZ18Qo9WPCnjSZZvTs8W,https://www.universe.com/events/gladiators-experience-tickets-NX6RCG?ref=ticketmaster,B40 1NT,52.453266,-1.717158
17/05/2026,Gladiators Experience,14:30:00,NEC,Miscellaneous,Birmingham,LvZ18Qo9WPCnjSZZvTs8X,https://www.universe.com/events/gladiators-experience-tickets-NX6RCG?ref=ticketmaster,B40 1NT,52.453266,-1.717158
17/05/2026,Gladiators Experience,10:00:00,NEC,Miscellaneous,Birmingham,LvZ18Qo9WPCnjSZZvTs8g,https://www.universe.com/events/gladiators-experience-tickets-NX6RCG?ref=ticketmaster,B40 1NT,52.453266,-1.717158
17/05/2026,Gladiators Experience,12:00:00,NEC,Miscellaneous,Birmingham,LvZ18Qo9WPCnjSZZvTs8y,https://www.universe.com/events/gladiators-experience-tickets-NX6RCG?ref=ticketmaster,B40 1NT,52.453266,-1.717158
17/05/2026,Gladiators Experience,11:30:00,NEC,Miscellaneous,Birmingham,LvZ18Qo9WPCnjSZZvTs8z,https://www.universe.com/events/gladiators-experience-tickets-NX6RCG?ref=ticketmaster,B40 1NT,52.453266,-1.717158
17/05/2026,Gladiators Experience,15:30:00,NEC,Miscellaneous,Birmingham,LvZ18Qo9WPCnjSZZvTsoZ,https://www.universe.com/events/gladiators-experience-tickets-NX6RCG?ref=ticketmaster,B40 1NT,52.453266,-1.717158
22/05/2026,Gladiators Experience,17:00:00,NEC,Miscellaneous,Birmingham,LvZ18Qo9WPCnjSZZvTso4,https://www.universe.com/events/gladiators-experience-tickets-NX6RCG?ref=ticketmaster,B40 1NT,52.453266,-1.717158
22/05/2026,Gladiators Experience,18:00:00,NEC,Miscellaneous,Birmingham,LvZ18Qo9WPCnjSZZvTso9,https://www.universe.com/events/gladiators-experience-tickets-NX6RCG?ref=ticketmaster,B40 1NT,52.453266,-1.717158
22/05/2026,Gladiators Experience,16:00:00,NEC,Miscellaneous,Birmingham,LvZ18Qo9WPCnjSZZvTsoK,https://www.universe.com/events/gladiators-experience-tickets-NX6RCG?ref=ticketmaster,B40 1NT,52.453266,-1.717158
22/05/2026,Gladiators Experience,17:30:00,NEC,Miscellaneous,Birmingham,LvZ18Qo9WPCnjSZZvTsop,https://www.universe.com/events/gladiators-experience-tickets-NX6RCG?ref=ticketmaster,B40 1NT,52.453266,-1.717158
22/05/2026,Gladiators Experience,18:30:00,NEC,Miscellaneous,Birmingham,LvZ18Qob5HlQ24ZZvwJTH,https://www.universe.com/events/gladiators-experience-tickets-NX6RCG?ref=ticketmaster,B40 1NT,52.453266,-1.717158
23/05/2026,Gladiators Experience,14:00:00,NEC,Miscellaneous,Birmingham,LvZ18Qo9WPCnjSZZvTso-,https://www.universe.com/events/gladiators-experience-tickets-NX6RCG?ref=ticketmaster,B40 1NT,52.453266,-1.717158
23/05/2026,Gladiators Experience,15:30:00,NEC,Miscellaneous,Birmingham,LvZ18Qo9WPCnjSZZvTso0,https://www.universe.com/events/gladiators-experience-tickets-NX6RCG?ref=ticketmaster,B40 1NT,52.453266,-1.717158
23/05/2026,Gladiators Experience,17:00:00,NEC,Miscellaneous,Birmingham,LvZ18Qo9WPCnjSZZvTsoE,https://www.universe.com/events/gladiators-experience-tickets-NX6RCG?ref=ticketmaster,B40 1NT,52.453266,-1.717158
23/05/2026,Gladiators Experience,17:30:00,NEC,Miscellaneous,Birmingham,LvZ18Qo9WPCnjSZZvTsoI,https://www.universe.com/events/gladiators-experience-tickets-NX6RCG?ref=ticketmaster,B40 1NT,52.453266,-1.717158
23/05/2026,Gladiators Experience,16:30:00,NEC,Miscellaneous,Birmingham,LvZ18Qo9WPCnjSZZvTsoJ,https://www.universe.com/events/gladiators-experience-tickets-NX6RCG?ref=ticketmaster,B40 1NT,52.453266,-1.717158
23/05/2026,Gladiators Experience,13:00:00,NEC,Miscellaneous,Birmingham,LvZ18Qo9WPCnjSZZvTsoL,https://www.universe.com/events/gladiators-experience-tickets-NX6RCG?ref=ticketmaster,B40 1NT,52.453266,-1.717158
23/05/2026,Gladiators Experience,15:00:00,NEC,Miscellaneous,Birmingham,LvZ18Qo9WPCnjSZZvTsoN,https://www.universe.com/events/gladiators-experience-tickets-NX6RCG?ref=ticketmaster,B40 1NT,52.453266,-1.717158
23/05/2026,Gladiators Experience,13:30:00,NEC,Miscellaneous,Birmingham,LvZ18Qo9WPCnjSZZvTsoO,https://www.universe.com/events/gladiators-experience-tickets-NX6RCG?ref=ticketmaster,B40 1NT,52.453266,-1.717158
23/05/2026,Gladiators Experience,16:00:00,NEC,Miscellaneous,Birmingham,LvZ18Qo9WPCnjSZZvTsoP,https://www.universe.com/events/gladiators-experience-tickets-NX6RCG?ref=ticketmaster,B40 1NT,52.453266,-1.717158
23/05/2026,Gladiators Experience,10:30:00,NEC,Miscellaneous,Birmingham,LvZ18Qo9WPCnjSZZvTsoQ,https://www.universe.com/events/gladiators-experience-tickets-NX6RCG?ref=ticketmaster,B40 1NT,52.453266,-1.717158
23/05/2026,Gladiators Experience,10:00:00,NEC,Miscellaneous,Birmingham,LvZ18Qo9WPCnjSZZvTso_,https://www.universe.com/events/gladiators-experience-tickets-NX6RCG?ref=ticketmaster,B40 1NT,52.453266,-1.717158
23/05/2026,Gladiators Experience,09:00:00,NEC,Miscellaneous,Birmingham,LvZ18Qo9WPCnjSZZvTsob,https://www.universe.com/events/gladiators-experience-tickets-NX6RCG?ref=ticketmaster,B40 1NT,52.453266,-1.717158
23/05/2026,Gladiators Experience,11:00:00,NEC,Miscellaneous,Birmingham,LvZ18Qo9WPCnjSZZvTsoh,https://www.universe.com/events/gladiators-experience-tickets-NX6RCG?ref=ticketmaster,B40 1NT,52.453266,-1.717158
23/05/2026,Gladiators Experience,11:30:00,NEC,Miscellaneous,Birmingham,LvZ18Qo9WPCnjSZZvTsoj,https://www.universe.com/events/gladiators-experience-tickets-NX6RCG?ref=ticketmaster,B40 1NT,52.453266,-1.717158
23/05/2026,Gladiators Experience,12:00:00,NEC,Miscellaneous,Birmingham,LvZ18Qo9WPCnjSZZvTsoq,https://www.universe.com/events/gladiators-experience-tickets-NX6RCG?ref=ticketmaster,B40 1NT,52.453266,-1.717158
23/05/2026,Gladiators Experience,12:30:00,NEC,Miscellaneous,Birmingham,LvZ18Qo9WPCnjSZZvTsor,https://www.universe.com/events/gladiators-experience-tickets-NX6RCG?ref=ticketmaster,B40 1NT,52.453266,-1.717158
23/05/2026,Gladiators Experience,18:00:00,NEC,Miscellaneous,Birmingham,LvZ18Qo9WPCnjSZZvTsot,https://www.universe.com/events/gladiators-experience-tickets-NX6RCG?ref=ticketmaster,B40 1NT,52.453266,-1.717158
23/05/2026,Gladiators Experience,14:30:00,NEC,Miscellaneous,Birmingham,LvZ18Qo9WPCnjSZZvTsox,https://www.universe.com/events/gladiators-experience-tickets-NX6RCG?ref=ticketmaster,B40 1NT,52.453266,-1.717158
24/05/2026,Gladiators Experience,12:00:00,NEC,Miscellaneous,Birmingham,LvZ18Qo9WPCnjSZZvTsoR,https://www.universe.com/events/gladiators-experience-tickets-NX6RCG?ref=ticketmaster,B40 1NT,52.453266,-1.717158
24/05/2026,Gladiators Experience,14:00:00,NEC,Miscellaneous,Birmingham,LvZ18Qo9WPCnjSZZvTsoS,https://www.universe.com/events/gladiators-experience-tickets-NX6RCG?ref=ticketmaster,B40 1NT,52.453266,-1.717158
24/05/2026,Gladiators Experience,15:30:00,NEC,Miscellaneous,Birmingham,LvZ18Qo9WPCnjSZZvTsoU,https://www.universe.com/events/gladiators-experience-tickets-NX6RCG?ref=ticketmaster,B40 1NT,52.453266,-1.717158
24/05/2026,Gladiators Experience,14:30:00,NEC,Miscellaneous,Birmingham,LvZ18Qo9WPCnjSZZvTsoV,https://www.universe.com/events/gladiators-experience-tickets-NX6RCG?ref=ticketmaster,B40 1NT,52.453266,-1.717158
24/05/2026,Gladiators Experience,12:30:00,NEC,Miscellaneous,Birmingham,LvZ18Qo9WPCnjSZZvTsoY,https://www.universe.com/events/gladiators-experience-tickets-NX6RCG?ref=ticketmaster,B40 1NT,52.453266,-1.717158
24/05/2026,Gladiators Experience,11:00:00,NEC,Miscellaneous,Birmingham,LvZ18Qo9WPCnjSZZvTsoc,https://www.universe.com/events/gladiators-experience-tickets-NX6RCG?ref=ticketmaster,B40 1NT,52.453266,-1.717158
24/05/2026,Gladiators Experience,15:00:00,NEC,Miscellaneous,Birmingham,LvZ18Qo9WPCnjSZZvTsog,https://www.universe.com/events/gladiators-experience-tickets-NX6RCG?ref=ticketmaster,B40 1NT,52.453266,-1.717158
24/05/2026,Gladiators Experience,10:30:00,NEC,Miscellaneous,Birmingham,LvZ18Qo9WPCnjSZZvTsoi,https://www.universe.com/events/gladiators-experience-tickets-NX6RCG?ref=ticketmaster,B40 1NT,52.453266,-1.717158
24/05/2026,Gladiators Experience,10:00:00,NEC,Miscellaneous,Birmingham,LvZ18Qo9WPCnjSZZvTsol,https://www.universe.com/events/gladiators-experience-tickets-NX6RCG?ref=ticketmaster,B40 1NT,52.453266,-1.717158
24/05/2026,Gladiators Experience,11:30:00,NEC,Miscellaneous,Birmingham,LvZ18Qo9WPCnjSZZvTsom,https://www.universe.com/events/gladiators-experience-tickets-NX6RCG?ref=ticketmaster,B40 1NT,52.453266,-1.717158
24/05/2026,Gladiators Experience,09:00:00,NEC,Miscellaneous,Birmingham,LvZ18Qo9WPCnjSZZvTson,https://www.universe.com/events/gladiators-experience-tickets-NX6RCG?ref=ticketmaster,B40 1NT,52.453266,-1.717158
24/05/2026,Gladiators Experience,13:00:00,NEC,Miscellaneous,Birmingham,LvZ18Qo9WPCnjSZZvTsos,https://www.universe.com/events/gladiators-experience-tickets-NX6RCG?ref=ticketmaster,B40 1NT,52.453266,-1.717158
24/05/2026,Gladiators Experience,13:30:00,NEC,Miscellaneous,Birmingham,LvZ18Qo9WPCnjSZZvTsow,https://www.universe.com/events/gladiators-experience-tickets-NX6RCG?ref=ticketmaster,B40 1NT,52.453266,-1.717158
25/05/2026,Gladiators Experience,14:00:00,NEC,Miscellaneous,Birmingham,LvZ18QobZgKboP8ZvRIk1,https://www.universe.com/events/gladiators-experience-tickets-NX6RCG?ref=ticketmaster,B40 1NT,52.453266,-1.717158
25/05/2026,Gladiators Experience,14:30:00,NEC,Miscellaneous,Birmingham,LvZ18QobZgKboP8ZvRIk5,https://www.universe.com/events/gladiators-experience-tickets-NX6RCG?ref=ticketmaster,B40 1NT,52.453266,-1.717158
25/05/2026,Gladiators Experience,12:30:00,NEC,Miscellaneous,Birmingham,LvZ18QobZgKboP8ZvRIk6,https://www.universe.com/events/gladiators-experience-tickets-NX6RCG?ref=ticketmaster,B40 1NT,52.453266,-1.717158
25/05/2026,Gladiators Experience,11:00:00,NEC,Miscellaneous,Birmingham,LvZ18QobZgKboP8ZvRIk7,https://www.universe.com/events/gladiators-experience-tickets-NX6RCG?ref=ticketmaster,B40 1NT,52.453266,-1.717158
25/05/2026,Gladiators Experience,11:30:00,NEC,Miscellaneous,Birmingham,LvZ18QobZgKboP8ZvRIkA,https://www.universe.com/events/gladiators-experience-tickets-NX6RCG?ref=ticketmaster,B40 1NT,52.453266,-1.717158
25/05/2026,Gladiators Experience,13:00:00,NEC,Miscellaneous,Birmingham,LvZ18QobZgKboP8ZvRIkF,https://www.universe.com/events/gladiators-experience-tickets-NX6RCG?ref=ticketmaster,B40 1NT,52.453266,-1.717158
25/05/2026,Gladiators Experience,15:00:00,NEC,Miscellaneous,Birmingham,LvZ18QobZgKboP8ZvRIkG,https://www.universe.com/events/gladiators-experience-tickets-NX6RCG?ref=ticketmaster,B40 1NT,52.453266,-1.717158
25/05/2026,Gladiators Experience,13:30:00,NEC,Miscellaneous,Birmingham,LvZ18QobZgKboP8ZvRIka,https://www.universe.com/events/gladiators-experience-tickets-NX6RCG?ref=ticketmaster,B40 1NT,52.453266,-1.717158
25/05/2026,Gladiators Experience,10:30:00,NEC,Miscellaneous,Birmingham,LvZ18QobZgKboP8ZvRIkd,https://www.universe.com/events/gladiators-experience-tickets-NX6RCG?ref=ticketmaster,B40 1NT,52.453266,-1.717158
25/05/2026,Gladiators Experience,10:00:00,NEC,Miscellaneous,Birmingham,LvZ18QobZgKboP8ZvRIke,https://www.universe.com/events/gladiators-experience-tickets-NX6RCG?ref=ticketmaster,B40 1NT,52.453266,-1.717158
25/05/2026,Gladiators Experience,12:00:00,NEC,Miscellaneous,Birmingham,LvZ18QobZgKboP8ZvRIkk,https://www.universe.com/events/gladiators-experience-tickets-NX6RCG?ref=ticketmaster,B40 1NT,52.453266,-1.717158
25/05/2026,Gladiators Experience,15:30:00,NEC,Miscellaneous,Birmingham,LvZ18QobZgKboP8ZvRIku,https://www.universe.com/events/gladiators-experience-tickets-NX6RCG?ref=ticketmaster,B40 1NT,52.453266,-1.717158
25/05/2026,Gladiators Experience,09:00:00,NEC,Miscellaneous,Birmingham,LvZ18QobZgKboP8ZvRIkv,https://www.universe.com/events/gladiators-experience-tickets-NX6RCG?ref=ticketmaster,B40 1NT,52.453266,-1.717158
26/05/2026,Gladiators Experience,10:30:00,NEC,Miscellaneous,Birmingham,LvZ18QobZgKboP8ZvRIk4,https://www.universe.com/events/gladiators-experience-tickets-NX6RCG?ref=ticketmaster,B40 1NT,52.453266,-1.717158
26/05/2026,Gladiators Experience,11:30:00,NEC,Miscellaneous,Birmingham,LvZ18QobZgKboP8ZvRIk9,https://www.universe.com/events/gladiators-experience-tickets-NX6RCG?ref=ticketmaster,B40 1NT,52.453266,-1.717158
26/05/2026,Gladiators Experience,09:00:00,NEC,Miscellaneous,Birmingham,LvZ18QobZgKboP8ZvRIkK,https://www.universe.com/events/gladiators-experience-tickets-NX6RCG?ref=ticketmaster,B40 1NT,52.453266,-1.717158
26/05/2026,Gladiators Experience,15:30:00,NEC,Miscellaneous,Birmingham,LvZ18QobZgKboP8ZvRIkL,https://www.universe.com/events/gladiators-experience-tickets-NX6RCG?ref=ticketmaster,B40 1NT,52.453266,-1.717158
26/05/2026,Gladiators Experience,13:00:00,NEC,Miscellaneous,Birmingham,LvZ18QobZgKboP8ZvRIkQ,https://www.universe.com/events/gladiators-experience-tickets-NX6RCG?ref=ticketmaster,B40 1NT,52.453266,-1.717158
26/05/2026,Gladiators Experience,12:30:00,NEC,Miscellaneous,Birmingham,LvZ18QobZgKboP8ZvRIk_,https://www.universe.com/events/gladiators-experience-tickets-NX6RCG?ref=ticketmaster,B40 1NT,52.453266,-1.717158
26/05/2026,Gladiators Experience,12:00:00,NEC,Miscellaneous,Birmingham,LvZ18QobZgKboP8ZvRIkb,https://www.universe.com/events/gladiators-experience-tickets-NX6RCG?ref=ticketmaster,B40 1NT,52.453266,-1.717158
26/05/2026,Gladiators Experience,10:00:00,NEC,Miscellaneous,Birmingham,LvZ18QobZgKboP8ZvRIkf,https://www.universe.com/events/gladiators-experience-tickets-NX6RCG?ref=ticketmaster,B40 1NT,52.453266,-1.717158
26/05/2026,Gladiators Experience,13:30:00,NEC,Miscellaneous,Birmingham,LvZ18QobZgKboP8ZvRIkh,https://www.universe.com/events/gladiators-experience-tickets-NX6RCG?ref=ticketmaster,B40 1NT,52.453266,-1.717158
26/05/2026,Gladiators Experience,14:00:00,NEC,Miscellaneous,Birmingham,LvZ18QobZgKboP8ZvRIkj,https://www.universe.com/events/gladiators-experience-tickets-NX6RCG?ref=ticketmaster,B40 1NT,52.453266,-1.717158
26/05/2026,Gladiators Experience,11:00:00,NEC,Miscellaneous,Birmingham,LvZ18QobZgKboP8ZvRIkp,https://www.universe.com/events/gladiators-experience-tickets-NX6RCG?ref=ticketmaster,B40 1NT,52.453266,-1.717158
26/05/2026,Gladiators Experience,14:30:00,NEC,Miscellaneous,Birmingham,LvZ18QobZgKboP8ZvRIkq,https://www.universe.com/events/gladiators-experience-tickets-NX6RCG?ref=ticketmaster,B40 1NT,52.453266,-1.717158
26/05/2026,Gladiators Experience,15:00:00,NEC,Miscellaneous,Birmingham,LvZ18QobZgKboP8ZvRIkr,https://www.universe.com/events/gladiators-experience-tickets-NX6RCG?ref=ticketmaster,B40 1NT,52.453266,-1.717158
27/05/2026,Gladiators Experience,10:30:00,NEC,Miscellaneous,Birmingham,LvZ18QobZgKboP8ZvRIkE,https://www.universe.com/events/gladiators-experience-tickets-NX6RCG?ref=ticketmaster,B40 1NT,52.453266,-1.717158
27/05/2026,Gladiators Experience,11:00:00,NEC,Miscellaneous,Birmingham,LvZ18QobZgKboP8ZvRIkI,https://www.universe.com/events/gladiators-experience-tickets-NX6RCG?ref=ticketmaster,B40 1NT,52.453266,-1.717158
27/05/2026,Gladiators Experience,10:00:00,NEC,Miscellaneous,Birmingham,LvZ18QobZgKboP8ZvRIkJ,https://www.universe.com/events/gladiators-experience-tickets-NX6RCG?ref=ticketmaster,B40 1NT,52.453266,-1.717158
27/05/2026,Gladiators Experience,09:00:00,NEC,Miscellaneous,Birmingham,LvZ18QobZgKboP8ZvRIkP,https://www.universe.com/events/gladiators-experience-tickets-NX6RCG?ref=ticketmaster,B40 1NT,52.453266,-1.717158
27/05/2026,Gladiators Experience,14:30:00,NEC,Miscellaneous,Birmingham,LvZ18QobZgKboP8ZvRIkR,https://www.universe.com/events/gladiators-experience-tickets-NX6RCG?ref=ticketmaster,B40 1NT,52.453266,-1.717158
27/05/2026,Gladiators Experience,15:00:00,NEC,Miscellaneous,Birmingham,LvZ18QobZgKboP8ZvRIkY,https://www.universe.com/events/gladiators-experience-tickets-NX6RCG?ref=ticketmaster,B40 1NT,52.453266,-1.717158
27/05/2026,Gladiators Experience,13:30:00,NEC,Miscellaneous,Birmingham,LvZ18QobZgKboP8ZvRIkc,https://www.universe.com/events/gladiators-experience-tickets-NX6RCG?ref=ticketmaster,B40 1NT,52.453266,-1.717158
27/05/2026,Gladiators Experience,13:00:00,NEC,Miscellaneous,Birmingham,LvZ18QobZgKboP8ZvRIki,https://www.universe.com/events/gladiators-experience-tickets-NX6RCG?ref=ticketmaster,B40 1NT,52.453266,-1.717158
27/05/2026,Gladiators Experience,12:30:00,NEC,Miscellaneous,Birmingham,LvZ18QobZgKboP8ZvRIkl,https://www.universe.com/events/gladiators-experience-tickets-NX6RCG?ref=ticketmaster,B40 1NT,52.453266,-1.717158
27/05/2026,Gladiators Experience,14:00:00,NEC,Miscellaneous,Birmingham,LvZ18QobZgKboP8ZvRIkm,https://www.universe.com/events/gladiators-experience-tickets-NX6RCG?ref=ticketmaster,B40 1NT,52.453266,-1.717158
27/05/2026,Gladiators Experience,12:00:00,NEC,Miscellaneous,Birmingham,LvZ18QobZgKboP8ZvRIkn,https://www.universe.com/events/gladiators-experience-tickets-NX6RCG?ref=ticketmaster,B40 1NT,52.453266,-1.717158
27/05/2026,Gladiators Experience,15:30:00,NEC,Miscellaneous,Birmingham,LvZ18QobZgKboP8ZvRIks,https://www.universe.com/events/gladiators-experience-tickets-NX6RCG?ref=ticketmaster,B40 1NT,52.453266,-1.717158
27/05/2026,Gladiators Experience,11:30:00,NEC,Miscellaneous,Birmingham,LvZ18QobZgKboP8ZvRIkt,https://www.universe.com/events/gladiators-experience-tickets-NX6RCG?ref=ticketmaster,B40 1NT,52.453266,-1.717158
28/05/2026,Gladiators Experience,14:00:00,NEC,Miscellaneous,Birmingham,LvZ18QobZgKboP8ZvRI6Z,https://www.universe.com/events/gladiators-experience-tickets-NX6RCG?ref=ticketmaster,B40 1NT,52.453266,-1.717158
28/05/2026,Gladiators Experience,15:30:00,NEC,Miscellaneous,Birmingham,LvZ18QobZgKboP8ZvRI6d,https://www.universe.com/events/gladiators-experience-tickets-NX6RCG?ref=ticketmaster,B40 1NT,52.453266,-1.717158
28/05/2026,Gladiators Experience,15:00:00,NEC,Miscellaneous,Birmingham,LvZ18QobZgKboP8ZvRI6e,https://www.universe.com/events/gladiators-experience-tickets-NX6RCG?ref=ticketmaster,B40 1NT,52.453266,-1.717158
28/05/2026,Gladiators Experience,14:30:00,NEC,Miscellaneous,Birmingham,LvZ18QobZgKboP8ZvRI6v,https://www.universe.com/events/gladiators-experience-tickets-NX6RCG?ref=ticketmaster,B40 1NT,52.453266,-1.717158
28/05/2026,Gladiators Experience,11:00:00,NEC,Miscellaneous,Birmingham,LvZ18QobZgKboP8ZvRIkB,https://www.universe.com/events/gladiators-experience-tickets-NX6RCG?ref=ticketmaster,B40 1NT,52.453266,-1.717158
28/05/2026,Gladiators Experience,11:30:00,NEC,Miscellaneous,Birmingham,LvZ18QobZgKboP8ZvRIkD,https://www.universe.com/events/gladiators-experience-tickets-NX6RCG?ref=ticketmaster,B40 1NT,52.453266,-1.717158
28/05/2026,Gladiators Experience,12:00:00,NEC,Miscellaneous,Birmingham,LvZ18QobZgKboP8ZvRIkH,https://www.universe.com/events/gladiators-experience-tickets-NX6RCG?ref=ticketmaster,B40 1NT,52.453266,-1.717158
28/05/2026,Gladiators Experience,09:00:00,NEC,Miscellaneous,Birmingham,LvZ18QobZgKboP8ZvRIkM,https://www.universe.com/events/gladiators-experience-tickets-NX6RCG?ref=ticketmaster,B40 1NT,52.453266,-1.717158
28/05/2026,Gladiators Experience,13:30:00,NEC,Miscellaneous,Birmingham,LvZ18QobZgKboP8ZvRIkT,https://www.universe.com/events/gladiators-experience-tickets-NX6RCG?ref=ticketmaster,B40 1NT,52.453266,-1.717158
28/05/2026,Gladiators Experience,12:30:00,NEC,Miscellaneous,Birmingham,LvZ18QobZgKboP8ZvRIkW,https://www.universe.com/events/gladiators-experience-tickets-NX6RCG?ref=ticketmaster,B40 1NT,52.453266,-1.717158
28/05/2026,Gladiators Experience,13:00:00,NEC,Miscellaneous,Birmingham,LvZ18QobZgKboP8ZvRIkX,https://www.universe.com/events/gladiators-experience-tickets-NX6RCG?ref=ticketmaster,B40 1NT,52.453266,-1.717158
28/05/2026,Gladiators Experience,10:30:00,NEC,Miscellaneous,Birmingham,LvZ18QobZgKboP8ZvRIky,https://www.universe.com/events/gladiators-experience-tickets-NX6RCG?ref=ticketmaster,B40 1NT,52.453266,-1.717158
28/05/2026,Gladiators Experience,10:00:00,NEC,Miscellaneous,Birmingham,LvZ18QobZgKboP8ZvRIkz,https://www.universe.com/events/gladiators-experience-tickets-NX6RCG?ref=ticketmaster,B40 1NT,52.453266,-1.717158
29/05/2026,Gladiators Experience,15:00:00,NEC,Miscellaneous,Birmingham,LvZ18Qo9WPCnjSZZvTs36,https://www.universe.com/events/gladiators-experience-tickets-NX6RCG?ref=ticketmaster,B40 1NT,52.453266,-1.717158
29/05/2026,Gladiators Experience,13:30:00,NEC,Miscellaneous,Birmingham,LvZ18Qo9WPCnjSZZvTs37,https://www.universe.com/events/gladiators-experience-tickets-NX6RCG?ref=ticketmaster,B40 1NT,52.453266,-1.717158
29/05/2026,Gladiators Experience,14:00:00,NEC,Miscellaneous,Birmingham,LvZ18Qo9WPCnjSZZvTs3A,https://www.universe.com/events/gladiators-experience-tickets-NX6RCG?ref=ticketmaster,B40 1NT,52.453266,-1.717158
29/05/2026,Gladiators Experience,15:30:00,NEC,Miscellaneous,Birmingham,LvZ18Qo9WPCnjSZZvTs3F,https://www.universe.com/events/gladiators-experience-tickets-NX6RCG?ref=ticketmaster,B40 1NT,52.453266,-1.717158
29/05/2026,Gladiators Experience,11:30:00,NEC,Miscellaneous,Birmingham,LvZ18Qo9WPCnjSZZvTs3Z,https://www.universe.com/events/gladiators-experience-tickets-NX6RCG?ref=ticketmaster,B40 1NT,52.453266,-1.717158
29/05/2026,Gladiators Experience,13:00:00,NEC,Miscellaneous,Birmingham,LvZ18Qo9WPCnjSZZvTs3d,https://www.universe.com/events/gladiators-experience-tickets-NX6RCG?ref=ticketmaster,B40 1NT,52.453266,-1.717158
29/05/2026,Gladiators Experience,12:30:00,NEC,Miscellaneous,Birmingham,LvZ18Qo9WPCnjSZZvTs3e,https://www.universe.com/events/gladiators-experience-tickets-NX6RCG?ref=ticketmaster,B40 1NT,52.453266,-1.717158
29/05/2026,Gladiators Experience,14:30:00,NEC,Miscellaneous,Birmingham,LvZ18Qo9WPCnjSZZvTs3k,https://www.universe.com/events/gladiators-experience-tickets-NX6RCG?ref=ticketmaster,B40 1NT,52.453266,-1.717158
29/05/2026,Gladiators Experience,12:00:00,NEC,Miscellaneous,Birmingham,LvZ18Qo9WPCnjSZZvTs3v,https://www.universe.com/events/gladiators-experience-tickets-NX6RCG?ref=ticketmaster,B40 1NT,52.453266,-1.717158
29/05/2026,Gladiators Experience,09:00:00,NEC,Miscellaneous,Birmingham,LvZ18Qo9WPCnjSZZvTsoH,https://www.universe.com/events/gladiators-experience-tickets-NX6RCG?ref=ticketmaster,B40 1NT,52.453266,-1.717158
29/05/2026,Gladiators Experience,11:00:00,NEC,Miscellaneous,Birmingham,LvZ18Qo9WPCnjSZZvTsoT,https://www.universe.com/events/gladiators-experience-tickets-NX6RCG?ref=ticketmaster,B40 1NT,52.453266,-1.717158
29/05/2026,Gladiators Experience,10:00:00,NEC,Miscellaneous,Birmingham,LvZ18Qo9WPCnjSZZvTsoW,https://www.universe.com/events/gladiators-experience-tickets-NX6RCG?ref=ticketmaster,B40 1NT,52.453266,-1.717158
29/05/2026,Gladiators Experience,10:30:00,NEC,Miscellaneous,Birmingham,LvZ18Qo9WPCnjSZZvTsoX,https://www.universe.com/events/gladiators-experience-tickets-NX6RCG?ref=ticketmaster,B40 1NT,52.453266,-1.717158
30/05/2026,Gladiators Experience,10:00:00,NEC,Miscellaneous,Birmingham,LvZ18Qo9WPCnjSZZvTs32,https://www.universe.com/events/gladiators-experience-tickets-NX6RCG?ref=ticketmaster,B40 1NT,52.453266,-1.717158
30/05/2026,Gladiators Experience,11:30:00,NEC,Miscellaneous,Birmingham,LvZ18Qo9WPCnjSZZvTs33,https://www.universe.com/events/gladiators-experience-tickets-NX6RCG?ref=ticketmaster,B40 1NT,52.453266,-1.717158
30/05/2026,Gladiators Experience,13:00:00,NEC,Miscellaneous,Birmingham,LvZ18Qo9WPCnjSZZvTs34,https://www.universe.com/events/gladiators-experience-tickets-NX6RCG?ref=ticketmaster,B40 1NT,52.453266,-1.717158
30/05/2026,Gladiators Experience,10:30:00,NEC,Miscellaneous,Birmingham,LvZ18Qo9WPCnjSZZvTs38,https://www.universe.com/events/gladiators-experience-tickets-NX6RCG?ref=ticketmaster,B40 1NT,52.453266,-1.717158
30/05/2026,Gladiators Experience,14:00:00,NEC,Miscellaneous,Birmingham,LvZ18Qo9WPCnjSZZvTs39,https://www.universe.com/events/gladiators-experience-tickets-NX6RCG?ref=ticketmaster,B40 1NT,52.453266,-1.717158
30/05/2026,Gladiators Experience,09:00:00,NEC,Miscellaneous,Birmingham,LvZ18Qo9WPCnjSZZvTs3C,https://www.universe.com/events/gladiators-experience-tickets-NX6RCG?ref=ticketmaster,B40 1NT,52.453266,-1.717158
30/05/2026,Gladiators Experience,12:00:00,NEC,Miscellaneous,Birmingham,LvZ18Qo9WPCnjSZZvTs3K,https://www.universe.com/events/gladiators-experience-tickets-NX6RCG?ref=ticketmaster,B40 1NT,52.453266,-1.717158
30/05/2026,Gladiators Experience,18:00:00,NEC,Miscellaneous,Birmingham,LvZ18Qo9WPCnjSZZvTs3L,https://www.universe.com/events/gladiators-experience-tickets-NX6RCG?ref=ticketmaster,B40 1NT,52.453266,-1.717158
30/05/2026,Gladiators Experience,15:30:00,NEC,Miscellaneous,Birmingham,LvZ18Qo9WPCnjSZZvTs3Q,https://www.universe.com/events/gladiators-experience-tickets-NX6RCG?ref=ticketmaster,B40 1NT,52.453266,-1.717158
30/05/2026,Gladiators Experience,15:00:00,NEC,Miscellaneous,Birmingham,LvZ18Qo9WPCnjSZZvTs3_,https://www.universe.com/events/gladiators-experience-tickets-NX6RCG?ref=ticketmaster,B40 1NT,52.453266,-1.717158
30/05/2026,Gladiators Experience,14:30:00,NEC,Miscellaneous,Birmingham,LvZ18Qo9WPCnjSZZvTs3b,https://www.universe.com/events/gladiators-experience-tickets-NX6RCG?ref=ticketmaster,B40 1NT,52.453266,-1.717158
30/05/2026,Gladiators Experience,12:30:00,NEC,Miscellaneous,Birmingham,LvZ18Qo9WPCnjSZZvTs3f,https://www.universe.com/events/gladiators-experience-tickets-NX6RCG?ref=ticketmaster,B40 1NT,52.453266,-1.717158
30/05/2026,Gladiators Experience,16:00:00,NEC,Miscellaneous,Birmingham,LvZ18Qo9WPCnjSZZvTs3h,https://www.universe.com/events/gladiators-experience-tickets-NX6RCG?ref=ticketmaster,B40 1NT,52.453266,-1.717158
30/05/2026,Gladiators Experience,16:30:00,NEC,Miscellaneous,Birmingham,LvZ18Qo9WPCnjSZZvTs3j,https://www.universe.com/events/gladiators-experience-tickets-NX6RCG?ref=ticketmaster,B40 1NT,52.453266,-1.717158
30/05/2026,Gladiators Experience,11:00:00,NEC,Miscellaneous,Birmingham,LvZ18Qo9WPCnjSZZvTs3o,https://www.universe.com/events/gladiators-experience-tickets-NX6RCG?ref=ticketmaster,B40 1NT,52.453266,-1.717158
30/05/2026,Gladiators Experience,13:30:00,NEC,Miscellaneous,Birmingham,LvZ18Qo9WPCnjSZZvTs3p,https://www.universe.com/events/gladiators-experience-tickets-NX6RCG?ref=ticketmaster,B40 1NT,52.453266,-1.717158
30/05/2026,Gladiators Experience,17:00:00,NEC,Miscellaneous,Birmingham,LvZ18Qo9WPCnjSZZvTs3q,https://www.universe.com/events/gladiators-experience-tickets-NX6RCG?ref=ticketmaster,B40 1NT,52.453266,-1.717158
30/05/2026,Gladiators Experience,17:30:00,NEC,Miscellaneous,Birmingham,LvZ18Qo9WPCnjSZZvTs3r,https://www.universe.com/events/gladiators-experience-tickets-NX6RCG?ref=ticketmaster,B40 1NT,52.453266,-1.717158
31/05/2026,Gladiators Experience,10:00:00,NEC,Miscellaneous,Birmingham,LvZ18Qo9WPCnjSZZvTs3-,https://www.universe.com/events/gladiators-experience-tickets-NX6RCG?ref=ticketmaster,B40 1NT,52.453266,-1.717158
31/05/2026,Gladiators Experience,11:30:00,NEC,Miscellaneous,Birmingham,LvZ18Qo9WPCnjSZZvTs30,https://www.universe.com/events/gladiators-experience-tickets-NX6RCG?ref=ticketmaster,B40 1NT,52.453266,-1.717158
31/05/2026,Gladiators Experience,13:00:00,NEC,Miscellaneous,Birmingham,LvZ18Qo9WPCnjSZZvTs3E,https://www.universe.com/events/gladiators-experience-tickets-NX6RCG?ref=ticketmaster,B40 1NT,52.453266,-1.717158
31/05/2026,Gladiators Experience,13:30:00,NEC,Miscellaneous,Birmingham,LvZ18Qo9WPCnjSZZvTs3I,https://www.universe.com/events/gladiators-experience-tickets-NX6RCG?ref=ticketmaster,B40 1NT,52.453266,-1.717158
31/05/2026,Gladiators Experience,12:30:00,NEC,Miscellaneous,Birmingham,LvZ18Qo9WPCnjSZZvTs3J,https://www.universe.com/events/gladiators-experience-tickets-NX6RCG?ref=ticketmaster,B40 1NT,52.453266,-1.717158
31/05/2026,Gladiators Experience,11:00:00,NEC,Miscellaneous,Birmingham,LvZ18Qo9WPCnjSZZvTs3N,https://www.universe.com/events/gladiators-experience-tickets-NX6RCG?ref=ticketmaster,B40 1NT,52.453266,-1.717158
31/05/2026,Gladiators Experience,09:00:00,NEC,Miscellaneous,Birmingham,LvZ18Qo9WPCnjSZZvTs3O,https://www.universe.com/events/gladiators-experience-tickets-NX6RCG?ref=ticketmaster,B40 1NT,52.453266,-1.717158
31/05/2026,Gladiators Experience,12:00:00,NEC,Miscellaneous,Birmingham,LvZ18Qo9WPCnjSZZvTs3P,https://www.universe.com/events/gladiators-experience-tickets-NX6RCG?ref=ticketmaster,B40 1NT,52.453266,-1.717158
31/05/2026,Gladiators Experience,15:30:00,NEC,Miscellaneous,Birmingham,LvZ18Qo9WPCnjSZZvTs3i,https://www.universe.com/events/gladiators-experience-tickets-NX6RCG?ref=ticketmaster,B40 1NT,52.453266,-1.717158
31/05/2026,Gladiators Experience,15:00:00,NEC,Miscellaneous,Birmingham,LvZ18Qo9WPCnjSZZvTs3l,https://www.universe.com/events/gladiators-experience-tickets-NX6RCG?ref=ticketmaster,B40 1NT,52.453266,-1.717158
31/05/2026,Gladiators Experience,14:30:00,NEC,Miscellaneous,Birmingham,LvZ18Qo9WPCnjSZZvTs3n,https://www.universe.com/events/gladiators-experience-tickets-NX6RCG?ref=ticketmaster,B40 1NT,52.453266,-1.717158
31/05/2026,Gladiators Experience,14:00:00,NEC,Miscellaneous,Birmingham,LvZ18Qo9WPCnjSZZvTs3t,https://www.universe.com/events/gladiators-experience-tickets-NX6RCG?ref=ticketmaster,B40 1NT,52.453266,-1.717158
31/05/2026,Gladiators Experience,10:30:00,NEC,Miscellaneous,Birmingham,LvZ18Qo9WPCnjSZZvTs3x,https://www.universe.com/events/gladiators-experience-tickets-NX6RCG?ref=ticketmaster,B40 1NT,52.453266,-1.717158
05/06/2026,Gladiators Experience,16:00:00,NEC,Miscellaneous,Birmingham,LvZ18Qo9WPCnjSZZvTs3T,https://www.universe.com/events/gladiators-experience-tickets-NX6RCG?ref=ticketmaster,B40 1NT,52.453266,-1.717158
05/06/2026,Gladiators Experience,18:00:00,NEC,Miscellaneous,Birmingham,LvZ18Qo9WPCnjSZZvTsKd,https://www.universe.com/events/gladiators-experience-tickets-NX6RCG?ref=ticketmaster,B40 1NT,52.453266,-1.717158
05/06/2026,Gladiators Experience,17:30:00,NEC,Miscellaneous,Birmingham,LvZ18Qo9WPCnjSZZvTsKe,https://www.universe.com/events/gladiators-experience-tickets-NX6RCG?ref=ticketmaster,B40 1NT,52.453266,-1.717158
05/06/2026,Gladiators Experience,17:00:00,NEC,Miscellaneous,Birmingham,LvZ18Qo9WPCnjSZZvTsKv,https://www.universe.com/events/gladiators-experience-tickets-NX6RCG?ref=ticketmaster,B40 1NT,52.453266,-1.717158
05/06/2026,Gladiators Experience,18:30:00,NEC,Miscellaneous,Birmingham,LvZ18Qob5HlQ24ZZvwJTX,https://www.universe.com/events/gladiators-experience-tickets-NX6RCG?ref=ticketmaster,B40 1NT,52.453266,-1.717158
06/06/2026,Gladiators Experience,12:30:00,NEC,Miscellaneous,Birmingham,LvZ18Qo9WPCnjSZZvTsK1,https://www.universe.com/events/gladiators-experience-tickets-NX6RCG?ref=ticketmaster,B40 1NT,52.453266,-1.717158
06/06/2026,Gladiators Experience,15:00:00,NEC,Miscellaneous,Birmingham,LvZ18Qo9WPCnjSZZvTsK2,https://www.universe.com/events/gladiators-experience-tickets-NX6RCG?ref=ticketmaster,B40 1NT,52.453266,-1.717158
06/06/2026,Gladiators Experience,16:30:00,NEC,Miscellaneous,Birmingham,LvZ18Qo9WPCnjSZZvTsK3,https://www.universe.com/events/gladiators-experience-tickets-NX6RCG?ref=ticketmaster,B40 1NT,52.453266,-1.717158
06/06/2026,Gladiators Experience,18:00:00,NEC,Miscellaneous,Birmingham,LvZ18Qo9WPCnjSZZvTsK4,https://www.universe.com/events/gladiators-experience-tickets-NX6RCG?ref=ticketmaster,B40 1NT,52.453266,-1.717158
06/06/2026,Gladiators Experience,13:00:00,NEC,Miscellaneous,Birmingham,LvZ18Qo9WPCnjSZZvTsK5,https://www.universe.com/events/gladiators-experience-tickets-NX6RCG?ref=ticketmaster,B40 1NT,52.453266,-1.717158
06/06/2026,Gladiators Experience,11:00:00,NEC,Miscellaneous,Birmingham,LvZ18Qo9WPCnjSZZvTsK6,https://www.universe.com/events/gladiators-experience-tickets-NX6RCG?ref=ticketmaster,B40 1NT,52.453266,-1.717158
06/06/2026,Gladiators Experience,09:00:00,NEC,Miscellaneous,Birmingham,LvZ18Qo9WPCnjSZZvTsK7,https://www.universe.com/events/gladiators-experience-tickets-NX6RCG?ref=ticketmaster,B40 1NT,52.453266,-1.717158
06/06/2026,Gladiators Experience,15:30:00,NEC,Miscellaneous,Birmingham,LvZ18Qo9WPCnjSZZvTsK8,https://www.universe.com/events/gladiators-experience-tickets-NX6RCG?ref=ticketmaster,B40 1NT,52.453266,-1.717158
06/06/2026,Gladiators Experience,10:00:00,NEC,Miscellaneous,Birmingham,LvZ18Qo9WPCnjSZZvTsKA,https://www.universe.com/events/gladiators-experience-tickets-NX6RCG?ref=ticketmaster,B40 1NT,52.453266,-1.717158
06/06/2026,Gladiators Experience,14:30:00,NEC,Miscellaneous,Birmingham,LvZ18Qo9WPCnjSZZvTsKC,https://www.universe.com/events/gladiators-experience-tickets-NX6RCG?ref=ticketmaster,B40 1NT,52.453266,-1.717158
06/06/2026,Gladiators Experience,11:30:00,NEC,Miscellaneous,Birmingham,LvZ18Qo9WPCnjSZZvTsKF,https://www.universe.com/events/gladiators-experience-tickets-NX6RCG?ref=ticketmaster,B40 1NT,52.453266,-1.717158
06/06/2026,Gladiators Experience,13:30:00,NEC,Miscellaneous,Birmingham,LvZ18Qo9WPCnjSZZvTsKG,https://www.universe.com/events/gladiators-experience-tickets-NX6RCG?ref=ticketmaster,B40 1NT,52.453266,-1.717158
06/06/2026,Gladiators Experience,17:00:00,NEC,Miscellaneous,Birmingham,LvZ18Qo9WPCnjSZZvTsKK,https://www.universe.com/events/gladiators-experience-tickets-NX6RCG?ref=ticketmaster,B40 1NT,52.453266,-1.717158
06/06/2026,Gladiators Experience,12:00:00,NEC,Miscellaneous,Birmingham,LvZ18Qo9WPCnjSZZvTsKa,https://www.universe.com/events/gladiators-experience-tickets-NX6RCG?ref=ticketmaster,B40 1NT,52.453266,-1.717158
06/06/2026,Gladiators Experience,17:30:00,NEC,Miscellaneous,Birmingham,LvZ18Qo9WPCnjSZZvTsKf,https://www.universe.com/events/gladiators-experience-tickets-NX6RCG?ref=ticketmaster,B40 1NT,52.453266,-1.717158
06/06/2026,Gladiators Experience,10:30:00,NEC,Miscellaneous,Birmingham,LvZ18Qo9WPCnjSZZvTsKk,https://www.universe.com/events/gladiators-experience-tickets-NX6RCG?ref=ticketmaster,B40 1NT,52.453266,-1.717158
06/06/2026,Gladiators Experience,16:00:00,NEC,Miscellaneous,Birmingham,LvZ18Qo9WPCnjSZZvTsKo,https://www.universe.com/events/gladiators-experience-tickets-NX6RCG?ref=ticketmaster,B40 1NT,52.453266,-1.717158
06/06/2026,Gladiators Experience,14:00:00,NEC,Miscellaneous,Birmingham,LvZ18Qo9WPCnjSZZvTsKu,https://www.universe.com/events/gladiators-experience-tickets-NX6RCG?ref=ticketmaster,B40 1NT,52.453266,-1.717158
07/06/2026,Gladiators Experience,15:00:00,NEC,Miscellaneous,Birmingham,LvZ18Qo9WPCnjSZZvTsK-,https://www.universe.com/events/gladiators-experience-tickets-NX6RCG?ref=ticketmaster,B40 1NT,52.453266,-1.717158
07/06/2026,Gladiators Experience,10:00:00,NEC,Miscellaneous,Birmingham,LvZ18Qo9WPCnjSZZvTsK9,https://www.universe.com/events/gladiators-experience-tickets-NX6RCG?ref=ticketmaster,B40 1NT,52.453266,-1.717158
07/06/2026,Gladiators Experience,14:00:00,NEC,Miscellaneous,Birmingham,LvZ18Qo9WPCnjSZZvTsKL,https://www.universe.com/events/gladiators-experience-tickets-NX6RCG?ref=ticketmaster,B40 1NT,52.453266,-1.717158
07/06/2026,Gladiators Experience,14:30:00,NEC,Miscellaneous,Birmingham,LvZ18Qo9WPCnjSZZvTsKO,https://www.universe.com/events/gladiators-experience-tickets-NX6RCG?ref=ticketmaster,B40 1NT,52.453266,-1.717158
07/06/2026,Gladiators Experience,11:30:00,NEC,Miscellaneous,Birmingham,LvZ18Qo9WPCnjSZZvTsKQ,https://www.universe.com/events/gladiators-experience-tickets-NX6RCG?ref=ticketmaster,B40 1NT,52.453266,-1.717158
07/06/2026,Gladiators Experience,11:00:00,NEC,Miscellaneous,Birmingham,LvZ18Qo9WPCnjSZZvTsK_,https://www.universe.com/events/gladiators-experience-tickets-NX6RCG?ref=ticketmaster,B40 1NT,52.453266,-1.717158
07/06/2026,Gladiators Experience,10:30:00,NEC,Miscellaneous,Birmingham,LvZ18Qo9WPCnjSZZvTsKb,https://www.universe.com/events/gladiators-experience-tickets-NX6RCG?ref=ticketmaster,B40 1NT,52.453266,-1.717158
07/06/2026,Gladiators Experience,12:00:00,NEC,Miscellaneous,Birmingham,LvZ18Qo9WPCnjSZZvTsKh,https://www.universe.com/events/gladiators-experience-tickets-NX6RCG?ref=ticketmaster,B40 1NT,52.453266,-1.717158
07/06/2026,Gladiators Experience,12:30:00,NEC,Miscellaneous,Birmingham,LvZ18Qo9WPCnjSZZvTsKj,https://www.universe.com/events/gladiators-experience-tickets-NX6RCG?ref=ticketmaster,B40 1NT,52.453266,-1.717158
07/06/2026,Gladiators Experience,09:00:00,NEC,Miscellaneous,Birmingham,LvZ18Qo9WPCnjSZZvTsKp,https://www.universe.com/events/gladiators-experience-tickets-NX6RCG?ref=ticketmaster,B40 1NT,52.453266,-1.717158
07/06/2026,Gladiators Experience,13:00:00,NEC,Miscellaneous,Birmingham,LvZ18Qo9WPCnjSZZvTsKq,https://www.universe.com/events/gladiators-experience-tickets-NX6RCG?ref=ticketmaster,B40 1NT,52.453266,-1.717158
07/06/2026,Gladiators Experience,13:30:00,NEC,Miscellaneous,Birmingham,LvZ18Qo9WPCnjSZZvTsKr,https://www.universe.com/events/gladiators-experience-tickets-NX6RCG?ref=ticketmaster,B40 1NT,52.453266,-1.717158
07/06/2026,Gladiators Experience,15:30:00,NEC,Miscellaneous,Birmingham,LvZ18Qo9WPCnjSZZvTsKx,https://www.universe.com/events/gladiators-experience-tickets-NX6RCG?ref=ticketmaster,B40 1NT,52.453266,-1.717158
15/05/2026,The Comedy Store - Great Yarmouth,20:00:00,Gorleston Pavilion,Arts & Theatre,Norfolk,1AUZka4Gkdww0HR,https://www.ticketmaster.co.uk/the-comedy-store-great-yarmouth-norfolk-15-05-2026/event/36006255F2CA4F2F,NR31 6PP,52.57124,-1.73266
14/05/2026,Kiefer Sutherland,19:00:00,KK's Steel Mill,Music,Wolverhampton,G5vHZ_dLScJVj,https://www.ticketmaster.co.uk/kiefer-sutherland-wolverhampton-14-05-2026/event/1F006437F3B66D1C,WV2 4DU,52.5786863,-2.1309853
14/05/2026,Kiefer Sutherland,19:00:00,KK's Steel Mill,Music,Wolverhampton,LvZ18Q9qCcJXYlYZ0hvj2,https://www.universe.com/events/kiefer-sutherland-tickets-R0YJMS?ref=ticketmaster,WV2 4DU,52.5786863,-2.1309853
23/05/2026,Chez Kane Plus special guests,19:00:00,KK's Steel Mill,Music,Wolverhampton,LvZ18Q3oBj5epdZvjlxm9,https://www.universe.com/events/chez-kane-plus-special-guests-tickets-V63CX7?ref=ticketmaster,WV2 4DU,52.5786863,-2.1309853
30/05/2026,Geoff Tate Operation Mindcrime UK 2026,19:00:00,KK's Steel Mill,Music,Wolverhampton,LvZ18QKAXluyqd8vCyM47,https://www.universe.com/events/geoff-tate-operation-mindcrime-uk-2026-tickets-Z5KLWM?ref=ticketmaster,WV2 4DU,52.5786863,-2.1309853
12/05/2026,Carmen - Ellen Kent's Farewell Opera Tour,19:30:00,Wolverhampton Grand Theatre,Arts & Theatre,Wolverhampton,1AMZkGPGket5vEv,https://www.ticketmaster.co.uk/carmen-ellen-kents-farewell-opera-tour-wolverhampton-12-05-2026/event/37006325A92C19C1,WV1 1DE,52.586493,-2.124205
13/05/2026,Madama Butterfly - Ellen Kent's Farewell Opera Tour,19:30:00,Wolverhampton Grand Theatre,Arts & Theatre,Wolverhampton,1AMZkGPGkdkgkH0,https://www.ticketmaster.co.uk/madama-butterfly-ellen-kents-farewell-opera-wolverhampton-13-05-2026/event/37006325C6D46F24,WV1 1DE,52.586493,-2.124205
24/05/2026,Judi Love: All About The Love,19:30:00,Wolverhampton Grand Theatre,Arts & Theatre,Wolverhampton,17uYvxG6uGKk9DS,https://www.ticketmaster.co.uk/judi-love-all-about-the-love-wolverhampton-24-05-2026/event/370062D313197EF3,WV1 1DE,52.586493,-2.124205
16/05/2026,Machine Head,18:00:00,University of Wolverhampton at The Civic Hall,Music,Wolverhampton,G5vHZbM9oEI4x,https://www.ticketmaster.co.uk/machine-head-wolverhampton-16-05-2026/event/1F006375D19E8562,WV1 1RQ,52.586653,-2.130802
17/05/2026,Clinton Baptiste: Spectral Intercourse,19:30:00,University of Wolverhampton at The Civic Hall,Arts & Theatre,Wolverhampton,G5vHZbEEPMULq,https://www.ticketmaster.co.uk/clinton-baptiste-spectral-intercourse-wolverhampton-17-05-2026/event/1F006279E5DF67DD,WV1 1RQ,52.586653,-2.130802
21/05/2026,Kraftwerk: Multimedia Tour 2026,19:00:00,University of Wolverhampton at The Civic Hall,Music,Wolverhampton,G5vHZbV1WFIQS,https://www.ticketmaster.co.uk/kraftwerk-multimedia-tour-2026-wolverhampton-21-05-2026/event/1F006342BD2286B3,WV1 1RQ,52.586653,-2.130802
22/05/2026,Blue,18:30:00,University of Wolverhampton at The Civic Hall,Music,Wolverhampton,G5vHZ_efhxSNQ,https://www.ticketmaster.co.uk/blue-wolverhampton-22-05-2026/event/1F0064251B8B38DA,WV1 1RQ,52.586653,-2.130802
28/05/2026,Jeff Goldblum & The Mildred Snitzer Orchestra: The Night Blooms World,19:00:00,University of Wolverhampton at The Civic Hall,Music,Wolverhampton,G5vHZ_7KSTJsZ,https://www.ticketmaster.co.uk/jeff-goldblum-the-mildred-snitzer-orchestra-wolverhampton-28-05-2026/event/1F006444F3FE6C40,WV1 1RQ,52.586653,-2.130802
29/05/2026,James Morrison,19:00:00,University of Wolverhampton at The Civic Hall,Music,Wolverhampton,G5vHZbUlQEIil,https://www.ticketmaster.co.uk/james-morrison-wolverhampton-29-05-2026/event/1F00636ADA9E8B2B,WV1 1RQ,52.586653,-2.130802
13/05/2026,Hamza Yassin - My Life Behind the Lens,19:30:00,"Warwick Arts Centre, Coventry",Miscellaneous,Coventry,G5vHZbUlUjycp,https://www.ticketmaster.co.uk/hamza-yassin-my-life-behind-the-coventry-13-05-2026/event/1F00636AF6739B56,CV47AL,52.373743,-1.552358
15/05/2026,Mike Wozniak: The Bench,19:30:00,"Warwick Arts Centre, Coventry",Arts & Theatre,Coventry,G5vHZbgnFISOE,https://www.ticketmaster.co.uk/mike-wozniak-the-bench-coventry-15-05-2026/event/1F00635A88A33827,CV47AL,52.373743,-1.552358
16/05/2026,Clinton Baptiste: Spectral Intercourse,20:00:00,"Warwick Arts Centre, Coventry",Arts & Theatre,Coventry,G5vHZbENgKUsy,https://www.ticketmaster.co.uk/clinton-baptiste-spectral-intercourse-coventry-16-05-2026/event/1F006278F54F6C79,CV47AL,52.373743,-1.552358
16/05/2026,Seann Walsh: This Is Torture,19:30:00,"Warwick Arts Centre, Coventry",Arts & Theatre,Coventry,G5vHZbMKifalk,https://www.ticketmaster.co.uk/seann-walsh-this-is-torture-coventry-16-05-2026/event/1F006374EC509AC6,CV47AL,52.373743,-1.552358
23/05/2026,Judi Love: All About The Love,20:00:00,"Warwick Arts Centre, Coventry",Arts & Theatre,Coventry,G5vHZbcLId4-1,https://www.ticketmaster.co.uk/judi-love-all-about-the-love-coventry-23-05-2026/event/1F0062D7E80D584A,CV47AL,52.373743,-1.552358
29/05/2026,Rickie Lee Jones,20:15:00,"Warwick Arts Centre, Coventry",Music,Coventry,G5vHZbMwlKUnF,https://www.ticketmaster.co.uk/rickie-lee-jones-coventry-29-05-2026/event/1F00637CAB4F6A88,CV47AL,52.373743,-1.552358
15/05/2026,The Comedy Store - Coventry,19:30:00,The Albany Theatre,Arts & Theatre,Coventry,G5vHZbPKWCNRZ,https://www.ticketmaster.co.uk/the-comedy-store-coventry-coventry-15-05-2026/event/1F006254FD3A3BC0,CV1 3BH,52.4060266,-1.5245886
16/05/2026,Birmingham Panthers v Cardiff Dragons,18:00:00,Coventry Skydome Arena,Sports,Coventry,1AdjZbzGknSnk4C,https://www.eticketing.co.uk/birminghampanthers/EDP/Event/Index/36?utm_source=Ticketmaster&utm_medium=Shell-Event&utm_campaign=cl:B-panthers-chl:Shell-Event-v.C,CV1 3AZ,52.40701264,-1.51783409
23/05/2026,Sink or Swim presents Charlie Parr,19:30:00,The Tin Music and Arts,Music,Coventry,LvZ18QutQ4z_Px8Z0ise-,https://www.universe.com/events/sink-or-swim-presents-charlie-parr-tickets-K5M04H?ref=ticketmaster,CV14LY,52.41328,-1.51257
25/05/2026,Sink or Swim present Co-Headline: Julie's Haircut + Brown Spirits,17:00:00,The Tin Music and Arts,Music,Coventry,LvZ18QKh7GGlVY8Zwz8Sw,https://www.universe.com/events/sink-or-swim-present-co-headline-julies-haircut-brown-spirits-tickets-ZFPMBL?ref=ticketmaster,CV14LY,52.41328,-1.51257
04/06/2026,TAKE THAT - THE CIRCUS LIVE - Summer 2026,17:00:00,Coventry Building Society Arena,Music,Coventry,1AMZkGVGkd3XiuM,https://www.ticketmaster.co.uk/take-that-the-circus-live-summer-coventry-04-06-2026/event/37006334D2FAC377,CV6 6GE,52.448267,-1.497429
05/06/2026,TAKE THAT - THE CIRCUS LIVE - Summer 2026,17:00:00,Coventry Building Society Arena,Music,Coventry,1AMZkGsGkdGqnr3,https://www.ticketmaster.co.uk/take-that-the-circus-live-summer-coventry-05-06-2026/event/37006331CC76A792,CV6 6GE,52.448267,-1.497429
06/06/2026,TAKE THAT - THE CIRCUS LIVE - Summer 2026,17:00:00,Coventry Building Society Arena,Music,Coventry,1AMZkGwGkdlWipH,https://www.ticketmaster.co.uk/take-that-the-circus-live-summer-coventry-06-06-2026/event/37006332EBF6C5BC,CV6 6GE,52.448267,-1.497429
16/05/2026,"An Afternoon of Indie COVENTRY - Indie for the over 30s, 2pm-6pm",14:00:00,hmv Empire,Music,Coventry,LvZ18QbuAyI4v7ZZ0VJIR,https://www.universe.com/events/an-afternoon-of-indie-coventry-indie-for-the-over-30s-2pm-6pm-tickets-CMD5RN?ref=ticketmaster,CV1 1LF,52.40716,-1.497628
16/05/2026,Nickelback UK - Tribute to Nickelback,20:00:00,Queens Hall,Music,Nuneaton,LvZ18QpIShLagB8Z0x4Yh,https://www.universe.com/events/nickelback-uk-tribute-to-nickelback-tickets-MDZVYN?ref=ticketmaster,CV11 5LA,52.522554,-1.473177
19/05/2026,The Hillbilly Moon Explosion,19:00:00,Queens Hall,Music,Nuneaton,LvZ18Q2WaC8RU6ZZ0wdbN,https://www.universe.com/events/the-hillbilly-moon-explosion-tickets-73CVHG?ref=ticketmaster,CV11 5LA,52.522554,-1.473177
22/05/2026,Genesis Songbook,20:00:00,Queens Hall,Unknown,Nuneaton,LvZ18Q7ZIhthxnIImb6lq,https://www.universe.com/events/genesis-songbook-tickets-SD4VPF?ref=ticketmaster,CV11 5LA,52.522554,-1.473177
24/05/2026,The Bluetones (Acoustic),19:30:00,Queens Hall,Music,Nuneaton,LvZ18Q8djhgloXZZlB6NZ,https://www.universe.com/events/the-bluetones-acoustic-tickets-R9BWZP?ref=ticketmaster,CV11 5LA,52.522554,-1.473177
28/05/2026,The Washboard Union,19:00:00,Queens Hall,Music,Nuneaton,LvZ18QpI-vAJ6D8Z0V-Pb,https://www.universe.com/events/the-washboard-union-tickets-62M5QH?ref=ticketmaster,CV11 5LA,52.522554,-1.473177
12/05/2026,Warwick Castle - Daily Entry,10:00:00,Warwick Castle,Miscellaneous,Warwick,G5vHZ_7F2_ETP,https://attractions.ticketmaster.co.uk/book/1FL90-TICKETMASTER/#date=2026-05-12,CV34 4QU,52.280585,-1.585766
13/05/2026,Warwick Castle - Daily Entry,10:00:00,Warwick Castle,Miscellaneous,Warwick,G5vHZ_7F2EzZd,https://attractions.ticketmaster.co.uk/book/1FL90-TICKETMASTER/#date=2026-05-13,CV34 4QU,52.280585,-1.585766
14/05/2026,Warwick Castle - Daily Entry,10:00:00,Warwick Castle,Miscellaneous,Warwick,G5vHZ_7F2gFZj,https://attractions.ticketmaster.co.uk/book/1FL90-TICKETMASTER/#date=2026-05-14,CV34 4QU,52.280585,-1.585766
15/05/2026,Warwick Castle - Daily Entry,10:00:00,Warwick Castle,Miscellaneous,Warwick,G5vHZ_7F8ezZs,https://attractions.ticketmaster.co.uk/book/1FL90-TICKETMASTER/#date=2026-05-15,CV34 4QU,52.280585,-1.585766
16/05/2026,Warwick Castle - Daily Entry,10:00:00,Warwick Castle,Miscellaneous,Warwick,G5vHZ_7F88zvd,https://attractions.ticketmaster.co.uk/book/1FL90-TICKETMASTER/#date=2026-05-16,CV34 4QU,52.280585,-1.585766
17/05/2026,Warwick Castle - Daily Entry,10:00:00,Warwick Castle,Miscellaneous,Warwick,G5vHZ_7F8rbv3,https://attractions.ticketmaster.co.uk/book/1FL90-TICKETMASTER/#date=2026-05-17,CV34 4QU,52.280585,-1.585766
18/05/2026,Warwick Castle - Daily Entry,10:00:00,Warwick Castle,Miscellaneous,Warwick,G5vHZ_7F8lzvt,https://attractions.ticketmaster.co.uk/book/1FL90-TICKETMASTER/#date=2026-05-18,CV34 4QU,52.280585,-1.585766
19/05/2026,Warwick Castle - Daily Entry,10:00:00,Warwick Castle,Miscellaneous,Warwick,G5vHZ_7F8ybe9,https://attractions.ticketmaster.co.uk/book/1FL90-TICKETMASTER/#date=2026-05-19,CV34 4QU,52.280585,-1.585766
20/05/2026,Warwick Castle - Daily Entry,10:00:00,Warwick Castle,Miscellaneous,Warwick,G5vHZ_7Fo6FeX,https://attractions.ticketmaster.co.uk/book/1FL90-TICKETMASTER/#date=2026-05-20,CV34 4QU,52.280585,-1.585766
21/05/2026,Warwick Castle - Daily Entry,10:00:00,Warwick Castle,Miscellaneous,Warwick,G5vHZ_7FofIdi,https://attractions.ticketmaster.co.uk/book/1FL90-TICKETMASTER/#date=2026-05-21,CV34 4QU,52.280585,-1.585766
22/05/2026,Warwick Castle - Daily Entry,10:00:00,Warwick Castle,Miscellaneous,Warwick,G5vHZ_7FoxF7Z,https://attractions.ticketmaster.co.uk/book/1FL90-TICKETMASTER/#date=2026-05-22,CV34 4QU,52.280585,-1.585766
23/05/2026,Warwick Castle - Daily Entry,10:00:00,Warwick Castle,Miscellaneous,Warwick,G5vHZ_7FoRI7r,https://attractions.ticketmaster.co.uk/book/1FL90-TICKETMASTER/#date=2026-05-23,CV34 4QU,52.280585,-1.585766
24/05/2026,Warwick Castle - Daily Entry,10:00:00,Warwick Castle,Miscellaneous,Warwick,G5vHZ_7FoHz7z,https://attractions.ticketmaster.co.uk/book/1FL90-TICKETMASTER/#date=2026-05-24,CV34 4QU,52.280585,-1.585766
25/05/2026,Warwick Castle - Daily Entry,10:00:00,Warwick Castle,Miscellaneous,Warwick,G5vHZ_7F31bAa,https://attractions.ticketmaster.co.uk/book/1FL90-TICKETMASTER/#date=2026-05-25,CV34 4QU,52.280585,-1.585766
26/05/2026,Warwick Castle - Daily Entry,10:00:00,Warwick Castle,Miscellaneous,Warwick,G5vHZ_7F39zAh,https://attractions.ticketmaster.co.uk/book/1FL90-TICKETMASTER/#date=2026-05-26,CV34 4QU,52.280585,-1.585766
27/05/2026,Warwick Castle - Daily Entry,10:00:00,Warwick Castle,Miscellaneous,Warwick,G5vHZ_7F3PFAn,https://attractions.ticketmaster.co.uk/book/1FL90-TICKETMASTER/#date=2026-05-27,CV34 4QU,52.280585,-1.585766
28/05/2026,Warwick Castle - Daily Entry,10:00:00,Warwick Castle,Miscellaneous,Warwick,G5vHZ_7F3wIk5,https://attractions.ticketmaster.co.uk/book/1FL90-TICKETMASTER/#date=2026-05-28,CV34 4QU,52.280585,-1.585766
29/05/2026,Warwick Castle - Daily Entry,10:00:00,Warwick Castle,Miscellaneous,Warwick,G5vHZ_7FKZFks,https://attractions.ticketmaster.co.uk/book/1FL90-TICKETMASTER/#date=2026-05-29,CV34 4QU,52.280585,-1.585766
30/05/2026,Warwick Castle - Daily Entry,10:00:00,Warwick Castle,Miscellaneous,Warwick,G5vHZ_7FKuI6v,https://attractions.ticketmaster.co.uk/book/1FL90-TICKETMASTER/#date=2026-05-30,CV34 4QU,52.280585,-1.585766
31/05/2026,Warwick Castle - Daily Entry,10:00:00,Warwick Castle,Miscellaneous,Warwick,G5vHZ_7FKhF60,https://attractions.ticketmaster.co.uk/book/1FL90-TICKETMASTER/#date=2026-05-31,CV34 4QU,52.280585,-1.585766
01/06/2026,Warwick Castle - Daily Entry,10:00:00,Warwick Castle,Miscellaneous,Warwick,G5vHZ_7FKIIFZ,https://attractions.ticketmaster.co.uk/book/1FL90-TICKETMASTER/#date=2026-06-01,CV34 4QU,52.280585,-1.585766
02/06/2026,Warwick Castle - Daily Entry,10:00:00,Warwick Castle,Miscellaneous,Warwick,G5vHZ_7FKUFFO,https://attractions.ticketmaster.co.uk/book/1FL90-TICKETMASTER/#date=2026-06-02,CV34 4QU,52.280585,-1.585766
03/06/2026,Warwick Castle - Daily Entry,10:00:00,Warwick Castle,Miscellaneous,Warwick,G5vHZ_7FfdIFm,https://attractions.ticketmaster.co.uk/book/1FL90-TICKETMASTER/#date=2026-06-03,CV34 4QU,52.280585,-1.585766
04/06/2026,Warwick Castle - Daily Entry,10:00:00,Warwick Castle,Miscellaneous,Warwick,G5vHZ_7Ff8zav,https://attractions.ticketmaster.co.uk/book/1FL90-TICKETMASTER/#date=2026-06-04,CV34 4QU,52.280585,-1.585766
05/06/2026,Warwick Castle - Daily Entry,10:00:00,Warwick Castle,Miscellaneous,Warwick,G5vHZ_7FfrFa0,https://attractions.ticketmaster.co.uk/book/1FL90-TICKETMASTER/#date=2026-06-05,CV34 4QU,52.280585,-1.585766
06/06/2026,Warwick Castle - Daily Entry,10:00:00,Warwick Castle,Miscellaneous,Warwick,G5vHZ_7FflI1d,https://attractions.ticketmaster.co.uk/book/1FL90-TICKETMASTER/#date=2026-06-06,CV34 4QU,52.280585,-1.585766
08/06/2026,Warwick Castle - Daily Entry,10:00:00,Warwick Castle,Miscellaneous,Warwick,G5vHZ_7Ffzz10,https://attractions.ticketmaster.co.uk/book/1FL90-TICKETMASTER/#date=2026-06-08,CV34 4QU,52.280585,-1.585766
09/06/2026,Warwick Castle - Daily Entry,10:00:00,Warwick Castle,Miscellaneous,Warwick,G5vHZ_7F4kI5F,https://attractions.ticketmaster.co.uk/book/1FL90-TICKETMASTER/#date=2026-06-09,CV34 4QU,52.280585,-1.585766
10/06/2026,Warwick Castle - Daily Entry,10:00:00,Warwick Castle,Miscellaneous,Warwick,G5vHZ_7F4fFGk,https://attractions.ticketmaster.co.uk/book/1FL90-TICKETMASTER/#date=2026-06-10,CV34 4QU,52.280585,-1.585766
29/05/2026,Could Be Real Tribute Festival 2026 at Coombe Abbey,15:00:00,Coombe Abbey,Music,Coventry ,LvZ18Q4f86Q_YwOZyDzHk,https://www.universe.com/events/could-be-real-tribute-festival-2026-at-coombe-abbey-tickets-8ZT3K6?ref=ticketmaster,CV3 2AB,52.397318,-1.444124
30/05/2026,Cafe Mambo Ibiza Classics at Coombe Abbey,13:00:00,Coombe Abbey,Music,Coventry ,LvZ18Q2_vOgU-g8ZlivmA,https://www.universe.com/events/cafe-mambo-ibiza-classics-at-coombe-abbey-tickets-567F4G?ref=ticketmaster,CV3 2AB,52.397318,-1.444124
16/05/2026,okgiorgio,19:00:00,Colour Factory,Music,London,1AwZk8JGkdg3YPB,https://www.ticketweb.uk/event/okgiorgio-colour-factory-tickets/14057934?REFERRAL_ID=tmfeed,E95EN,52.511513,-2.3786276
16/05/2026,Kane Brown - Crowd Work King,20:00:00,Royal Spa Centre,Arts & Theatre,Leamington Spa,1AMZku9GkdazBZ5,https://www.ticketmaster.co.uk/kane-brown-crowd-work-king-leamington-spa-16-05-2026/event/37006357C9E3A00B,CV32 4HN,52.289792,-1.531403
14/05/2026,Toots and the Maytals,19:00:00,Leamington Spa Assembly,Music,Leamington Spa,LvZ18QCysUtCO_YZnLKWj,https://www.universe.com/events/toots-and-the-maytals-tickets-PRZ1JS?ref=ticketmaster,CV31 3NF,52.285603,-1.53369
24/05/2026,JTT COMEDY CLUB WITH MILTON JONES - LEAMINGTON SPA,19:30:00,Leamington Spa Assembly,Arts & Theatre,Leamington Spa,LvZ18Qpm7zrHOjZZwmi_x,https://www.universe.com/events/jtt-comedy-club-with-milton-jones-leamington-spa-tickets-CNL9Q1?ref=ticketmaster,CV31 3NF,52.285603,-1.53369
20/05/2026,Bearded Theory 2026,,Catton Hall and Gardens,Music,South Derbyshire,G5vHZbSxS76Fz,https://www.ticketmaster.co.uk/bearded-theory-2026-south-derbyshire-20-05-2026/event/1F006338B3107238,DE12 8LB,52.7468848,-1.6416087
11/06/2026,"LOOSE ENDS Live at the Jam House, Birmingham Thu 11 June 2026",18:00:00,The Jam House Birmingham,Music,Birmingham,LvZ18Q9qgO-6p_8ZyZgQf,https://www.universe.com/events/loose-ends-live-at-the-jam-house-birmingham-thu-11-june-2026-tickets-P2QW3L?ref=ticketmaster,B3 1QU,52.48509613,-1.904386
11/06/2026,Rufus Rice: Rice Age,18:45:00,Glee Club,Arts & Theatre,Birmingham,G5vHZbMxcGpvd,https://www.ticketmaster.co.uk/rufus-rice-rice-age-birmingham-11-06-2026/event/1F006378AD316043,B5 4TD,52.474541,-1.89662
13/06/2026,Elvis Costello & The Imposters with Charlie Sexton,19:00:00,Symphony Hall,Music,Birmingham,G5vHZbzprvUSM,https://www.ticketmaster.co.uk/elvis-costello-the-imposters-with-charlie-birmingham-13-06-2026/event/1F0063859E076CF7,B1 2EA,52.478877,-1.910803
13/06/2026,From the Jam,19:00:00,O2 Institute2 Birmingham,Music,Birmingham,G5dzZbVI1Ncr5,https://www.ticketmaster.co.uk/from-the-jam-birmingham-13-06-2026/event/3E00634A0A8ED78B,B5 6DY,52.475756,-1.887562
17/06/2026,ISMO: Perseverance Tour,20:00:00,Town Hall Birmingham,Arts & Theatre,Birmingham,G5vHZbnDsm7EZ,https://www.ticketmaster.co.uk/ismo-perseverance-tour-birmingham-17-06-2026/event/1F0062AEF1B849C0,B3 3DQ,52.479447,-1.903587
17/06/2026,WORLD CUP 2026: ENGLAND V CROATIA,19:00:00,O2 Institute Birmingham,Sports,Birmingham,G5dzZ_dwCKx-f,https://www.ticketmaster.co.uk/world-cup-2026-england-v-croatia-birmingham-17-06-2026/event/3E00643C8E4E2854,B5 6DY,52.475756,-1.887562
18/06/2026,Endless Love The Show: A Tribute to Diana Ross And Lionel Richie,19:30:00,The Alexandra,Music,Birmingham,1AdbZbgGkUjnE9f,https://www.ticketmaster.co.uk/endless-love-the-show-a-tribute-birmingham-18-06-2026/event/3600635D9CAA75D4,B5 4DS,52.476145,-1.901239
18/06/2026,Ania Magliano: Peach Fuzz,19:15:00,Glee Club,Arts & Theatre,Birmingham,G5vHZbwxCxONj,https://www.ticketmaster.co.uk/ania-magliano-peach-fuzz-birmingham-18-06-2026/event/1F0063288E8A08DC,B5 4TD,52.474541,-1.89662
19/06/2026,Amy & Carlos: Reborn,20:00:00,The Alexandra,Arts & Theatre,Birmingham,1AUZkGsGkegX9RD,https://www.ticketmaster.co.uk/amy-carlos-reborn-birmingham-19-06-2026/event/36006331B5F97BFB,B5 4DS,52.476145,-1.901239
20/06/2026,KAYTRANADA,18:30:00,Utilita Arena Birmingham,Music,Birmingham,1ANZkokGke--vG3,https://www.ticketmaster.co.uk/kaytranada-birmingham-20-06-2026/event/23006446A1841312,B1 2AA,52.479932,-1.914924
22/06/2026,Sounds Of The 60s Live - Hosted by Tony Blackburn MBE,19:30:00,Symphony Hall,Music,Birmingham,G5vHZbYDhTeIi,https://www.ticketmaster.co.uk/sounds-of-the-60s-live-hosted-birmingham-22-06-2026/event/1F00630EDBFC2A2C,B1 2EA,52.478877,-1.910803
23/06/2026,Ethel Cain,19:00:00,O2 Academy Birmingham,Music,Birmingham,G5dzZbSbZ4pjs,https://www.ticketmaster.co.uk/ethel-cain-birmingham-23-06-2026/event/3E00633600556731,B1 1DB,52.473277,-1.900215
23/06/2026,WORLD CUP 2026 : ENGLAND V GHANA,19:00:00,O2 Institute Birmingham,Sports,Birmingham,G5dzZ_dwOVK_E,https://www.ticketmaster.co.uk/world-cup-2026-england-v-ghana-birmingham-23-06-2026/event/3E00643CA0D13667,B5 6DY,52.475756,-1.887562
24/06/2026,Royel Otis,19:00:00,O2 Academy Birmingham,Music,Birmingham,G5dzZbM30L4po,https://www.ticketmaster.co.uk/royel-otis-birmingham-24-06-2026/event/3E006374A47D5591,B1 1DB,52.473277,-1.900215
25/06/2026,Bilmuri - The Kinda Hard Tour,19:00:00,O2 Academy Birmingham,Music,Birmingham,G5dzZ_7KUe6zE,https://www.ticketmaster.co.uk/bilmuri-the-kinda-hard-tour-birmingham-25-06-2026/event/3E006444F6087E27,B1 1DB,52.473277,-1.900215
26/06/2026,Last Resort - NU Metal Tribute,19:00:00,O2 Academy2 Birmingham,Music,Birmingham,G5dzZ_dBUiViA,https://www.ticketmaster.co.uk/last-resort-nu-metal-tribute-birmingham-26-06-2026/event/3E00643EB6B34B05,B1 1DB,52.47406,-1.89955
27/06/2026,The Luke Combs Experience,18:30:00,O2 Academy Birmingham,Music,Birmingham,G5dzZbc5OC-nB,https://www.ticketmaster.co.uk/the-luke-combs-experience-birmingham-27-06-2026/event/3E0062D2E03A1ABA,B1 1DB,52.473277,-1.900215
27/06/2026,The Prince Experience... Endorphinmachine,19:00:00,O2 Academy3 Birmingham,Music,Birmingham,G5dzZ_dUhGN6S,https://www.ticketmaster.co.uk/the-prince-experience-endorphinmachine-birmingham-27-06-2026/event/3E00643D9B3231F3,B1 1DB,52.473268,-1.9002009
27/06/2026,WORLD CUP 2026 ENGLAND V PANAMA,20:00:00,O2 Institute Birmingham,Sports,Birmingham,G5dzZ_dwVV77k,https://www.ticketmaster.co.uk/world-cup-2026-england-v-panama-birmingham-27-06-2026/event/3E00643CB4D04106,B5 6DY,52.475756,-1.887562
30/06/2026,Rumours of Fleetwood Mac,19:00:00,Symphony Hall,Music,Birmingham,G5vHZbSe5l0SB,https://www.ticketmaster.co.uk/rumours-of-fleetwood-mac-birmingham-30-06-2026/event/1F0063308BAE4CFA,B1 2EA,52.478877,-1.910803
01/07/2026,Rumours of Fleetwood Mac,19:00:00,Symphony Hall,Music,Birmingham,G5vHZbSe5lVVi,https://www.ticketmaster.co.uk/rumours-of-fleetwood-mac-birmingham-01-07-2026/event/1F0063308BAF4D2C,B1 2EA,52.478877,-1.910803
02/07/2026,DAMAGE Thu 02 July 2026 Performing Live Jam House Birmingham,18:00:00,The Jam House Birmingham,Music,Birmingham,LvZ18QpPf1Cd7MZZlHuD3,https://www.universe.com/events/damage-thu-02-july-2026-performing-live-jam-house-birmingham-tickets-VBN34P?ref=ticketmaster,B3 1QU,52.48509613,-1.904386
02/07/2026,An Evening with David Sedaris,19:30:00,Symphony Hall,Arts & Theatre,Birmingham,G5vHZbs070vZd,https://www.ticketmaster.co.uk/an-evening-with-david-sedaris-birmingham-02-07-2026/event/1F00631904901003,B1 2EA,52.478877,-1.910803
04/07/2026,Phantogram,19:00:00,O2 Academy2 Birmingham,Music,Birmingham,G5dzZ_dSBPk60,https://www.ticketmaster.co.uk/phantogram-birmingham-04-07-2026/event/3E00643CFA9461E4,B1 1DB,52.47406,-1.89955
04/07/2026,Downloaded - Download Festival tribute,18:00:00,O2 Institute2 Birmingham,Music,Birmingham,G5dzZ_dRnWflk,https://www.ticketmaster.co.uk/downloaded-download-festival-tribute-birmingham-04-07-2026/event/3E00643BEAF54AC6,B5 6DY,52.475756,-1.887562
09/07/2026,Mojo Brookzz: I Know You F*cking Lying,19:45:00,Glee Club,Arts & Theatre,Birmingham,G5vHZ_dhywPdl,https://www.ticketmaster.co.uk/mojo-brookzz-i-know-you-fcking-birmingham-09-07-2026/event/1F006436F9CA50EB,B5 4TD,52.474541,-1.89662
10/07/2026,Breaking Benjamin,19:00:00,O2 Academy Birmingham,Music,Birmingham,G5dzZbzTnG4t6,https://www.ticketmaster.co.uk/breaking-benjamin-birmingham-10-07-2026/event/3E00638FEA315A47,B1 1DB,52.473277,-1.900215
23/06/2026,England vs Ghana Big Screen Event With The Midlands Legends,17:00:00,Banqueting Suite (Edgbaston Cricket Ground),Miscellaneous,Birmingham,LvZ18QpqPDSGquZZwiHVp,https://www.universe.com/events/england-vs-ghana-big-screen-event-with-the-midlands-legends-tickets-RDC5JG?ref=ticketmaster,B5 7QU,52.454899,-1.90448
27/06/2026,The Dirty Nil,19:00:00,The Castle & Falcon,Music,Birmingham,16dFZbU3oG7XZIG,https://www.ticketweb.uk/event/the-dirty-nil-the-castle-falcon-tickets/14664773?REFERRAL_ID=tmfeed,B12 9AT,52.454883,-1.886583
20/06/2026,Novuna UK Athletics Championships,11:30:00,Alexander Stadium,Sports,Birmingham,1AdfZ_dGkBMmAvZ,https://www.ticketmaster.co.uk/novuna-uk-athletics-championships-birmingham-20-06-2026/event/3500643EB7B85040,B42 2LR,52.5299002,-1.9061313
20/06/2026,Novuna UK Athletics Championships - Weekend Pass,,Alexander Stadium,Sports,Birmingham,1AdfZ_dGkDKQkQ8,https://www.ticketmaster.co.uk/novuna-uk-athletics-championships-weekend-pass-birmingham-20-06-2026/event/3500643ED3686690,B42 2LR,52.5299002,-1.9061313
21/06/2026,Novuna UK Athletics Championships,11:30:00,Alexander Stadium,Sports,Birmingham,1AdfZ_dGkBMmPv7,https://www.ticketmaster.co.uk/novuna-uk-athletics-championships-birmingham-21-06-2026/event/3500643EB7BA5044,B42 2LR,52.5299002,-1.9061313
16/06/2026,Manilow - The Last Last Concert,18:00:00,bp pulse LIVE,Music,Birmingham,1ANZkG-GkdL3sk7,https://www.ticketmaster.co.uk/manilow-the-last-last-concert-birmingham-16-06-2026/event/23006321DF4B1184,B401NT,52.453057,-1.720073
20/06/2026,UB40,18:00:00,bp pulse LIVE,Music,Birmingham,1AeGZ_dGkDjVsB4,https://www.ticketmaster.co.uk/ub40-birmingham-20-06-2026/event/2300643EDCD31E95,B401NT,52.453057,-1.720073
26/06/2026,Lily Allen,18:00:00,bp pulse LIVE,Music,Birmingham,1ANZkuSGkdiVeKc,https://www.ticketmaster.co.uk/lily-allen-birmingham-26-06-2026/event/23006373ECD024ED,B401NT,52.453057,-1.720073
04/07/2026,Def Leppard,19:00:00,bp pulse LIVE,Music,Birmingham,16NZkG_GsZA2vCd6,https://www.ticketmaster.co.uk/def-leppard-birmingham-04-07-2026/event/23006319331E0D26,B401NT,52.453057,-1.720073
05/07/2026,THE BEST OF ALL WORLDS - UK TOUR 2026 - SAMMY HAGAR,18:00:00,bp pulse LIVE,Music,Birmingham,1AeGZbgGkSATsjh,https://www.ticketmaster.co.uk/the-best-of-all-worlds-uk-birmingham-05-07-2026/event/2300635CC5FF171B,B401NT,52.453057,-1.720073
12/06/2026,Gladiators Experience,17:00:00,NEC,Miscellaneous,Birmingham,LvZ18Qo9WPCnjSZZvTsKM,https://www.universe.com/events/gladiators-experience-tickets-NX6RCG?ref=ticketmaster,B40 1NT,52.453266,-1.717158
12/06/2026,Gladiators Experience,16:00:00,NEC,Miscellaneous,Birmingham,LvZ18Qo9WPCnjSZZvTsKg,https://www.universe.com/events/gladiators-experience-tickets-NX6RCG?ref=ticketmaster,B40 1NT,52.453266,-1.717158
12/06/2026,Gladiators Experience,18:00:00,NEC,Miscellaneous,Birmingham,LvZ18Qo9WPCnjSZZvTsKy,https://www.universe.com/events/gladiators-experience-tickets-NX6RCG?ref=ticketmaster,B40 1NT,52.453266,-1.717158
12/06/2026,Gladiators Experience,17:30:00,NEC,Miscellaneous,Birmingham,LvZ18Qo9WPCnjSZZvTsKz,https://www.universe.com/events/gladiators-experience-tickets-NX6RCG?ref=ticketmaster,B40 1NT,52.453266,-1.717158
12/06/2026,Gladiators Experience,18:30:00,NEC,Miscellaneous,Birmingham,LvZ18Qob5HlQ24ZZvwJTT,https://www.universe.com/events/gladiators-experience-tickets-NX6RCG?ref=ticketmaster,B40 1NT,52.453266,-1.717158
13/06/2026,Gladiators Experience,09:00:00,NEC,Miscellaneous,Birmingham,LvZ18Qo9WPCnjSZZvTsKB,https://www.universe.com/events/gladiators-experience-tickets-NX6RCG?ref=ticketmaster,B40 1NT,52.453266,-1.717158
13/06/2026,Gladiators Experience,10:00:00,NEC,Miscellaneous,Birmingham,LvZ18Qo9WPCnjSZZvTsKD,https://www.universe.com/events/gladiators-experience-tickets-NX6RCG?ref=ticketmaster,B40 1NT,52.453266,-1.717158
13/06/2026,Gladiators Experience,10:30:00,NEC,Miscellaneous,Birmingham,LvZ18Qo9WPCnjSZZvTsKH,https://www.universe.com/events/gladiators-experience-tickets-NX6RCG?ref=ticketmaster,B40 1NT,52.453266,-1.717158
13/06/2026,Gladiators Experience,12:00:00,NEC,Miscellaneous,Birmingham,LvZ18Qo9WPCnjSZZvTsKT,https://www.universe.com/events/gladiators-experience-tickets-NX6RCG?ref=ticketmaster,B40 1NT,52.453266,-1.717158
13/06/2026,Gladiators Experience,11:00:00,NEC,Miscellaneous,Birmingham,LvZ18Qo9WPCnjSZZvTsKW,https://www.universe.com/events/gladiators-experience-tickets-NX6RCG?ref=ticketmaster,B40 1NT,52.453266,-1.717158
13/06/2026,Gladiators Experience,11:30:00,NEC,Miscellaneous,Birmingham,LvZ18Qo9WPCnjSZZvTsKX,https://www.universe.com/events/gladiators-experience-tickets-NX6RCG?ref=ticketmaster,B40 1NT,52.453266,-1.717158
13/06/2026,Gladiators Experience,17:30:00,NEC,Miscellaneous,Birmingham,LvZ18Qo9WPCnjSZZvTsf1,https://www.universe.com/events/gladiators-experience-tickets-NX6RCG?ref=ticketmaster,B40 1NT,52.453266,-1.717158
13/06/2026,Gladiators Experience,18:00:00,NEC,Miscellaneous,Birmingham,LvZ18Qo9WPCnjSZZvTsf5,https://www.universe.com/events/gladiators-experience-tickets-NX6RCG?ref=ticketmaster,B40 1NT,52.453266,-1.717158
13/06/2026,Gladiators Experience,16:00:00,NEC,Miscellaneous,Birmingham,LvZ18Qo9WPCnjSZZvTsf6,https://www.universe.com/events/gladiators-experience-tickets-NX6RCG?ref=ticketmaster,B40 1NT,52.453266,-1.717158
13/06/2026,Gladiators Experience,14:30:00,NEC,Miscellaneous,Birmingham,LvZ18Qo9WPCnjSZZvTsf7,https://www.universe.com/events/gladiators-experience-tickets-NX6RCG?ref=ticketmaster,B40 1NT,52.453266,-1.717158
13/06/2026,Gladiators Experience,15:00:00,NEC,Miscellaneous,Birmingham,LvZ18Qo9WPCnjSZZvTsfA,https://www.universe.com/events/gladiators-experience-tickets-NX6RCG?ref=ticketmaster,B40 1NT,52.453266,-1.717158
13/06/2026,Gladiators Experience,16:30:00,NEC,Miscellaneous,Birmingham,LvZ18Qo9WPCnjSZZvTsfF,https://www.universe.com/events/gladiators-experience-tickets-NX6RCG?ref=ticketmaster,B40 1NT,52.453266,-1.717158
13/06/2026,Gladiators Experience,12:30:00,NEC,Miscellaneous,Birmingham,LvZ18Qo9WPCnjSZZvTsfZ,https://www.universe.com/events/gladiators-experience-tickets-NX6RCG?ref=ticketmaster,B40 1NT,52.453266,-1.717158
13/06/2026,Gladiators Experience,17:00:00,NEC,Miscellaneous,Birmingham,LvZ18Qo9WPCnjSZZvTsfa,https://www.universe.com/events/gladiators-experience-tickets-NX6RCG?ref=ticketmaster,B40 1NT,52.453266,-1.717158
13/06/2026,Gladiators Experience,14:00:00,NEC,Miscellaneous,Birmingham,LvZ18Qo9WPCnjSZZvTsfd,https://www.universe.com/events/gladiators-experience-tickets-NX6RCG?ref=ticketmaster,B40 1NT,52.453266,-1.717158
13/06/2026,Gladiators Experience,13:30:00,NEC,Miscellaneous,Birmingham,LvZ18Qo9WPCnjSZZvTsfe,https://www.universe.com/events/gladiators-experience-tickets-NX6RCG?ref=ticketmaster,B40 1NT,52.453266,-1.717158
13/06/2026,Gladiators Experience,15:30:00,NEC,Miscellaneous,Birmingham,LvZ18Qo9WPCnjSZZvTsfk,https://www.universe.com/events/gladiators-experience-tickets-NX6RCG?ref=ticketmaster,B40 1NT,52.453266,-1.717158
13/06/2026,Gladiators Experience,13:00:00,NEC,Miscellaneous,Birmingham,LvZ18Qo9WPCnjSZZvTsfv,https://www.universe.com/events/gladiators-experience-tickets-NX6RCG?ref=ticketmaster,B40 1NT,52.453266,-1.717158
14/06/2026,Gladiators Experience,11:00:00,NEC,Miscellaneous,Birmingham,LvZ18Qo9WPCnjSZZvTsf2,https://www.universe.com/events/gladiators-experience-tickets-NX6RCG?ref=ticketmaster,B40 1NT,52.453266,-1.717158
14/06/2026,Gladiators Experience,12:30:00,NEC,Miscellaneous,Birmingham,LvZ18Qo9WPCnjSZZvTsf3,https://www.universe.com/events/gladiators-experience-tickets-NX6RCG?ref=ticketmaster,B40 1NT,52.453266,-1.717158
14/06/2026,Gladiators Experience,14:00:00,NEC,Miscellaneous,Birmingham,LvZ18Qo9WPCnjSZZvTsf4,https://www.universe.com/events/gladiators-experience-tickets-NX6RCG?ref=ticketmaster,B40 1NT,52.453266,-1.717158
14/06/2026,Gladiators Experience,11:30:00,NEC,Miscellaneous,Birmingham,LvZ18Qo9WPCnjSZZvTsf8,https://www.universe.com/events/gladiators-experience-tickets-NX6RCG?ref=ticketmaster,B40 1NT,52.453266,-1.717158
14/06/2026,Gladiators Experience,15:00:00,NEC,Miscellaneous,Birmingham,LvZ18Qo9WPCnjSZZvTsf9,https://www.universe.com/events/gladiators-experience-tickets-NX6RCG?ref=ticketmaster,B40 1NT,52.453266,-1.717158
14/06/2026,Gladiators Experience,10:30:00,NEC,Miscellaneous,Birmingham,LvZ18Qo9WPCnjSZZvTsfC,https://www.universe.com/events/gladiators-experience-tickets-NX6RCG?ref=ticketmaster,B40 1NT,52.453266,-1.717158
14/06/2026,Gladiators Experience,09:00:00,NEC,Miscellaneous,Birmingham,LvZ18Qo9WPCnjSZZvTsfG,https://www.universe.com/events/gladiators-experience-tickets-NX6RCG?ref=ticketmaster,B40 1NT,52.453266,-1.717158
14/06/2026,Gladiators Experience,13:00:00,NEC,Miscellaneous,Birmingham,LvZ18Qo9WPCnjSZZvTsfK,https://www.universe.com/events/gladiators-experience-tickets-NX6RCG?ref=ticketmaster,B40 1NT,52.453266,-1.717158
14/06/2026,Gladiators Experience,15:30:00,NEC,Miscellaneous,Birmingham,LvZ18Qo9WPCnjSZZvTsfb,https://www.universe.com/events/gladiators-experience-tickets-NX6RCG?ref=ticketmaster,B40 1NT,52.453266,-1.717158
14/06/2026,Gladiators Experience,13:30:00,NEC,Miscellaneous,Birmingham,LvZ18Qo9WPCnjSZZvTsff,https://www.universe.com/events/gladiators-experience-tickets-NX6RCG?ref=ticketmaster,B40 1NT,52.453266,-1.717158
14/06/2026,Gladiators Experience,12:00:00,NEC,Miscellaneous,Birmingham,LvZ18Qo9WPCnjSZZvTsfo,https://www.universe.com/events/gladiators-experience-tickets-NX6RCG?ref=ticketmaster,B40 1NT,52.453266,-1.717158
14/06/2026,Gladiators Experience,14:30:00,NEC,Miscellaneous,Birmingham,LvZ18Qo9WPCnjSZZvTsfp,https://www.universe.com/events/gladiators-experience-tickets-NX6RCG?ref=ticketmaster,B40 1NT,52.453266,-1.717158
14/06/2026,Gladiators Experience,10:00:00,NEC,Miscellaneous,Birmingham,LvZ18Qo9WPCnjSZZvTsfu,https://www.universe.com/events/gladiators-experience-tickets-NX6RCG?ref=ticketmaster,B40 1NT,52.453266,-1.717158
19/06/2026,Gladiators Experience,18:00:00,NEC,Miscellaneous,Birmingham,LvZ18Qo9WPCnjSZZvTsfR,https://www.universe.com/events/gladiators-experience-tickets-NX6RCG?ref=ticketmaster,B40 1NT,52.453266,-1.717158
19/06/2026,Gladiators Experience,17:00:00,NEC,Miscellaneous,Birmingham,LvZ18Qo9WPCnjSZZvTsfc,https://www.universe.com/events/gladiators-experience-tickets-NX6RCG?ref=ticketmaster,B40 1NT,52.453266,-1.717158
19/06/2026,Gladiators Experience,16:00:00,NEC,Miscellaneous,Birmingham,LvZ18Qo9WPCnjSZZvTsfl,https://www.universe.com/events/gladiators-experience-tickets-NX6RCG?ref=ticketmaster,B40 1NT,52.453266,-1.717158
19/06/2026,Gladiators Experience,17:30:00,NEC,Miscellaneous,Birmingham,LvZ18Qo9WPCnjSZZvTsfm,https://www.universe.com/events/gladiators-experience-tickets-NX6RCG?ref=ticketmaster,B40 1NT,52.453266,-1.717158
19/06/2026,Gladiators Experience,18:30:00,NEC,Miscellaneous,Birmingham,LvZ18Qob5HlQ24ZZvwEZZ,https://www.universe.com/events/gladiators-experience-tickets-NX6RCG?ref=ticketmaster,B40 1NT,52.453266,-1.717158
20/06/2026,Gladiators Experience,17:30:00,NEC,Miscellaneous,Birmingham,LvZ18Qo9WPCnjSZZvTs4Z,https://www.universe.com/events/gladiators-experience-tickets-NX6RCG?ref=ticketmaster,B40 1NT,52.453266,-1.717158
20/06/2026,Gladiators Experience,18:00:00,NEC,Miscellaneous,Birmingham,LvZ18Qo9WPCnjSZZvTs4v,https://www.universe.com/events/gladiators-experience-tickets-NX6RCG?ref=ticketmaster,B40 1NT,52.453266,-1.717158
20/06/2026,Gladiators Experience,14:30:00,NEC,Miscellaneous,Birmingham,LvZ18Qo9WPCnjSZZvTsfB,https://www.universe.com/events/gladiators-experience-tickets-NX6RCG?ref=ticketmaster,B40 1NT,52.453266,-1.717158
20/06/2026,Gladiators Experience,15:00:00,NEC,Miscellaneous,Birmingham,LvZ18Qo9WPCnjSZZvTsfD,https://www.universe.com/events/gladiators-experience-tickets-NX6RCG?ref=ticketmaster,B40 1NT,52.453266,-1.717158
20/06/2026,Gladiators Experience,15:30:00,NEC,Miscellaneous,Birmingham,LvZ18Qo9WPCnjSZZvTsfH,https://www.universe.com/events/gladiators-experience-tickets-NX6RCG?ref=ticketmaster,B40 1NT,52.453266,-1.717158
20/06/2026,Gladiators Experience,13:00:00,NEC,Miscellaneous,Birmingham,LvZ18Qo9WPCnjSZZvTsfM,https://www.universe.com/events/gladiators-experience-tickets-NX6RCG?ref=ticketmaster,B40 1NT,52.453266,-1.717158
20/06/2026,Gladiators Experience,11:00:00,NEC,Miscellaneous,Birmingham,LvZ18Qo9WPCnjSZZvTsfS,https://www.universe.com/events/gladiators-experience-tickets-NX6RCG?ref=ticketmaster,B40 1NT,52.453266,-1.717158
20/06/2026,Gladiators Experience,17:00:00,NEC,Miscellaneous,Birmingham,LvZ18Qo9WPCnjSZZvTsfT,https://www.universe.com/events/gladiators-experience-tickets-NX6RCG?ref=ticketmaster,B40 1NT,52.453266,-1.717158
20/06/2026,Gladiators Experience,12:30:00,NEC,Miscellaneous,Birmingham,LvZ18Qo9WPCnjSZZvTsfU,https://www.universe.com/events/gladiators-experience-tickets-NX6RCG?ref=ticketmaster,B40 1NT,52.453266,-1.717158
20/06/2026,Gladiators Experience,11:30:00,NEC,Miscellaneous,Birmingham,LvZ18Qo9WPCnjSZZvTsfV,https://www.universe.com/events/gladiators-experience-tickets-NX6RCG?ref=ticketmaster,B40 1NT,52.453266,-1.717158
20/06/2026,Gladiators Experience,16:00:00,NEC,Miscellaneous,Birmingham,LvZ18Qo9WPCnjSZZvTsfW,https://www.universe.com/events/gladiators-experience-tickets-NX6RCG?ref=ticketmaster,B40 1NT,52.453266,-1.717158
20/06/2026,Gladiators Experience,16:30:00,NEC,Miscellaneous,Birmingham,LvZ18Qo9WPCnjSZZvTsfX,https://www.universe.com/events/gladiators-experience-tickets-NX6RCG?ref=ticketmaster,B40 1NT,52.453266,-1.717158
20/06/2026,Gladiators Experience,09:00:00,NEC,Miscellaneous,Birmingham,LvZ18Qo9WPCnjSZZvTsfY,https://www.universe.com/events/gladiators-experience-tickets-NX6RCG?ref=ticketmaster,B40 1NT,52.453266,-1.717158
20/06/2026,Gladiators Experience,12:00:00,NEC,Miscellaneous,Birmingham,LvZ18Qo9WPCnjSZZvTsfg,https://www.universe.com/events/gladiators-experience-tickets-NX6RCG?ref=ticketmaster,B40 1NT,52.453266,-1.717158
20/06/2026,Gladiators Experience,10:00:00,NEC,Miscellaneous,Birmingham,LvZ18Qo9WPCnjSZZvTsfs,https://www.universe.com/events/gladiators-experience-tickets-NX6RCG?ref=ticketmaster,B40 1NT,52.453266,-1.717158
20/06/2026,Gladiators Experience,10:30:00,NEC,Miscellaneous,Birmingham,LvZ18Qo9WPCnjSZZvTsfw,https://www.universe.com/events/gladiators-experience-tickets-NX6RCG?ref=ticketmaster,B40 1NT,52.453266,-1.717158
20/06/2026,Gladiators Experience,14:00:00,NEC,Miscellaneous,Birmingham,LvZ18Qo9WPCnjSZZvTsfy,https://www.universe.com/events/gladiators-experience-tickets-NX6RCG?ref=ticketmaster,B40 1NT,52.453266,-1.717158
20/06/2026,Gladiators Experience,13:30:00,NEC,Miscellaneous,Birmingham,LvZ18Qo9WPCnjSZZvTsfz,https://www.universe.com/events/gladiators-experience-tickets-NX6RCG?ref=ticketmaster,B40 1NT,52.453266,-1.717158
21/06/2026,Gladiators Experience,13:30:00,NEC,Miscellaneous,Birmingham,LvZ18Qo9WPCnjSZZvTs41,https://www.universe.com/events/gladiators-experience-tickets-NX6RCG?ref=ticketmaster,B40 1NT,52.453266,-1.717158
21/06/2026,Gladiators Experience,14:00:00,NEC,Miscellaneous,Birmingham,LvZ18Qo9WPCnjSZZvTs45,https://www.universe.com/events/gladiators-experience-tickets-NX6RCG?ref=ticketmaster,B40 1NT,52.453266,-1.717158
21/06/2026,Gladiators Experience,12:00:00,NEC,Miscellaneous,Birmingham,LvZ18Qo9WPCnjSZZvTs46,https://www.universe.com/events/gladiators-experience-tickets-NX6RCG?ref=ticketmaster,B40 1NT,52.453266,-1.717158
21/06/2026,Gladiators Experience,10:30:00,NEC,Miscellaneous,Birmingham,LvZ18Qo9WPCnjSZZvTs47,https://www.universe.com/events/gladiators-experience-tickets-NX6RCG?ref=ticketmaster,B40 1NT,52.453266,-1.717158
21/06/2026,Gladiators Experience,11:00:00,NEC,Miscellaneous,Birmingham,LvZ18Qo9WPCnjSZZvTs4A,https://www.universe.com/events/gladiators-experience-tickets-NX6RCG?ref=ticketmaster,B40 1NT,52.453266,-1.717158
21/06/2026,Gladiators Experience,15:30:00,NEC,Miscellaneous,Birmingham,LvZ18Qo9WPCnjSZZvTs4C,https://www.universe.com/events/gladiators-experience-tickets-NX6RCG?ref=ticketmaster,B40 1NT,52.453266,-1.717158
21/06/2026,Gladiators Experience,12:30:00,NEC,Miscellaneous,Birmingham,LvZ18Qo9WPCnjSZZvTs4F,https://www.universe.com/events/gladiators-experience-tickets-NX6RCG?ref=ticketmaster,B40 1NT,52.453266,-1.717158
21/06/2026,Gladiators Experience,14:30:00,NEC,Miscellaneous,Birmingham,LvZ18Qo9WPCnjSZZvTs4G,https://www.universe.com/events/gladiators-experience-tickets-NX6RCG?ref=ticketmaster,B40 1NT,52.453266,-1.717158
21/06/2026,Gladiators Experience,13:00:00,NEC,Miscellaneous,Birmingham,LvZ18Qo9WPCnjSZZvTs4a,https://www.universe.com/events/gladiators-experience-tickets-NX6RCG?ref=ticketmaster,B40 1NT,52.453266,-1.717158
21/06/2026,Gladiators Experience,10:00:00,NEC,Miscellaneous,Birmingham,LvZ18Qo9WPCnjSZZvTs4d,https://www.universe.com/events/gladiators-experience-tickets-NX6RCG?ref=ticketmaster,B40 1NT,52.453266,-1.717158
21/06/2026,Gladiators Experience,09:00:00,NEC,Miscellaneous,Birmingham,LvZ18Qo9WPCnjSZZvTs4e,https://www.universe.com/events/gladiators-experience-tickets-NX6RCG?ref=ticketmaster,B40 1NT,52.453266,-1.717158
21/06/2026,Gladiators Experience,11:30:00,NEC,Miscellaneous,Birmingham,LvZ18Qo9WPCnjSZZvTs4k,https://www.universe.com/events/gladiators-experience-tickets-NX6RCG?ref=ticketmaster,B40 1NT,52.453266,-1.717158
21/06/2026,Gladiators Experience,15:00:00,NEC,Miscellaneous,Birmingham,LvZ18Qo9WPCnjSZZvTs4u,https://www.universe.com/events/gladiators-experience-tickets-NX6RCG?ref=ticketmaster,B40 1NT,52.453266,-1.717158
26/06/2026,Gladiators Experience,16:00:00,NEC,Miscellaneous,Birmingham,LvZ18Qo9WPCnjSZZvTs4-,https://www.universe.com/events/gladiators-experience-tickets-NX6RCG?ref=ticketmaster,B40 1NT,52.453266,-1.717158
26/06/2026,Gladiators Experience,17:30:00,NEC,Miscellaneous,Birmingham,LvZ18Qo9WPCnjSZZvTs40,https://www.universe.com/events/gladiators-experience-tickets-NX6RCG?ref=ticketmaster,B40 1NT,52.453266,-1.717158
26/06/2026,Gladiators Experience,17:00:00,NEC,Miscellaneous,Birmingham,LvZ18Qo9WPCnjSZZvTs4N,https://www.universe.com/events/gladiators-experience-tickets-NX6RCG?ref=ticketmaster,B40 1NT,52.453266,-1.717158
26/06/2026,Gladiators Experience,18:00:00,NEC,Miscellaneous,Birmingham,LvZ18Qo9WPCnjSZZvTs4P,https://www.universe.com/events/gladiators-experience-tickets-NX6RCG?ref=ticketmaster,B40 1NT,52.453266,-1.717158
26/06/2026,Gladiators Experience,18:30:00,NEC,Miscellaneous,Birmingham,LvZ18Qob5HlQ24ZZvwEZv,https://www.universe.com/events/gladiators-experience-tickets-NX6RCG?ref=ticketmaster,B40 1NT,52.453266,-1.717158
27/06/2026,Gladiators Experience,10:00:00,NEC,Miscellaneous,Birmingham,LvZ18Qo9WPCnjSZZvTs4E,https://www.universe.com/events/gladiators-experience-tickets-NX6RCG?ref=ticketmaster,B40 1NT,52.453266,-1.717158
27/06/2026,Gladiators Experience,10:30:00,NEC,Miscellaneous,Birmingham,LvZ18Qo9WPCnjSZZvTs4I,https://www.universe.com/events/gladiators-experience-tickets-NX6RCG?ref=ticketmaster,B40 1NT,52.453266,-1.717158
27/06/2026,Gladiators Experience,09:00:00,NEC,Miscellaneous,Birmingham,LvZ18Qo9WPCnjSZZvTs4J,https://www.universe.com/events/gladiators-experience-tickets-NX6RCG?ref=ticketmaster,B40 1NT,52.453266,-1.717158
27/06/2026,Gladiators Experience,18:00:00,NEC,Miscellaneous,Birmingham,LvZ18Qo9WPCnjSZZvTs4M,https://www.universe.com/events/gladiators-experience-tickets-NX6RCG?ref=ticketmaster,B40 1NT,52.453266,-1.717158
27/06/2026,Gladiators Experience,14:00:00,NEC,Miscellaneous,Birmingham,LvZ18Qo9WPCnjSZZvTs4R,https://www.universe.com/events/gladiators-experience-tickets-NX6RCG?ref=ticketmaster,B40 1NT,52.453266,-1.717158
27/06/2026,Gladiators Experience,16:00:00,NEC,Miscellaneous,Birmingham,LvZ18Qo9WPCnjSZZvTs4S,https://www.universe.com/events/gladiators-experience-tickets-NX6RCG?ref=ticketmaster,B40 1NT,52.453266,-1.717158
27/06/2026,Gladiators Experience,17:30:00,NEC,Miscellaneous,Birmingham,LvZ18Qo9WPCnjSZZvTs4U,https://www.universe.com/events/gladiators-experience-tickets-NX6RCG?ref=ticketmaster,B40 1NT,52.453266,-1.717158
27/06/2026,Gladiators Experience,16:30:00,NEC,Miscellaneous,Birmingham,LvZ18Qo9WPCnjSZZvTs4V,https://www.universe.com/events/gladiators-experience-tickets-NX6RCG?ref=ticketmaster,B40 1NT,52.453266,-1.717158
27/06/2026,Gladiators Experience,14:30:00,NEC,Miscellaneous,Birmingham,LvZ18Qo9WPCnjSZZvTs4Y,https://www.universe.com/events/gladiators-experience-tickets-NX6RCG?ref=ticketmaster,B40 1NT,52.453266,-1.717158
27/06/2026,Gladiators Experience,13:00:00,NEC,Miscellaneous,Birmingham,LvZ18Qo9WPCnjSZZvTs4c,https://www.universe.com/events/gladiators-experience-tickets-NX6RCG?ref=ticketmaster,B40 1NT,52.453266,-1.717158
27/06/2026,Gladiators Experience,17:00:00,NEC,Miscellaneous,Birmingham,LvZ18Qo9WPCnjSZZvTs4g,https://www.universe.com/events/gladiators-experience-tickets-NX6RCG?ref=ticketmaster,B40 1NT,52.453266,-1.717158
27/06/2026,Gladiators Experience,12:30:00,NEC,Miscellaneous,Birmingham,LvZ18Qo9WPCnjSZZvTs4i,https://www.universe.com/events/gladiators-experience-tickets-NX6RCG?ref=ticketmaster,B40 1NT,52.453266,-1.717158
27/06/2026,Gladiators Experience,12:00:00,NEC,Miscellaneous,Birmingham,LvZ18Qo9WPCnjSZZvTs4l,https://www.universe.com/events/gladiators-experience-tickets-NX6RCG?ref=ticketmaster,B40 1NT,52.453266,-1.717158
27/06/2026,Gladiators Experience,13:30:00,NEC,Miscellaneous,Birmingham,LvZ18Qo9WPCnjSZZvTs4m,https://www.universe.com/events/gladiators-experience-tickets-NX6RCG?ref=ticketmaster,B40 1NT,52.453266,-1.717158
27/06/2026,Gladiators Experience,11:30:00,NEC,Miscellaneous,Birmingham,LvZ18Qo9WPCnjSZZvTs4n,https://www.universe.com/events/gladiators-experience-tickets-NX6RCG?ref=ticketmaster,B40 1NT,52.453266,-1.717158
27/06/2026,Gladiators Experience,15:00:00,NEC,Miscellaneous,Birmingham,LvZ18Qo9WPCnjSZZvTs4s,https://www.universe.com/events/gladiators-experience-tickets-NX6RCG?ref=ticketmaster,B40 1NT,52.453266,-1.717158
27/06/2026,Gladiators Experience,11:00:00,NEC,Miscellaneous,Birmingham,LvZ18Qo9WPCnjSZZvTs4t,https://www.universe.com/events/gladiators-experience-tickets-NX6RCG?ref=ticketmaster,B40 1NT,52.453266,-1.717158
27/06/2026,Gladiators Experience,15:30:00,NEC,Miscellaneous,Birmingham,LvZ18Qo9WPCnjSZZvTs4w,https://www.universe.com/events/gladiators-experience-tickets-NX6RCG?ref=ticketmaster,B40 1NT,52.453266,-1.717158
28/06/2026,Gladiators Experience,10:30:00,NEC,Miscellaneous,Birmingham,LvZ18Qo9WPCnjSZZvTs4B,https://www.universe.com/events/gladiators-experience-tickets-NX6RCG?ref=ticketmaster,B40 1NT,52.453266,-1.717158
28/06/2026,Gladiators Experience,11:00:00,NEC,Miscellaneous,Birmingham,LvZ18Qo9WPCnjSZZvTs4D,https://www.universe.com/events/gladiators-experience-tickets-NX6RCG?ref=ticketmaster,B40 1NT,52.453266,-1.717158
28/06/2026,Gladiators Experience,11:30:00,NEC,Miscellaneous,Birmingham,LvZ18Qo9WPCnjSZZvTs4H,https://www.universe.com/events/gladiators-experience-tickets-NX6RCG?ref=ticketmaster,B40 1NT,52.453266,-1.717158
28/06/2026,Gladiators Experience,13:00:00,NEC,Miscellaneous,Birmingham,LvZ18Qo9WPCnjSZZvTs4T,https://www.universe.com/events/gladiators-experience-tickets-NX6RCG?ref=ticketmaster,B40 1NT,52.453266,-1.717158
28/06/2026,Gladiators Experience,12:00:00,NEC,Miscellaneous,Birmingham,LvZ18Qo9WPCnjSZZvTs4W,https://www.universe.com/events/gladiators-experience-tickets-NX6RCG?ref=ticketmaster,B40 1NT,52.453266,-1.717158
28/06/2026,Gladiators Experience,12:30:00,NEC,Miscellaneous,Birmingham,LvZ18Qo9WPCnjSZZvTs4X,https://www.universe.com/events/gladiators-experience-tickets-NX6RCG?ref=ticketmaster,B40 1NT,52.453266,-1.717158
28/06/2026,Gladiators Experience,10:00:00,NEC,Miscellaneous,Birmingham,LvZ18Qo9WPCnjSZZvTs4y,https://www.universe.com/events/gladiators-experience-tickets-NX6RCG?ref=ticketmaster,B40 1NT,52.453266,-1.717158
28/06/2026,Gladiators Experience,09:00:00,NEC,Miscellaneous,Birmingham,LvZ18Qo9WPCnjSZZvTs4z,https://www.universe.com/events/gladiators-experience-tickets-NX6RCG?ref=ticketmaster,B40 1NT,52.453266,-1.717158
28/06/2026,Gladiators Experience,15:30:00,NEC,Miscellaneous,Birmingham,LvZ18Qo9WPCnjSZZvTsp7,https://www.universe.com/events/gladiators-experience-tickets-NX6RCG?ref=ticketmaster,B40 1NT,52.453266,-1.717158
28/06/2026,Gladiators Experience,13:30:00,NEC,Miscellaneous,Birmingham,LvZ18Qo9WPCnjSZZvTspZ,https://www.universe.com/events/gladiators-experience-tickets-NX6RCG?ref=ticketmaster,B40 1NT,52.453266,-1.717158
28/06/2026,Gladiators Experience,15:00:00,NEC,Miscellaneous,Birmingham,LvZ18Qo9WPCnjSZZvTspd,https://www.universe.com/events/gladiators-experience-tickets-NX6RCG?ref=ticketmaster,B40 1NT,52.453266,-1.717158
28/06/2026,Gladiators Experience,14:30:00,NEC,Miscellaneous,Birmingham,LvZ18Qo9WPCnjSZZvTspe,https://www.universe.com/events/gladiators-experience-tickets-NX6RCG?ref=ticketmaster,B40 1NT,52.453266,-1.717158
28/06/2026,Gladiators Experience,14:00:00,NEC,Miscellaneous,Birmingham,LvZ18Qo9WPCnjSZZvTspv,https://www.universe.com/events/gladiators-experience-tickets-NX6RCG?ref=ticketmaster,B40 1NT,52.453266,-1.717158
03/07/2026,Gladiators Experience,16:00:00,NEC,Miscellaneous,Birmingham,LvZ18Qo9WPCnjSZZvTsp9,https://www.universe.com/events/gladiators-experience-tickets-NX6RCG?ref=ticketmaster,B40 1NT,52.453266,-1.717158
03/07/2026,Gladiators Experience,17:30:00,NEC,Miscellaneous,Birmingham,LvZ18Qo9WPCnjSZZvTspQ,https://www.universe.com/events/gladiators-experience-tickets-NX6RCG?ref=ticketmaster,B40 1NT,52.453266,-1.717158
03/07/2026,Gladiators Experience,17:00:00,NEC,Miscellaneous,Birmingham,LvZ18Qo9WPCnjSZZvTsp_,https://www.universe.com/events/gladiators-experience-tickets-NX6RCG?ref=ticketmaster,B40 1NT,52.453266,-1.717158
03/07/2026,Gladiators Experience,18:00:00,NEC,Miscellaneous,Birmingham,LvZ18Qo9WPCnjSZZvTsph,https://www.universe.com/events/gladiators-experience-tickets-NX6RCG?ref=ticketmaster,B40 1NT,52.453266,-1.717158
03/07/2026,Gladiators Experience,18:30:00,NEC,Miscellaneous,Birmingham,LvZ18Qob5HlQ24ZZvwEZe,https://www.universe.com/events/gladiators-experience-tickets-NX6RCG?ref=ticketmaster,B40 1NT,52.453266,-1.717158
04/07/2026,Gladiators Experience,12:00:00,NEC,Miscellaneous,Birmingham,LvZ18Qo9WPCnjSZZvTsp-,https://www.universe.com/events/gladiators-experience-tickets-NX6RCG?ref=ticketmaster,B40 1NT,52.453266,-1.717158
04/07/2026,Gladiators Experience,13:30:00,NEC,Miscellaneous,Birmingham,LvZ18Qo9WPCnjSZZvTsp0,https://www.universe.com/events/gladiators-experience-tickets-NX6RCG?ref=ticketmaster,B40 1NT,52.453266,-1.717158
04/07/2026,Gladiators Experience,15:00:00,NEC,Miscellaneous,Birmingham,LvZ18Qo9WPCnjSZZvTspE,https://www.universe.com/events/gladiators-experience-tickets-NX6RCG?ref=ticketmaster,B40 1NT,52.453266,-1.717158
04/07/2026,Gladiators Experience,15:30:00,NEC,Miscellaneous,Birmingham,LvZ18Qo9WPCnjSZZvTspI,https://www.universe.com/events/gladiators-experience-tickets-NX6RCG?ref=ticketmaster,B40 1NT,52.453266,-1.717158
04/07/2026,Gladiators Experience,14:30:00,NEC,Miscellaneous,Birmingham,LvZ18Qo9WPCnjSZZvTspJ,https://www.universe.com/events/gladiators-experience-tickets-NX6RCG?ref=ticketmaster,B40 1NT,52.453266,-1.717158
04/07/2026,Gladiators Experience,11:00:00,NEC,Miscellaneous,Birmingham,LvZ18Qo9WPCnjSZZvTspL,https://www.universe.com/events/gladiators-experience-tickets-NX6RCG?ref=ticketmaster,B40 1NT,52.453266,-1.717158
04/07/2026,Gladiators Experience,13:00:00,NEC,Miscellaneous,Birmingham,LvZ18Qo9WPCnjSZZvTspN,https://www.universe.com/events/gladiators-experience-tickets-NX6RCG?ref=ticketmaster,B40 1NT,52.453266,-1.717158
04/07/2026,Gladiators Experience,11:30:00,NEC,Miscellaneous,Birmingham,LvZ18Qo9WPCnjSZZvTspO,https://www.universe.com/events/gladiators-experience-tickets-NX6RCG?ref=ticketmaster,B40 1NT,52.453266,-1.717158
04/07/2026,Gladiators Experience,14:00:00,NEC,Miscellaneous,Birmingham,LvZ18Qo9WPCnjSZZvTspP,https://www.universe.com/events/gladiators-experience-tickets-NX6RCG?ref=ticketmaster,B40 1NT,52.453266,-1.717158
04/07/2026,Gladiators Experience,18:00:00,NEC,Miscellaneous,Birmingham,LvZ18Qo9WPCnjSZZvTspc,https://www.universe.com/events/gladiators-experience-tickets-NX6RCG?ref=ticketmaster,B40 1NT,52.453266,-1.717158
04/07/2026,Gladiators Experience,17:30:00,NEC,Miscellaneous,Birmingham,LvZ18Qo9WPCnjSZZvTspi,https://www.universe.com/events/gladiators-experience-tickets-NX6RCG?ref=ticketmaster,B40 1NT,52.453266,-1.717158
04/07/2026,Gladiators Experience,09:00:00,NEC,Miscellaneous,Birmingham,LvZ18Qo9WPCnjSZZvTspj,https://www.universe.com/events/gladiators-experience-tickets-NX6RCG?ref=ticketmaster,B40 1NT,52.453266,-1.717158
04/07/2026,Gladiators Experience,17:00:00,NEC,Miscellaneous,Birmingham,LvZ18Qo9WPCnjSZZvTspl,https://www.universe.com/events/gladiators-experience-tickets-NX6RCG?ref=ticketmaster,B40 1NT,52.453266,-1.717158
04/07/2026,Gladiators Experience,16:30:00,NEC,Miscellaneous,Birmingham,LvZ18Qo9WPCnjSZZvTspn,https://www.universe.com/events/gladiators-experience-tickets-NX6RCG?ref=ticketmaster,B40 1NT,52.453266,-1.717158
04/07/2026,Gladiators Experience,10:00:00,NEC,Miscellaneous,Birmingham,LvZ18Qo9WPCnjSZZvTspq,https://www.universe.com/events/gladiators-experience-tickets-NX6RCG?ref=ticketmaster,B40 1NT,52.453266,-1.717158
04/07/2026,Gladiators Experience,10:30:00,NEC,Miscellaneous,Birmingham,LvZ18Qo9WPCnjSZZvTspr,https://www.universe.com/events/gladiators-experience-tickets-NX6RCG?ref=ticketmaster,B40 1NT,52.453266,-1.717158
04/07/2026,Gladiators Experience,16:00:00,NEC,Miscellaneous,Birmingham,LvZ18Qo9WPCnjSZZvTspt,https://www.universe.com/events/gladiators-experience-tickets-NX6RCG?ref=ticketmaster,B40 1NT,52.453266,-1.717158
04/07/2026,Gladiators Experience,12:30:00,NEC,Miscellaneous,Birmingham,LvZ18Qo9WPCnjSZZvTspx,https://www.universe.com/events/gladiators-experience-tickets-NX6RCG?ref=ticketmaster,B40 1NT,52.453266,-1.717158
05/07/2026,Gladiators Experience,15:30:00,NEC,Miscellaneous,Birmingham,LvZ18Qo9WPCnjSZZvTspB,https://www.universe.com/events/gladiators-experience-tickets-NX6RCG?ref=ticketmaster,B40 1NT,52.453266,-1.717158
05/07/2026,Gladiators Experience,14:00:00,NEC,Miscellaneous,Birmingham,LvZ18Qo9WPCnjSZZvTspM,https://www.universe.com/events/gladiators-experience-tickets-NX6RCG?ref=ticketmaster,B40 1NT,52.453266,-1.717158
05/07/2026,Gladiators Experience,10:00:00,NEC,Miscellaneous,Birmingham,LvZ18Qo9WPCnjSZZvTspR,https://www.universe.com/events/gladiators-experience-tickets-NX6RCG?ref=ticketmaster,B40 1NT,52.453266,-1.717158
05/07/2026,Gladiators Experience,12:00:00,NEC,Miscellaneous,Birmingham,LvZ18Qo9WPCnjSZZvTspS,https://www.universe.com/events/gladiators-experience-tickets-NX6RCG?ref=ticketmaster,B40 1NT,52.453266,-1.717158
05/07/2026,Gladiators Experience,13:30:00,NEC,Miscellaneous,Birmingham,LvZ18Qo9WPCnjSZZvTspU,https://www.universe.com/events/gladiators-experience-tickets-NX6RCG?ref=ticketmaster,B40 1NT,52.453266,-1.717158
05/07/2026,Gladiators Experience,12:30:00,NEC,Miscellaneous,Birmingham,LvZ18Qo9WPCnjSZZvTspV,https://www.universe.com/events/gladiators-experience-tickets-NX6RCG?ref=ticketmaster,B40 1NT,52.453266,-1.717158
05/07/2026,Gladiators Experience,10:30:00,NEC,Miscellaneous,Birmingham,LvZ18Qo9WPCnjSZZvTspY,https://www.universe.com/events/gladiators-experience-tickets-NX6RCG?ref=ticketmaster,B40 1NT,52.453266,-1.717158
05/07/2026,Gladiators Experience,13:00:00,NEC,Miscellaneous,Birmingham,LvZ18Qo9WPCnjSZZvTspg,https://www.universe.com/events/gladiators-experience-tickets-NX6RCG?ref=ticketmaster,B40 1NT,52.453266,-1.717158
05/07/2026,Gladiators Experience,09:00:00,NEC,Miscellaneous,Birmingham,LvZ18Qo9WPCnjSZZvTspm,https://www.universe.com/events/gladiators-experience-tickets-NX6RCG?ref=ticketmaster,B40 1NT,52.453266,-1.717158
05/07/2026,Gladiators Experience,11:00:00,NEC,Miscellaneous,Birmingham,LvZ18Qo9WPCnjSZZvTsps,https://www.universe.com/events/gladiators-experience-tickets-NX6RCG?ref=ticketmaster,B40 1NT,52.453266,-1.717158
05/07/2026,Gladiators Experience,11:30:00,NEC,Miscellaneous,Birmingham,LvZ18Qo9WPCnjSZZvTspw,https://www.universe.com/events/gladiators-experience-tickets-NX6RCG?ref=ticketmaster,B40 1NT,52.453266,-1.717158
05/07/2026,Gladiators Experience,15:00:00,NEC,Miscellaneous,Birmingham,LvZ18Qo9WPCnjSZZvTspy,https://www.universe.com/events/gladiators-experience-tickets-NX6RCG?ref=ticketmaster,B40 1NT,52.453266,-1.717158
05/07/2026,Gladiators Experience,14:30:00,NEC,Miscellaneous,Birmingham,LvZ18Qo9WPCnjSZZvTspz,https://www.universe.com/events/gladiators-experience-tickets-NX6RCG?ref=ticketmaster,B40 1NT,52.453266,-1.717158
10/07/2026,Gladiators Experience,17:00:00,NEC,Miscellaneous,Birmingham,LvZ18Qo9WPCnjSZZvTs92,https://www.universe.com/events/gladiators-experience-tickets-NX6RCG?ref=ticketmaster,B40 1NT,52.453266,-1.717158
10/07/2026,Gladiators Experience,17:30:00,NEC,Miscellaneous,Birmingham,LvZ18Qo9WPCnjSZZvTs98,https://www.universe.com/events/gladiators-experience-tickets-NX6RCG?ref=ticketmaster,B40 1NT,52.453266,-1.717158
10/07/2026,Gladiators Experience,18:00:00,NEC,Miscellaneous,Birmingham,LvZ18Qo9WPCnjSZZvTs9o,https://www.universe.com/events/gladiators-experience-tickets-NX6RCG?ref=ticketmaster,B40 1NT,52.453266,-1.717158
10/07/2026,Gladiators Experience,16:00:00,NEC,Miscellaneous,Birmingham,LvZ18Qo9WPCnjSZZvTs9u,https://www.universe.com/events/gladiators-experience-tickets-NX6RCG?ref=ticketmaster,B40 1NT,52.453266,-1.717158
10/07/2026,Gladiators Experience,18:30:00,NEC,Miscellaneous,Birmingham,LvZ18Qob5HlQ24ZZvwEZd,https://www.universe.com/events/gladiators-experience-tickets-NX6RCG?ref=ticketmaster,B40 1NT,52.453266,-1.717158
03/07/2026,Queen of the Night - A Tribute to Whitney Houston,19:30:00,Dudley Town Hall,Music,Dudley,17u8vxG61DSYSPv,https://www.ticketmaster.co.uk/queen-of-the-night-a-tribute-dudley-03-07-2026/event/350062AEF3C33941,DY1 1HP,52.51174,-2.08611
19/06/2026,The Beach Boys Salute 60 years of Pet Sounds,19:00:00,University of Wolverhampton at The Civic Hall,Music,Wolverhampton,G5vHZbz3cvkhL,https://www.ticketmaster.co.uk/the-beach-boys-salute-60-years-wolverhampton-19-06-2026/event/1F006384AD0466DF,WV1 1RQ,52.586653,-2.130802
30/06/2026,Beverley Knight - Born To Perform Tour,19:00:00,University of Wolverhampton at The Civic Hall,Music,Wolverhampton,G5vHZbVLMPtuo,https://www.ticketmaster.co.uk/beverley-knight-born-to-perform-tour-wolverhampton-30-06-2026/event/1F006347F7969351,WV1 1RQ,52.586653,-2.130802
13/06/2026,Jools Holland,19:30:00,"Warwick Arts Centre, Coventry",Music,Coventry,G5vHZbUmc-JTG,https://www.ticketmaster.co.uk/jools-holland-coventry-13-06-2026/event/1F00636BAD866FCC,CV47AL,52.373743,-1.552358
20/06/2026,Danny Bhoy: Dear World...,20:00:00,"Warwick Arts Centre, Coventry",Arts & Theatre,Coventry,G5vHZbMIvph4H,https://www.ticketmaster.co.uk/danny-bhoy-dear-world-coventry-20-06-2026/event/1F00637A0159B57C,CV47AL,52.373743,-1.552358
02/07/2026,Michelle Wolf - Best Job in the World,20:00:00,"Warwick Arts Centre, Coventry",Arts & Theatre,Coventry,G5vHZ_dSv6pY-,https://www.ticketmaster.co.uk/michelle-wolf-best-job-in-the-coventry-02-07-2026/event/1F00643CC11D6C21,CV47AL,52.373743,-1.552358
13/06/2026,Ultimate RnB - Live 90s R&B,20:00:00,Queens Hall,Music,Nuneaton,LvZ18Q9igXr_yEOZifxij,https://www.universe.com/events/ultimate-rnb-live-90s-r-b-tickets-J6W34P?ref=ticketmaster,CV11 5LA,52.522554,-1.473177
19/06/2026,Link N Park - Hybrid Theory,20:00:00,Queens Hall,Music,Nuneaton,LvZ18QpX4KQREhYZwm5RZ,https://www.universe.com/events/link-n-park-hybrid-theory-tickets-98ZR1N?ref=ticketmaster,CV11 5LA,52.522554,-1.473177
19/06/2026,Link N Park - Weekend (Hybrid Theory & Meteora),20:00:00,Queens Hall,Music,Nuneaton,LvZ18QpX_DftGd8Z0UKkM,https://www.universe.com/events/link-n-park-weekend-hybrid-theory-meteora-tickets-08KQPS?ref=ticketmaster,CV11 5LA,52.522554,-1.473177
20/06/2026,Link N Park - Meteora,20:00:00,Queens Hall,Music,Nuneaton,LvZ18QpX9WrgTcYZmEo_H,https://www.universe.com/events/link-n-park-meteora-tickets-3M6578?ref=ticketmaster,CV11 5LA,52.522554,-1.473177
26/06/2026,"The Metal Forge - Eleventh Hour, Machine Heed, Forjira & Tribium",18:00:00,Queens Hall,Music,Nuneaton,LvZ18Q4SPdWdWbOZlbdhV,https://www.universe.com/events/the-metal-forge-eleventh-hour-machine-heed-forjira-tribium-tickets-NQTZ0W?ref=ticketmaster,CV11 5LA,52.522554,-1.473177
27/06/2026,Blondish - The Music of Blondie,20:00:00,Queens Hall,Music,Nuneaton,LvZ18Q9diIJaRHZZiPguQ,https://www.universe.com/events/blondish-the-music-of-blondie-tickets-RJ7MS2?ref=ticketmaster,CV11 5LA,52.522554,-1.473177
03/07/2026,Chaos at the Crew 5! - Weekend,19:00:00,Queens Hall,Unknown,Nuneaton,LvZ18QpKCn45OTZZlv51N,https://www.universe.com/events/chaos-at-the-crew-5-weekend-tickets-JF89QC?ref=ticketmaster,CV11 5LA,52.522554,-1.473177
03/07/2026,Chaos at the Crew 5! - Friday,19:00:00,Queens Hall,Music,Nuneaton,LvZ18QpKazkfq98ZlzCeN,https://www.universe.com/events/chaos-at-the-crew-5-friday-tickets-LFTZWC?ref=ticketmaster,CV11 5LA,52.522554,-1.473177
04/07/2026,Chaos at the Crew 5! - Saturday,13:30:00,Queens Hall,Unknown,Nuneaton,LvZ18QpKG6g5OTZZwv5ZE,https://www.universe.com/events/chaos-at-the-crew-5-saturday-tickets-LW687T?ref=ticketmaster,CV11 5LA,52.522554,-1.473177
24/06/2026,Billy Ocean- Official Ticket and Hotel Bundls,17:01:00,Cannock Chase Forest,Music,Rugeley,1AdjZbUGkDrP6m8,https://app.bundl.travel/event/1763121776534x413767433058779140?utm_source=ticketmaster&utm_medium=affiliate&utm_campaign=billyocean&utm_content=cannock,WS15 2UQ,52.750671,-1.975246
24/06/2026,Billy Ocean with very special guest Marti Pellow - Cannock Chase,17:00:00,Cannock Chase Forest,Music,Rugeley,1AdjZbgGkTkDh2P,https://www.ticketmaster.co.uk/billy-ocean-with-very-special-guest-rugeley-24-06-2026/event/3700635FC6EDB3E5,WS15 2UQ,52.750671,-1.975246
25/06/2026,Fatboy Slim - Official Ticket and Hotel Bundls,17:01:00,Cannock Chase Forest,Music,Rugeley,1AdjZbMGkm0QUIm,https://app.bundl.travel/event/1763984467759x504174915421208600?utm_source=ticketmaster&utm_medium=affiliate&utm_campaign=fatboyslim&utm_content=cannock,WS15 2UQ,52.750671,-1.975246
25/06/2026,Fatboy Slim - Cannock Chase,17:00:00,Cannock Chase Forest,Music,Rugeley,1kuYvNadGA15p90,https://www.ticketmaster.co.uk/fatboy-slim-cannock-chase-rugeley-25-06-2026/event/370063243A2D65E4,WS15 2UQ,52.750671,-1.975246
26/06/2026,Becky Hill - Official Ticket and Hotel Bundls,17:01:00,Cannock Chase Forest,Music,Rugeley,1AMZkuPGkeI39hK,https://app.bundl.travel/event/forest-live--cannock-chase-forest?utm_source=ticketmaster&utm_medium=affiliate&utm_campaign=beckyhill&utm_content=cannock,WS15 2UQ,52.750671,-1.975246
26/06/2026,Becky Hill - Cannock Chase,17:00:00,Cannock Chase Forest,Music,Rugeley,1kuYvNa3GA5EEb2,https://www.ticketmaster.co.uk/becky-hill-cannock-chase-rugeley-26-06-2026/event/370063252B9E760F,WS15 2UQ,52.750671,-1.975246
27/06/2026,UB40 Feat. Ali Campbell - Cannock Chase,17:00:00,Cannock Chase Forest,Music,Rugeley,1AdjZbwGknfAYl6,https://www.ticketmaster.co.uk/ub40-feat-ali-campbell-cannock-chase-rugeley-27-06-2026/event/3700632A94170AC7,WS15 2UQ,52.750671,-1.975246
27/06/2026,UB40 feat. Ali Campbell - Official Ticket and Hotel Bundls,17:01:00,Cannock Chase Forest,Music,Rugeley,1kuYvNC_GAGxyhr,https://app.bundl.travel/event/forest-live--cannock-chase-forest?utm_source=ticketmaster&utm_medium=affiliate&utm_campaign=UB40&utm_content=cannock,WS15 2UQ,52.750671,-1.975246
28/06/2026,McFly - Official Ticket and Hotel Bundls,17:01:00,Cannock Chase Forest,Music,Rugeley,1AdjZbUGkUqoKnj,https://app.bundl.travel/event/1762538774116x474751791402057700?utm_source=ticketmaster&utm_medium=affiliate&utm_campaign=mcfly&utm_content=cannock,WS15 2UQ,52.750671,-1.975246
28/06/2026,McFly - Cannock Chase,17:00:00,Cannock Chase Forest,Music,Rugeley,1AdjZbwGkI1Ootr,https://www.ticketmaster.co.uk/mcfly-cannock-chase-rugeley-28-06-2026/event/3700632A0A811A5E,WS15 2UQ,52.750671,-1.975246
11/06/2026,Warwick Castle - Daily Entry,10:00:00,Warwick Castle,Miscellaneous,Warwick,G5vHZ_7F4-IGm,https://attractions.ticketmaster.co.uk/book/1FL90-TICKETMASTER/#date=2026-06-11,CV34 4QU,52.280585,-1.585766
12/06/2026,Warwick Castle - Daily Entry,10:00:00,Warwick Castle,Miscellaneous,Warwick,G5vHZ_7F4RFuC,https://attractions.ticketmaster.co.uk/book/1FL90-TICKETMASTER/#date=2026-06-12,CV34 4QU,52.280585,-1.585766
13/06/2026,Warwick Castle - Daily Entry,10:00:00,Warwick Castle,Miscellaneous,Warwick,G5vHZ_7F4HIul,https://attractions.ticketmaster.co.uk/book/1FL90-TICKETMASTER/#date=2026-06-13,CV34 4QU,52.280585,-1.585766
14/06/2026,Warwick Castle - Daily Entry,10:00:00,Warwick Castle,Miscellaneous,Warwick,G5vHZ_7Fp1Fuy,https://attractions.ticketmaster.co.uk/book/1FL90-TICKETMASTER/#date=2026-06-14,CV34 4QU,52.280585,-1.585766
15/06/2026,Warwick Castle - Daily Entry,10:00:00,Warwick Castle,Miscellaneous,Warwick,G5vHZ_7Fp9IC7,https://attractions.ticketmaster.co.uk/book/1FL90-TICKETMASTER/#date=2026-06-15,CV34 4QU,52.280585,-1.585766
16/06/2026,Warwick Castle - Daily Entry,10:00:00,Warwick Castle,Miscellaneous,Warwick,G5vHZ_7FpPFC-,https://attractions.ticketmaster.co.uk/book/1FL90-TICKETMASTER/#date=2026-06-16,CV34 4QU,52.280585,-1.585766
17/06/2026,Warwick Castle - Daily Entry,10:00:00,Warwick Castle,Miscellaneous,Warwick,G5vHZ_7FpwICV,https://attractions.ticketmaster.co.uk/book/1FL90-TICKETMASTER/#date=2026-06-17,CV34 4QU,52.280585,-1.585766
18/06/2026,Warwick Castle - Daily Entry,10:00:00,Warwick Castle,Miscellaneous,Warwick,G5vHZ_7FpTz2C,https://attractions.ticketmaster.co.uk/book/1FL90-TICKETMASTER/#date=2026-06-18,CV34 4QU,52.280585,-1.585766
19/06/2026,Warwick Castle - Daily Entry,10:00:00,Warwick Castle,Miscellaneous,Warwick,G5vHZ_7F9ub2B,https://attractions.ticketmaster.co.uk/book/1FL90-TICKETMASTER/#date=2026-06-19,CV34 4QU,52.280585,-1.585766
20/06/2026,Warwick Castle - Daily Entry,10:00:00,Warwick Castle,Miscellaneous,Warwick,G5vHZ_7F9hF8p,https://attractions.ticketmaster.co.uk/book/1FL90-TICKETMASTER/#date=2026-06-20,CV34 4QU,52.280585,-1.585766
21/06/2026,Warwick Castle - Daily Entry,10:00:00,Warwick Castle,Miscellaneous,Warwick,G5vHZ_7F9Ibo2,https://attractions.ticketmaster.co.uk/book/1FL90-TICKETMASTER/#date=2026-06-21,CV34 4QU,52.280585,-1.585766
22/06/2026,Warwick Castle - Daily Entry,10:00:00,Warwick Castle,Miscellaneous,Warwick,G5vHZ_7F9gzow,https://attractions.ticketmaster.co.uk/book/1FL90-TICKETMASTER/#date=2026-06-22,CV34 4QU,52.280585,-1.585766
23/06/2026,Warwick Castle - Daily Entry,10:00:00,Warwick Castle,Miscellaneous,Warwick,G5vHZ_7Fbdb3d,https://attractions.ticketmaster.co.uk/book/1FL90-TICKETMASTER/#date=2026-06-23,CV34 4QU,52.280585,-1.585766
24/06/2026,Warwick Castle - Daily Entry,10:00:00,Warwick Castle,Miscellaneous,Warwick,G5vHZ_7FboF3O,https://attractions.ticketmaster.co.uk/book/1FL90-TICKETMASTER/#date=2026-06-24,CV34 4QU,52.280585,-1.585766
25/06/2026,Warwick Castle - Daily Entry,10:00:00,Warwick Castle,Miscellaneous,Warwick,G5vHZ_7FbrI3H,https://attractions.ticketmaster.co.uk/book/1FL90-TICKETMASTER/#date=2026-06-25,CV34 4QU,52.280585,-1.585766
26/06/2026,Warwick Castle - Daily Entry,10:00:00,Warwick Castle,Miscellaneous,Warwick,G5vHZ_7FbiFKN,https://attractions.ticketmaster.co.uk/book/1FL90-TICKETMASTER/#date=2026-06-26,CV34 4QU,52.280585,-1.585766
27/06/2026,Warwick Castle - Daily Entry,10:00:00,Warwick Castle,Miscellaneous,Warwick,G5vHZ_7FbybKl,https://attractions.ticketmaster.co.uk/book/1FL90-TICKETMASTER/#date=2026-06-27,CV34 4QU,52.280585,-1.585766
28/06/2026,Warwick Castle - Daily Entry,10:00:00,Warwick Castle,Miscellaneous,Warwick,G5vHZ_7F_kzfe,https://attractions.ticketmaster.co.uk/book/1FL90-TICKETMASTER/#date=2026-06-28,CV34 4QU,52.280585,-1.585766
29/06/2026,Warwick Castle - Daily Entry,10:00:00,Warwick Castle,Miscellaneous,Warwick,G5vHZ_7F_fbfi,https://attractions.ticketmaster.co.uk/book/1FL90-TICKETMASTER/#date=2026-06-29,CV34 4QU,52.280585,-1.585766
30/06/2026,Warwick Castle - Daily Entry,10:00:00,Warwick Castle,Miscellaneous,Warwick,G5vHZ_7F_-z4v,https://attractions.ticketmaster.co.uk/book/1FL90-TICKETMASTER/#date=2026-06-30,CV34 4QU,52.280585,-1.585766
01/07/2026,Warwick Castle - Daily Entry,10:00:00,Warwick Castle,Miscellaneous,Warwick,G5vHZ_7F_Rb4j,https://attractions.ticketmaster.co.uk/book/1FL90-TICKETMASTER/#date=2026-07-01,CV34 4QU,52.280585,-1.585766
02/07/2026,Warwick Castle - Daily Entry,10:00:00,Warwick Castle,Miscellaneous,Warwick,G5vHZ_7F_Hzpv,https://attractions.ticketmaster.co.uk/book/1FL90-TICKETMASTER/#date=2026-07-02,CV34 4QU,52.280585,-1.585766
03/07/2026,Warwick Castle - Daily Entry,10:00:00,Warwick Castle,Miscellaneous,Warwick,G5vHZ_7FQ1bpm,https://attractions.ticketmaster.co.uk/book/1FL90-TICKETMASTER/#date=2026-07-03,CV34 4QU,52.280585,-1.585766
04/07/2026,Warwick Castle - Daily Entry,10:00:00,Warwick Castle,Miscellaneous,Warwick,G5vHZ_7FQ9z92,https://attractions.ticketmaster.co.uk/book/1FL90-TICKETMASTER/#date=2026-07-04,CV34 4QU,52.280585,-1.585766
05/07/2026,Warwick Castle - Daily Entry,10:00:00,Warwick Castle,Miscellaneous,Warwick,G5vHZ_7FQPF9Q,https://attractions.ticketmaster.co.uk/book/1FL90-TICKETMASTER/#date=2026-07-05,CV34 4QU,52.280585,-1.585766
06/07/2026,Warwick Castle - Daily Entry,10:00:00,Warwick Castle,Miscellaneous,Warwick,G5vHZ_7FQwz9g,https://attractions.ticketmaster.co.uk/book/1FL90-TICKETMASTER/#date=2026-07-06,CV34 4QU,52.280585,-1.585766
07/07/2026,Warwick Castle - Daily Entry,10:00:00,Warwick Castle,Miscellaneous,Warwick,G5vHZ_7FhZbb1,https://attractions.ticketmaster.co.uk/book/1FL90-TICKETMASTER/#date=2026-07-07,CV34 4QU,52.280585,-1.585766
08/07/2026,Warwick Castle - Daily Entry,10:00:00,Warwick Castle,Miscellaneous,Warwick,G5vHZ_7FhuzbM,https://attractions.ticketmaster.co.uk/book/1FL90-TICKETMASTER/#date=2026-07-08,CV34 4QU,52.280585,-1.585766
09/07/2026,Warwick Castle - Daily Entry,10:00:00,Warwick Castle,Miscellaneous,Warwick,G5vHZ_7FhhF_-,https://attractions.ticketmaster.co.uk/book/1FL90-TICKETMASTER/#date=2026-07-09,CV34 4QU,52.280585,-1.585766
10/07/2026,Warwick Castle - Daily Entry,10:00:00,Warwick Castle,Miscellaneous,Warwick,G5vHZ_7FhIIQk,https://attractions.ticketmaster.co.uk/book/1FL90-TICKETMASTER/#date=2026-07-10,CV34 4QU,52.280585,-1.585766
24/06/2026,Scott Bennett - Stuff,19:30:00,Huntingdon Hall,Arts & Theatre,Worcester,G5vHZbclcg7LM,https://www.ticketmaster.co.uk/scott-bennett-stuff-worcester-24-06-2026/event/1F0062DAEDD447F7,WR1 3LD,52.192034,-2.222239
25/06/2026,Ella Al-Shamahi: Becoming Human,19:30:00,Huntingdon Hall,Miscellaneous,Worcester,G5vHZbsK71oB3,https://www.ticketmaster.co.uk/ella-alshamahi-becoming-human-worcester-25-06-2026/event/1F006314C4291E92,WR1 3LD,52.192034,-2.222239
12/07/2026,Lata & Asha: Purane Gaane… Side A | Side B – Birmingham,19:00:00,Glee Club,Music,Birmingham,LvZ18Q9tcOegIvZZwYmuR,https://www.universe.com/events/lata-asha-purane-gaane-side-a-side-b-birmingham-tickets-6R1W9J?ref=ticketmaster,B5 4TD,52.474541,-1.89662
17/07/2026,The Streets,19:00:00,O2 Academy Birmingham,Music,Birmingham,G5dzZbUVN0GBv,https://www.ticketmaster.co.uk/the-streets-birmingham-17-07-2026/event/3E00636D2390CE81,B1 1DB,52.473277,-1.900215
18/07/2026,Charlie Puth - Whatever's Clever! World Tour,19:00:00,O2 Academy Birmingham,Music,Birmingham,G5dzZbydNa7V7,https://www.ticketmaster.co.uk/charlie-puth-whatevers-clever-world-tour-birmingham-18-07-2026/event/3E006390E3244D04,B1 1DB,52.473277,-1.900215
22/07/2026,Steel Panther - EUROPE TWENTY TWENTY S£X TOUR,19:00:00,O2 Academy Birmingham,Music,Birmingham,G5dzZbzXpZeBt,https://www.ticketmaster.co.uk/steel-panther-europe-twenty-twenty-sx-birmingham-22-07-2026/event/3E00638F96002EA9,B1 1DB,52.473277,-1.900215
24/07/2026,Guns 2 Roses + Metallica Re-Loaded + Faith No Man,19:00:00,O2 Academy2 Birmingham,Music,Birmingham,G5dzZbMRCGbFT,https://www.ticketmaster.co.uk/guns-2-roses-metallica-reloaded-faith-birmingham-24-07-2026/event/3E00637BCE31823F,B1 1DB,52.47406,-1.89955
31/07/2026,Sabbotage,19:30:00,"The Victoria, Birmingham",Music,Birmingham,LvZ18QaWMUz-wK8ZI6YIj,https://www.universe.com/events/sabbotage-tickets-KBJST6?ref=ticketmaster,B1 1BN,52.476568,-1.900914
17/07/2026,Bat Sabbath,19:00:00,The Castle & Falcon,Music,Birmingham,G5vHZbUpFeKiv,https://www.ticketmaster.co.uk/bat-sabbath-birmingham-17-07-2026/event/1F00636588093B01,B12 9AT,52.454883,-1.886583
11/07/2026,Gladiators Experience,17:00:00,NEC,Miscellaneous,Birmingham,LvZ18Qo9WPCnjSZZvTs9-,https://www.universe.com/events/gladiators-experience-tickets-NX6RCG?ref=ticketmaster,B40 1NT,52.453266,-1.717158
11/07/2026,Gladiators Experience,09:00:00,NEC,Miscellaneous,Birmingham,LvZ18Qo9WPCnjSZZvTs93,https://www.universe.com/events/gladiators-experience-tickets-NX6RCG?ref=ticketmaster,B40 1NT,52.453266,-1.717158
11/07/2026,Gladiators Experience,11:00:00,NEC,Miscellaneous,Birmingham,LvZ18Qo9WPCnjSZZvTs94,https://www.universe.com/events/gladiators-experience-tickets-NX6RCG?ref=ticketmaster,B40 1NT,52.453266,-1.717158
11/07/2026,Gladiators Experience,12:00:00,NEC,Miscellaneous,Birmingham,LvZ18Qo9WPCnjSZZvTs99,https://www.universe.com/events/gladiators-experience-tickets-NX6RCG?ref=ticketmaster,B40 1NT,52.453266,-1.717158
11/07/2026,Gladiators Experience,10:00:00,NEC,Miscellaneous,Birmingham,LvZ18Qo9WPCnjSZZvTs9K,https://www.universe.com/events/gladiators-experience-tickets-NX6RCG?ref=ticketmaster,B40 1NT,52.453266,-1.717158
11/07/2026,Gladiators Experience,16:00:00,NEC,Miscellaneous,Birmingham,LvZ18Qo9WPCnjSZZvTs9L,https://www.universe.com/events/gladiators-experience-tickets-NX6RCG?ref=ticketmaster,B40 1NT,52.453266,-1.717158
11/07/2026,Gladiators Experience,18:00:00,NEC,Miscellaneous,Birmingham,LvZ18Qo9WPCnjSZZvTs9N,https://www.universe.com/events/gladiators-experience-tickets-NX6RCG?ref=ticketmaster,B40 1NT,52.453266,-1.717158
11/07/2026,Gladiators Experience,16:30:00,NEC,Miscellaneous,Birmingham,LvZ18Qo9WPCnjSZZvTs9O,https://www.universe.com/events/gladiators-experience-tickets-NX6RCG?ref=ticketmaster,B40 1NT,52.453266,-1.717158
11/07/2026,Gladiators Experience,13:30:00,NEC,Miscellaneous,Birmingham,LvZ18Qo9WPCnjSZZvTs9Q,https://www.universe.com/events/gladiators-experience-tickets-NX6RCG?ref=ticketmaster,B40 1NT,52.453266,-1.717158
11/07/2026,Gladiators Experience,13:00:00,NEC,Miscellaneous,Birmingham,LvZ18Qo9WPCnjSZZvTs9_,https://www.universe.com/events/gladiators-experience-tickets-NX6RCG?ref=ticketmaster,B40 1NT,52.453266,-1.717158
11/07/2026,Gladiators Experience,12:30:00,NEC,Miscellaneous,Birmingham,LvZ18Qo9WPCnjSZZvTs9b,https://www.universe.com/events/gladiators-experience-tickets-NX6RCG?ref=ticketmaster,B40 1NT,52.453266,-1.717158
11/07/2026,Gladiators Experience,10:30:00,NEC,Miscellaneous,Birmingham,LvZ18Qo9WPCnjSZZvTs9f,https://www.universe.com/events/gladiators-experience-tickets-NX6RCG?ref=ticketmaster,B40 1NT,52.453266,-1.717158
11/07/2026,Gladiators Experience,14:00:00,NEC,Miscellaneous,Birmingham,LvZ18Qo9WPCnjSZZvTs9h,https://www.universe.com/events/gladiators-experience-tickets-NX6RCG?ref=ticketmaster,B40 1NT,52.453266,-1.717158
11/07/2026,Gladiators Experience,14:30:00,NEC,Miscellaneous,Birmingham,LvZ18Qo9WPCnjSZZvTs9j,https://www.universe.com/events/gladiators-experience-tickets-NX6RCG?ref=ticketmaster,B40 1NT,52.453266,-1.717158
11/07/2026,Gladiators Experience,11:30:00,NEC,Miscellaneous,Birmingham,LvZ18Qo9WPCnjSZZvTs9p,https://www.universe.com/events/gladiators-experience-tickets-NX6RCG?ref=ticketmaster,B40 1NT,52.453266,-1.717158
11/07/2026,Gladiators Experience,15:00:00,NEC,Miscellaneous,Birmingham,LvZ18Qo9WPCnjSZZvTs9q,https://www.universe.com/events/gladiators-experience-tickets-NX6RCG?ref=ticketmaster,B40 1NT,52.453266,-1.717158
11/07/2026,Gladiators Experience,15:30:00,NEC,Miscellaneous,Birmingham,LvZ18Qo9WPCnjSZZvTs9r,https://www.universe.com/events/gladiators-experience-tickets-NX6RCG?ref=ticketmaster,B40 1NT,52.453266,-1.717158
11/07/2026,Gladiators Experience,17:30:00,NEC,Miscellaneous,Birmingham,LvZ18Qo9WPCnjSZZvTs9x,https://www.universe.com/events/gladiators-experience-tickets-NX6RCG?ref=ticketmaster,B40 1NT,52.453266,-1.717158
12/07/2026,Gladiators Experience,09:00:00,NEC,Miscellaneous,Birmingham,LvZ18Qo9WPCnjSZZvTs90,https://www.universe.com/events/gladiators-experience-tickets-NX6RCG?ref=ticketmaster,B40 1NT,52.453266,-1.717158
12/07/2026,Gladiators Experience,11:00:00,NEC,Miscellaneous,Birmingham,LvZ18Qo9WPCnjSZZvTs9E,https://www.universe.com/events/gladiators-experience-tickets-NX6RCG?ref=ticketmaster,B40 1NT,52.453266,-1.717158
12/07/2026,Gladiators Experience,11:30:00,NEC,Miscellaneous,Birmingham,LvZ18Qo9WPCnjSZZvTs9I,https://www.universe.com/events/gladiators-experience-tickets-NX6RCG?ref=ticketmaster,B40 1NT,52.453266,-1.717158
12/07/2026,Gladiators Experience,10:30:00,NEC,Miscellaneous,Birmingham,LvZ18Qo9WPCnjSZZvTs9J,https://www.universe.com/events/gladiators-experience-tickets-NX6RCG?ref=ticketmaster,B40 1NT,52.453266,-1.717158
12/07/2026,Gladiators Experience,10:00:00,NEC,Miscellaneous,Birmingham,LvZ18Qo9WPCnjSZZvTs9P,https://www.universe.com/events/gladiators-experience-tickets-NX6RCG?ref=ticketmaster,B40 1NT,52.453266,-1.717158
12/07/2026,Gladiators Experience,15:00:00,NEC,Miscellaneous,Birmingham,LvZ18Qo9WPCnjSZZvTs9R,https://www.universe.com/events/gladiators-experience-tickets-NX6RCG?ref=ticketmaster,B40 1NT,52.453266,-1.717158
12/07/2026,Gladiators Experience,15:30:00,NEC,Miscellaneous,Birmingham,LvZ18Qo9WPCnjSZZvTs9Y,https://www.universe.com/events/gladiators-experience-tickets-NX6RCG?ref=ticketmaster,B40 1NT,52.453266,-1.717158
12/07/2026,Gladiators Experience,14:00:00,NEC,Miscellaneous,Birmingham,LvZ18Qo9WPCnjSZZvTs9c,https://www.universe.com/events/gladiators-experience-tickets-NX6RCG?ref=ticketmaster,B40 1NT,52.453266,-1.717158
12/07/2026,Gladiators Experience,13:30:00,NEC,Miscellaneous,Birmingham,LvZ18Qo9WPCnjSZZvTs9i,https://www.universe.com/events/gladiators-experience-tickets-NX6RCG?ref=ticketmaster,B40 1NT,52.453266,-1.717158
12/07/2026,Gladiators Experience,13:00:00,NEC,Miscellaneous,Birmingham,LvZ18Qo9WPCnjSZZvTs9l,https://www.universe.com/events/gladiators-experience-tickets-NX6RCG?ref=ticketmaster,B40 1NT,52.453266,-1.717158
12/07/2026,Gladiators Experience,14:30:00,NEC,Miscellaneous,Birmingham,LvZ18Qo9WPCnjSZZvTs9m,https://www.universe.com/events/gladiators-experience-tickets-NX6RCG?ref=ticketmaster,B40 1NT,52.453266,-1.717158
12/07/2026,Gladiators Experience,12:30:00,NEC,Miscellaneous,Birmingham,LvZ18Qo9WPCnjSZZvTs9n,https://www.universe.com/events/gladiators-experience-tickets-NX6RCG?ref=ticketmaster,B40 1NT,52.453266,-1.717158
12/07/2026,Gladiators Experience,12:00:00,NEC,Miscellaneous,Birmingham,LvZ18Qo9WPCnjSZZvTs9t,https://www.universe.com/events/gladiators-experience-tickets-NX6RCG?ref=ticketmaster,B40 1NT,52.453266,-1.717158
17/07/2026,Gladiators Experience,18:00:00,NEC,Miscellaneous,Birmingham,LvZ18Qo9WPCnjSZZvTsb6,https://www.universe.com/events/gladiators-experience-tickets-NX6RCG?ref=ticketmaster,B40 1NT,52.453266,-1.717158
17/07/2026,Gladiators Experience,17:00:00,NEC,Miscellaneous,Birmingham,LvZ18Qo9WPCnjSZZvTsbA,https://www.universe.com/events/gladiators-experience-tickets-NX6RCG?ref=ticketmaster,B40 1NT,52.453266,-1.717158
17/07/2026,Gladiators Experience,16:00:00,NEC,Miscellaneous,Birmingham,LvZ18Qo9WPCnjSZZvTsbd,https://www.universe.com/events/gladiators-experience-tickets-NX6RCG?ref=ticketmaster,B40 1NT,52.453266,-1.717158
17/07/2026,Gladiators Experience,17:30:00,NEC,Miscellaneous,Birmingham,LvZ18Qo9WPCnjSZZvTsbk,https://www.universe.com/events/gladiators-experience-tickets-NX6RCG?ref=ticketmaster,B40 1NT,52.453266,-1.717158
17/07/2026,Gladiators Experience,18:30:00,NEC,Miscellaneous,Birmingham,LvZ18Qob5HlQ24ZZvwEZ7,https://www.universe.com/events/gladiators-experience-tickets-NX6RCG?ref=ticketmaster,B40 1NT,52.453266,-1.717158
18/07/2026,Gladiators Experience,10:30:00,NEC,Miscellaneous,Birmingham,LvZ18Qo9WPCnjSZZvTsb1,https://www.universe.com/events/gladiators-experience-tickets-NX6RCG?ref=ticketmaster,B40 1NT,52.453266,-1.717158
18/07/2026,Gladiators Experience,13:00:00,NEC,Miscellaneous,Birmingham,LvZ18Qo9WPCnjSZZvTsb2,https://www.universe.com/events/gladiators-experience-tickets-NX6RCG?ref=ticketmaster,B40 1NT,52.453266,-1.717158
18/07/2026,Gladiators Experience,14:30:00,NEC,Miscellaneous,Birmingham,LvZ18Qo9WPCnjSZZvTsb3,https://www.universe.com/events/gladiators-experience-tickets-NX6RCG?ref=ticketmaster,B40 1NT,52.453266,-1.717158
18/07/2026,Gladiators Experience,16:00:00,NEC,Miscellaneous,Birmingham,LvZ18Qo9WPCnjSZZvTsb4,https://www.universe.com/events/gladiators-experience-tickets-NX6RCG?ref=ticketmaster,B40 1NT,52.453266,-1.717158
18/07/2026,Gladiators Experience,11:00:00,NEC,Miscellaneous,Birmingham,LvZ18Qo9WPCnjSZZvTsb5,https://www.universe.com/events/gladiators-experience-tickets-NX6RCG?ref=ticketmaster,B40 1NT,52.453266,-1.717158
18/07/2026,Gladiators Experience,13:30:00,NEC,Miscellaneous,Birmingham,LvZ18Qo9WPCnjSZZvTsb8,https://www.universe.com/events/gladiators-experience-tickets-NX6RCG?ref=ticketmaster,B40 1NT,52.453266,-1.717158
18/07/2026,Gladiators Experience,17:00:00,NEC,Miscellaneous,Birmingham,LvZ18Qo9WPCnjSZZvTsb9,https://www.universe.com/events/gladiators-experience-tickets-NX6RCG?ref=ticketmaster,B40 1NT,52.453266,-1.717158
18/07/2026,Gladiators Experience,12:30:00,NEC,Miscellaneous,Birmingham,LvZ18Qo9WPCnjSZZvTsbC,https://www.universe.com/events/gladiators-experience-tickets-NX6RCG?ref=ticketmaster,B40 1NT,52.453266,-1.717158
18/07/2026,Gladiators Experience,09:00:00,NEC,Miscellaneous,Birmingham,LvZ18Qo9WPCnjSZZvTsbF,https://www.universe.com/events/gladiators-experience-tickets-NX6RCG?ref=ticketmaster,B40 1NT,52.453266,-1.717158
18/07/2026,Gladiators Experience,11:30:00,NEC,Miscellaneous,Birmingham,LvZ18Qo9WPCnjSZZvTsbG,https://www.universe.com/events/gladiators-experience-tickets-NX6RCG?ref=ticketmaster,B40 1NT,52.453266,-1.717158
18/07/2026,Gladiators Experience,15:00:00,NEC,Miscellaneous,Birmingham,LvZ18Qo9WPCnjSZZvTsbK,https://www.universe.com/events/gladiators-experience-tickets-NX6RCG?ref=ticketmaster,B40 1NT,52.453266,-1.717158
18/07/2026,Gladiators Experience,18:00:00,NEC,Miscellaneous,Birmingham,LvZ18Qo9WPCnjSZZvTsb_,https://www.universe.com/events/gladiators-experience-tickets-NX6RCG?ref=ticketmaster,B40 1NT,52.453266,-1.717158
18/07/2026,Gladiators Experience,10:00:00,NEC,Miscellaneous,Birmingham,LvZ18Qo9WPCnjSZZvTsba,https://www.universe.com/events/gladiators-experience-tickets-NX6RCG?ref=ticketmaster,B40 1NT,52.453266,-1.717158
18/07/2026,Gladiators Experience,17:30:00,NEC,Miscellaneous,Birmingham,LvZ18Qo9WPCnjSZZvTsbb,https://www.universe.com/events/gladiators-experience-tickets-NX6RCG?ref=ticketmaster,B40 1NT,52.453266,-1.717158
18/07/2026,Gladiators Experience,15:30:00,NEC,Miscellaneous,Birmingham,LvZ18Qo9WPCnjSZZvTsbf,https://www.universe.com/events/gladiators-experience-tickets-NX6RCG?ref=ticketmaster,B40 1NT,52.453266,-1.717158
18/07/2026,Gladiators Experience,14:00:00,NEC,Miscellaneous,Birmingham,LvZ18Qo9WPCnjSZZvTsbo,https://www.universe.com/events/gladiators-experience-tickets-NX6RCG?ref=ticketmaster,B40 1NT,52.453266,-1.717158
18/07/2026,Gladiators Experience,16:30:00,NEC,Miscellaneous,Birmingham,LvZ18Qo9WPCnjSZZvTsbp,https://www.universe.com/events/gladiators-experience-tickets-NX6RCG?ref=ticketmaster,B40 1NT,52.453266,-1.717158
18/07/2026,Gladiators Experience,12:00:00,NEC,Miscellaneous,Birmingham,LvZ18Qo9WPCnjSZZvTsbu,https://www.universe.com/events/gladiators-experience-tickets-NX6RCG?ref=ticketmaster,B40 1NT,52.453266,-1.717158
19/07/2026,Gladiators Experience,13:00:00,NEC,Miscellaneous,Birmingham,LvZ18Qo9WPCnjSZZvTsb-,https://www.universe.com/events/gladiators-experience-tickets-NX6RCG?ref=ticketmaster,B40 1NT,52.453266,-1.717158
19/07/2026,Gladiators Experience,14:30:00,NEC,Miscellaneous,Birmingham,LvZ18Qo9WPCnjSZZvTsb0,https://www.universe.com/events/gladiators-experience-tickets-NX6RCG?ref=ticketmaster,B40 1NT,52.453266,-1.717158
19/07/2026,Gladiators Experience,15:30:00,NEC,Miscellaneous,Birmingham,LvZ18Qo9WPCnjSZZvTsbJ,https://www.universe.com/events/gladiators-experience-tickets-NX6RCG?ref=ticketmaster,B40 1NT,52.453266,-1.717158
19/07/2026,Gladiators Experience,12:00:00,NEC,Miscellaneous,Birmingham,LvZ18Qo9WPCnjSZZvTsbL,https://www.universe.com/events/gladiators-experience-tickets-NX6RCG?ref=ticketmaster,B40 1NT,52.453266,-1.717158
19/07/2026,Gladiators Experience,14:00:00,NEC,Miscellaneous,Birmingham,LvZ18Qo9WPCnjSZZvTsbN,https://www.universe.com/events/gladiators-experience-tickets-NX6RCG?ref=ticketmaster,B40 1NT,52.453266,-1.717158
19/07/2026,Gladiators Experience,12:30:00,NEC,Miscellaneous,Birmingham,LvZ18Qo9WPCnjSZZvTsbO,https://www.universe.com/events/gladiators-experience-tickets-NX6RCG?ref=ticketmaster,B40 1NT,52.453266,-1.717158
19/07/2026,Gladiators Experience,15:00:00,NEC,Miscellaneous,Birmingham,LvZ18Qo9WPCnjSZZvTsbP,https://www.universe.com/events/gladiators-experience-tickets-NX6RCG?ref=ticketmaster,B40 1NT,52.453266,-1.717158
19/07/2026,Gladiators Experience,09:00:00,NEC,Miscellaneous,Birmingham,LvZ18Qo9WPCnjSZZvTsbQ,https://www.universe.com/events/gladiators-experience-tickets-NX6RCG?ref=ticketmaster,B40 1NT,52.453266,-1.717158
19/07/2026,Gladiators Experience,10:00:00,NEC,Miscellaneous,Birmingham,LvZ18Qo9WPCnjSZZvTsbh,https://www.universe.com/events/gladiators-experience-tickets-NX6RCG?ref=ticketmaster,B40 1NT,52.453266,-1.717158
19/07/2026,Gladiators Experience,10:30:00,NEC,Miscellaneous,Birmingham,LvZ18Qo9WPCnjSZZvTsbj,https://www.universe.com/events/gladiators-experience-tickets-NX6RCG?ref=ticketmaster,B40 1NT,52.453266,-1.717158
19/07/2026,Gladiators Experience,11:00:00,NEC,Miscellaneous,Birmingham,LvZ18Qo9WPCnjSZZvTsbq,https://www.universe.com/events/gladiators-experience-tickets-NX6RCG?ref=ticketmaster,B40 1NT,52.453266,-1.717158
19/07/2026,Gladiators Experience,11:30:00,NEC,Miscellaneous,Birmingham,LvZ18Qo9WPCnjSZZvTsbr,https://www.universe.com/events/gladiators-experience-tickets-NX6RCG?ref=ticketmaster,B40 1NT,52.453266,-1.717158
19/07/2026,Gladiators Experience,13:30:00,NEC,Miscellaneous,Birmingham,LvZ18Qo9WPCnjSZZvTsbx,https://www.universe.com/events/gladiators-experience-tickets-NX6RCG?ref=ticketmaster,B40 1NT,52.453266,-1.717158
20/07/2026,Gladiators Experience,15:30:00,NEC,Miscellaneous,Birmingham,LvZ18Q3pcVrYOYOZv3uCk,https://www.universe.com/events/gladiators-experience-tickets-NX6RCG?ref=ticketmaster,B40 1NT,52.453266,-1.717158
20/07/2026,Gladiators Experience,09:00:00,NEC,Miscellaneous,Birmingham,LvZ18Qobv_dY728ZvQ7v4,https://www.universe.com/events/gladiators-experience-tickets-NX6RCG?ref=ticketmaster,B40 1NT,52.453266,-1.717158
20/07/2026,Gladiators Experience,10:30:00,NEC,Miscellaneous,Birmingham,LvZ18Qobv_dY728ZvQ7v9,https://www.universe.com/events/gladiators-experience-tickets-NX6RCG?ref=ticketmaster,B40 1NT,52.453266,-1.717158
20/07/2026,Gladiators Experience,14:30:00,NEC,Miscellaneous,Birmingham,LvZ18Qobv_dY728ZvQ7vL,https://www.universe.com/events/gladiators-experience-tickets-NX6RCG?ref=ticketmaster,B40 1NT,52.453266,-1.717158
20/07/2026,Gladiators Experience,15:00:00,NEC,Miscellaneous,Birmingham,LvZ18Qobv_dY728ZvQ7vO,https://www.universe.com/events/gladiators-experience-tickets-NX6RCG?ref=ticketmaster,B40 1NT,52.453266,-1.717158
20/07/2026,Gladiators Experience,12:00:00,NEC,Miscellaneous,Birmingham,LvZ18Qobv_dY728ZvQ7vQ,https://www.universe.com/events/gladiators-experience-tickets-NX6RCG?ref=ticketmaster,B40 1NT,52.453266,-1.717158
20/07/2026,Gladiators Experience,11:30:00,NEC,Miscellaneous,Birmingham,LvZ18Qobv_dY728ZvQ7v_,https://www.universe.com/events/gladiators-experience-tickets-NX6RCG?ref=ticketmaster,B40 1NT,52.453266,-1.717158
20/07/2026,Gladiators Experience,11:00:00,NEC,Miscellaneous,Birmingham,LvZ18Qobv_dY728ZvQ7vb,https://www.universe.com/events/gladiators-experience-tickets-NX6RCG?ref=ticketmaster,B40 1NT,52.453266,-1.717158
20/07/2026,Gladiators Experience,12:30:00,NEC,Miscellaneous,Birmingham,LvZ18Qobv_dY728ZvQ7vh,https://www.universe.com/events/gladiators-experience-tickets-NX6RCG?ref=ticketmaster,B40 1NT,52.453266,-1.717158
20/07/2026,Gladiators Experience,13:00:00,NEC,Miscellaneous,Birmingham,LvZ18Qobv_dY728ZvQ7vj,https://www.universe.com/events/gladiators-experience-tickets-NX6RCG?ref=ticketmaster,B40 1NT,52.453266,-1.717158
20/07/2026,Gladiators Experience,10:00:00,NEC,Miscellaneous,Birmingham,LvZ18Qobv_dY728ZvQ7vp,https://www.universe.com/events/gladiators-experience-tickets-NX6RCG?ref=ticketmaster,B40 1NT,52.453266,-1.717158
20/07/2026,Gladiators Experience,13:30:00,NEC,Miscellaneous,Birmingham,LvZ18Qobv_dY728ZvQ7vq,https://www.universe.com/events/gladiators-experience-tickets-NX6RCG?ref=ticketmaster,B40 1NT,52.453266,-1.717158
20/07/2026,Gladiators Experience,14:00:00,NEC,Miscellaneous,Birmingham,LvZ18Qobv_dY728ZvQ7vr,https://www.universe.com/events/gladiators-experience-tickets-NX6RCG?ref=ticketmaster,B40 1NT,52.453266,-1.717158
21/07/2026,Gladiators Experience,15:30:00,NEC,Miscellaneous,Birmingham,LvZ18Q3pcVrYOYOZv3uC6,https://www.universe.com/events/gladiators-experience-tickets-NX6RCG?ref=ticketmaster,B40 1NT,52.453266,-1.717158
21/07/2026,Gladiators Experience,10:00:00,NEC,Miscellaneous,Birmingham,LvZ18Qobv_dY728ZvQ7vE,https://www.universe.com/events/gladiators-experience-tickets-NX6RCG?ref=ticketmaster,B40 1NT,52.453266,-1.717158
21/07/2026,Gladiators Experience,10:30:00,NEC,Miscellaneous,Birmingham,LvZ18Qobv_dY728ZvQ7vI,https://www.universe.com/events/gladiators-experience-tickets-NX6RCG?ref=ticketmaster,B40 1NT,52.453266,-1.717158
21/07/2026,Gladiators Experience,09:00:00,NEC,Miscellaneous,Birmingham,LvZ18Qobv_dY728ZvQ7vJ,https://www.universe.com/events/gladiators-experience-tickets-NX6RCG?ref=ticketmaster,B40 1NT,52.453266,-1.717158
21/07/2026,Gladiators Experience,14:00:00,NEC,Miscellaneous,Birmingham,LvZ18Qobv_dY728ZvQ7vR,https://www.universe.com/events/gladiators-experience-tickets-NX6RCG?ref=ticketmaster,B40 1NT,52.453266,-1.717158
21/07/2026,Gladiators Experience,14:30:00,NEC,Miscellaneous,Birmingham,LvZ18Qobv_dY728ZvQ7vY,https://www.universe.com/events/gladiators-experience-tickets-NX6RCG?ref=ticketmaster,B40 1NT,52.453266,-1.717158
21/07/2026,Gladiators Experience,13:00:00,NEC,Miscellaneous,Birmingham,LvZ18Qobv_dY728ZvQ7vc,https://www.universe.com/events/gladiators-experience-tickets-NX6RCG?ref=ticketmaster,B40 1NT,52.453266,-1.717158
21/07/2026,Gladiators Experience,12:30:00,NEC,Miscellaneous,Birmingham,LvZ18Qobv_dY728ZvQ7vi,https://www.universe.com/events/gladiators-experience-tickets-NX6RCG?ref=ticketmaster,B40 1NT,52.453266,-1.717158
21/07/2026,Gladiators Experience,12:00:00,NEC,Miscellaneous,Birmingham,LvZ18Qobv_dY728ZvQ7vl,https://www.universe.com/events/gladiators-experience-tickets-NX6RCG?ref=ticketmaster,B40 1NT,52.453266,-1.717158
21/07/2026,Gladiators Experience,13:30:00,NEC,Miscellaneous,Birmingham,LvZ18Qobv_dY728ZvQ7vm,https://www.universe.com/events/gladiators-experience-tickets-NX6RCG?ref=ticketmaster,B40 1NT,52.453266,-1.717158
21/07/2026,Gladiators Experience,11:30:00,NEC,Miscellaneous,Birmingham,LvZ18Qobv_dY728ZvQ7vn,https://www.universe.com/events/gladiators-experience-tickets-NX6RCG?ref=ticketmaster,B40 1NT,52.453266,-1.717158
21/07/2026,Gladiators Experience,15:00:00,NEC,Miscellaneous,Birmingham,LvZ18Qobv_dY728ZvQ7vs,https://www.universe.com/events/gladiators-experience-tickets-NX6RCG?ref=ticketmaster,B40 1NT,52.453266,-1.717158
21/07/2026,Gladiators Experience,11:00:00,NEC,Miscellaneous,Birmingham,LvZ18Qobv_dY728ZvQ7vt,https://www.universe.com/events/gladiators-experience-tickets-NX6RCG?ref=ticketmaster,B40 1NT,52.453266,-1.717158
22/07/2026,Gladiators Experience,15:30:00,NEC,Miscellaneous,Birmingham,LvZ18Q3pcVrYOYOZv3uCF,https://www.universe.com/events/gladiators-experience-tickets-NX6RCG?ref=ticketmaster,B40 1NT,52.453266,-1.717158
22/07/2026,Gladiators Experience,14:00:00,NEC,Miscellaneous,Birmingham,LvZ18Qobv_dY728ZvQ7eZ,https://www.universe.com/events/gladiators-experience-tickets-NX6RCG?ref=ticketmaster,B40 1NT,52.453266,-1.717158
22/07/2026,Gladiators Experience,15:00:00,NEC,Miscellaneous,Birmingham,LvZ18Qobv_dY728ZvQ7ee,https://www.universe.com/events/gladiators-experience-tickets-NX6RCG?ref=ticketmaster,B40 1NT,52.453266,-1.717158
22/07/2026,Gladiators Experience,14:30:00,NEC,Miscellaneous,Birmingham,LvZ18Qobv_dY728ZvQ7ev,https://www.universe.com/events/gladiators-experience-tickets-NX6RCG?ref=ticketmaster,B40 1NT,52.453266,-1.717158
22/07/2026,Gladiators Experience,11:00:00,NEC,Miscellaneous,Birmingham,LvZ18Qobv_dY728ZvQ7vB,https://www.universe.com/events/gladiators-experience-tickets-NX6RCG?ref=ticketmaster,B40 1NT,52.453266,-1.717158
22/07/2026,Gladiators Experience,11:30:00,NEC,Miscellaneous,Birmingham,LvZ18Qobv_dY728ZvQ7vD,https://www.universe.com/events/gladiators-experience-tickets-NX6RCG?ref=ticketmaster,B40 1NT,52.453266,-1.717158
22/07/2026,Gladiators Experience,12:00:00,NEC,Miscellaneous,Birmingham,LvZ18Qobv_dY728ZvQ7vH,https://www.universe.com/events/gladiators-experience-tickets-NX6RCG?ref=ticketmaster,B40 1NT,52.453266,-1.717158
22/07/2026,Gladiators Experience,09:00:00,NEC,Miscellaneous,Birmingham,LvZ18Qobv_dY728ZvQ7vM,https://www.universe.com/events/gladiators-experience-tickets-NX6RCG?ref=ticketmaster,B40 1NT,52.453266,-1.717158
22/07/2026,Gladiators Experience,13:30:00,NEC,Miscellaneous,Birmingham,LvZ18Qobv_dY728ZvQ7vT,https://www.universe.com/events/gladiators-experience-tickets-NX6RCG?ref=ticketmaster,B40 1NT,52.453266,-1.717158
22/07/2026,Gladiators Experience,12:30:00,NEC,Miscellaneous,Birmingham,LvZ18Qobv_dY728ZvQ7vW,https://www.universe.com/events/gladiators-experience-tickets-NX6RCG?ref=ticketmaster,B40 1NT,52.453266,-1.717158
22/07/2026,Gladiators Experience,13:00:00,NEC,Miscellaneous,Birmingham,LvZ18Qobv_dY728ZvQ7vX,https://www.universe.com/events/gladiators-experience-tickets-NX6RCG?ref=ticketmaster,B40 1NT,52.453266,-1.717158
22/07/2026,Gladiators Experience,10:30:00,NEC,Miscellaneous,Birmingham,LvZ18Qobv_dY728ZvQ7vy,https://www.universe.com/events/gladiators-experience-tickets-NX6RCG?ref=ticketmaster,B40 1NT,52.453266,-1.717158
22/07/2026,Gladiators Experience,10:00:00,NEC,Miscellaneous,Birmingham,LvZ18Qobv_dY728ZvQ7vz,https://www.universe.com/events/gladiators-experience-tickets-NX6RCG?ref=ticketmaster,B40 1NT,52.453266,-1.717158
23/07/2026,Gladiators Experience,15:30:00,NEC,Miscellaneous,Birmingham,LvZ18Q3pcVrYOYOZv3uCa,https://www.universe.com/events/gladiators-experience-tickets-NX6RCG?ref=ticketmaster,B40 1NT,52.453266,-1.717158
23/07/2026,Gladiators Experience,10:30:00,NEC,Miscellaneous,Birmingham,LvZ18Qobv_dY728ZvQ7e1,https://www.universe.com/events/gladiators-experience-tickets-NX6RCG?ref=ticketmaster,B40 1NT,52.453266,-1.717158
23/07/2026,Gladiators Experience,13:00:00,NEC,Miscellaneous,Birmingham,LvZ18Qobv_dY728ZvQ7e2,https://www.universe.com/events/gladiators-experience-tickets-NX6RCG?ref=ticketmaster,B40 1NT,52.453266,-1.717158
23/07/2026,Gladiators Experience,14:30:00,NEC,Miscellaneous,Birmingham,LvZ18Qobv_dY728ZvQ7e3,https://www.universe.com/events/gladiators-experience-tickets-NX6RCG?ref=ticketmaster,B40 1NT,52.453266,-1.717158
23/07/2026,Gladiators Experience,11:00:00,NEC,Miscellaneous,Birmingham,LvZ18Qobv_dY728ZvQ7e5,https://www.universe.com/events/gladiators-experience-tickets-NX6RCG?ref=ticketmaster,B40 1NT,52.453266,-1.717158
23/07/2026,Gladiators Experience,13:30:00,NEC,Miscellaneous,Birmingham,LvZ18Qobv_dY728ZvQ7e8,https://www.universe.com/events/gladiators-experience-tickets-NX6RCG?ref=ticketmaster,B40 1NT,52.453266,-1.717158
23/07/2026,Gladiators Experience,12:30:00,NEC,Miscellaneous,Birmingham,LvZ18Qobv_dY728ZvQ7eC,https://www.universe.com/events/gladiators-experience-tickets-NX6RCG?ref=ticketmaster,B40 1NT,52.453266,-1.717158
23/07/2026,Gladiators Experience,09:00:00,NEC,Miscellaneous,Birmingham,LvZ18Qobv_dY728ZvQ7eF,https://www.universe.com/events/gladiators-experience-tickets-NX6RCG?ref=ticketmaster,B40 1NT,52.453266,-1.717158
23/07/2026,Gladiators Experience,11:30:00,NEC,Miscellaneous,Birmingham,LvZ18Qobv_dY728ZvQ7eG,https://www.universe.com/events/gladiators-experience-tickets-NX6RCG?ref=ticketmaster,B40 1NT,52.453266,-1.717158
23/07/2026,Gladiators Experience,15:00:00,NEC,Miscellaneous,Birmingham,LvZ18Qobv_dY728ZvQ7eK,https://www.universe.com/events/gladiators-experience-tickets-NX6RCG?ref=ticketmaster,B40 1NT,52.453266,-1.717158
23/07/2026,Gladiators Experience,10:00:00,NEC,Miscellaneous,Birmingham,LvZ18Qobv_dY728ZvQ7ea,https://www.universe.com/events/gladiators-experience-tickets-NX6RCG?ref=ticketmaster,B40 1NT,52.453266,-1.717158
23/07/2026,Gladiators Experience,14:00:00,NEC,Miscellaneous,Birmingham,LvZ18Qobv_dY728ZvQ7eo,https://www.universe.com/events/gladiators-experience-tickets-NX6RCG?ref=ticketmaster,B40 1NT,52.453266,-1.717158
23/07/2026,Gladiators Experience,12:00:00,NEC,Miscellaneous,Birmingham,LvZ18Qobv_dY728ZvQ7eu,https://www.universe.com/events/gladiators-experience-tickets-NX6RCG?ref=ticketmaster,B40 1NT,52.453266,-1.717158
24/07/2026,Gladiators Experience,15:00:00,NEC,Miscellaneous,Birmingham,LvZ18Qo9WPCnjSZZvTsbM,https://www.universe.com/events/gladiators-experience-tickets-NX6RCG?ref=ticketmaster,B40 1NT,52.453266,-1.717158
24/07/2026,Gladiators Experience,11:00:00,NEC,Miscellaneous,Birmingham,LvZ18Qo9WPCnjSZZvTsbR,https://www.universe.com/events/gladiators-experience-tickets-NX6RCG?ref=ticketmaster,B40 1NT,52.453266,-1.717158
24/07/2026,Gladiators Experience,13:00:00,NEC,Miscellaneous,Birmingham,LvZ18Qo9WPCnjSZZvTsbS,https://www.universe.com/events/gladiators-experience-tickets-NX6RCG?ref=ticketmaster,B40 1NT,52.453266,-1.717158
24/07/2026,Gladiators Experience,14:30:00,NEC,Miscellaneous,Birmingham,LvZ18Qo9WPCnjSZZvTsbU,https://www.universe.com/events/gladiators-experience-tickets-NX6RCG?ref=ticketmaster,B40 1NT,52.453266,-1.717158
24/07/2026,Gladiators Experience,13:30:00,NEC,Miscellaneous,Birmingham,LvZ18Qo9WPCnjSZZvTsbV,https://www.universe.com/events/gladiators-experience-tickets-NX6RCG?ref=ticketmaster,B40 1NT,52.453266,-1.717158
24/07/2026,Gladiators Experience,11:30:00,NEC,Miscellaneous,Birmingham,LvZ18Qo9WPCnjSZZvTsbY,https://www.universe.com/events/gladiators-experience-tickets-NX6RCG?ref=ticketmaster,B40 1NT,52.453266,-1.717158
24/07/2026,Gladiators Experience,10:00:00,NEC,Miscellaneous,Birmingham,LvZ18Qo9WPCnjSZZvTsbc,https://www.universe.com/events/gladiators-experience-tickets-NX6RCG?ref=ticketmaster,B40 1NT,52.453266,-1.717158
24/07/2026,Gladiators Experience,14:00:00,NEC,Miscellaneous,Birmingham,LvZ18Qo9WPCnjSZZvTsbg,https://www.universe.com/events/gladiators-experience-tickets-NX6RCG?ref=ticketmaster,B40 1NT,52.453266,-1.717158
24/07/2026,Gladiators Experience,09:00:00,NEC,Miscellaneous,Birmingham,LvZ18Qo9WPCnjSZZvTsbi,https://www.universe.com/events/gladiators-experience-tickets-NX6RCG?ref=ticketmaster,B40 1NT,52.453266,-1.717158
24/07/2026,Gladiators Experience,10:30:00,NEC,Miscellaneous,Birmingham,LvZ18Qo9WPCnjSZZvTsbm,https://www.universe.com/events/gladiators-experience-tickets-NX6RCG?ref=ticketmaster,B40 1NT,52.453266,-1.717158
24/07/2026,Gladiators Experience,12:00:00,NEC,Miscellaneous,Birmingham,LvZ18Qo9WPCnjSZZvTsbs,https://www.universe.com/events/gladiators-experience-tickets-NX6RCG?ref=ticketmaster,B40 1NT,52.453266,-1.717158
24/07/2026,Gladiators Experience,12:30:00,NEC,Miscellaneous,Birmingham,LvZ18Qo9WPCnjSZZvTsbw,https://www.universe.com/events/gladiators-experience-tickets-NX6RCG?ref=ticketmaster,B40 1NT,52.453266,-1.717158
24/07/2026,Gladiators Experience,15:30:00,NEC,Miscellaneous,Birmingham,LvZ18Qo9WPCnjSZZvTsbz,https://www.universe.com/events/gladiators-experience-tickets-NX6RCG?ref=ticketmaster,B40 1NT,52.453266,-1.717158
25/07/2026,Gladiators Experience,15:30:00,NEC,Miscellaneous,Birmingham,LvZ18Qo9WPCnjSZZvTs_1,https://www.universe.com/events/gladiators-experience-tickets-NX6RCG?ref=ticketmaster,B40 1NT,52.453266,-1.717158
25/07/2026,Gladiators Experience,18:00:00,NEC,Miscellaneous,Birmingham,LvZ18Qo9WPCnjSZZvTs_2,https://www.universe.com/events/gladiators-experience-tickets-NX6RCG?ref=ticketmaster,B40 1NT,52.453266,-1.717158
25/07/2026,Gladiators Experience,16:00:00,NEC,Miscellaneous,Birmingham,LvZ18Qo9WPCnjSZZvTs_5,https://www.universe.com/events/gladiators-experience-tickets-NX6RCG?ref=ticketmaster,B40 1NT,52.453266,-1.717158
25/07/2026,Gladiators Experience,14:00:00,NEC,Miscellaneous,Birmingham,LvZ18Qo9WPCnjSZZvTs_6,https://www.universe.com/events/gladiators-experience-tickets-NX6RCG?ref=ticketmaster,B40 1NT,52.453266,-1.717158
25/07/2026,Gladiators Experience,12:30:00,NEC,Miscellaneous,Birmingham,LvZ18Qo9WPCnjSZZvTs_7,https://www.universe.com/events/gladiators-experience-tickets-NX6RCG?ref=ticketmaster,B40 1NT,52.453266,-1.717158
25/07/2026,Gladiators Experience,13:00:00,NEC,Miscellaneous,Birmingham,LvZ18Qo9WPCnjSZZvTs_A,https://www.universe.com/events/gladiators-experience-tickets-NX6RCG?ref=ticketmaster,B40 1NT,52.453266,-1.717158
25/07/2026,Gladiators Experience,17:30:00,NEC,Miscellaneous,Birmingham,LvZ18Qo9WPCnjSZZvTs_C,https://www.universe.com/events/gladiators-experience-tickets-NX6RCG?ref=ticketmaster,B40 1NT,52.453266,-1.717158
25/07/2026,Gladiators Experience,14:30:00,NEC,Miscellaneous,Birmingham,LvZ18Qo9WPCnjSZZvTs_F,https://www.universe.com/events/gladiators-experience-tickets-NX6RCG?ref=ticketmaster,B40 1NT,52.453266,-1.717158
25/07/2026,Gladiators Experience,16:30:00,NEC,Miscellaneous,Birmingham,LvZ18Qo9WPCnjSZZvTs_G,https://www.universe.com/events/gladiators-experience-tickets-NX6RCG?ref=ticketmaster,B40 1NT,52.453266,-1.717158
25/07/2026,Gladiators Experience,10:30:00,NEC,Miscellaneous,Birmingham,LvZ18Qo9WPCnjSZZvTs_Z,https://www.universe.com/events/gladiators-experience-tickets-NX6RCG?ref=ticketmaster,B40 1NT,52.453266,-1.717158
25/07/2026,Gladiators Experience,15:00:00,NEC,Miscellaneous,Birmingham,LvZ18Qo9WPCnjSZZvTs_a,https://www.universe.com/events/gladiators-experience-tickets-NX6RCG?ref=ticketmaster,B40 1NT,52.453266,-1.717158
25/07/2026,Gladiators Experience,12:00:00,NEC,Miscellaneous,Birmingham,LvZ18Qo9WPCnjSZZvTs_d,https://www.universe.com/events/gladiators-experience-tickets-NX6RCG?ref=ticketmaster,B40 1NT,52.453266,-1.717158
25/07/2026,Gladiators Experience,11:30:00,NEC,Miscellaneous,Birmingham,LvZ18Qo9WPCnjSZZvTs_e,https://www.universe.com/events/gladiators-experience-tickets-NX6RCG?ref=ticketmaster,B40 1NT,52.453266,-1.717158
25/07/2026,Gladiators Experience,13:30:00,NEC,Miscellaneous,Birmingham,LvZ18Qo9WPCnjSZZvTs_k,https://www.universe.com/events/gladiators-experience-tickets-NX6RCG?ref=ticketmaster,B40 1NT,52.453266,-1.717158
25/07/2026,Gladiators Experience,17:00:00,NEC,Miscellaneous,Birmingham,LvZ18Qo9WPCnjSZZvTs_u,https://www.universe.com/events/gladiators-experience-tickets-NX6RCG?ref=ticketmaster,B40 1NT,52.453266,-1.717158
25/07/2026,Gladiators Experience,11:00:00,NEC,Miscellaneous,Birmingham,LvZ18Qo9WPCnjSZZvTs_v,https://www.universe.com/events/gladiators-experience-tickets-NX6RCG?ref=ticketmaster,B40 1NT,52.453266,-1.717158
25/07/2026,Gladiators Experience,10:00:00,NEC,Miscellaneous,Birmingham,LvZ18Qo9WPCnjSZZvTsbT,https://www.universe.com/events/gladiators-experience-tickets-NX6RCG?ref=ticketmaster,B40 1NT,52.453266,-1.717158
25/07/2026,Gladiators Experience,09:00:00,NEC,Miscellaneous,Birmingham,LvZ18Qo9WPCnjSZZvTsbX,https://www.universe.com/events/gladiators-experience-tickets-NX6RCG?ref=ticketmaster,B40 1NT,52.453266,-1.717158
26/07/2026,Gladiators Experience,10:30:00,NEC,Miscellaneous,Birmingham,LvZ18Qo9WPCnjSZZvTs_3,https://www.universe.com/events/gladiators-experience-tickets-NX6RCG?ref=ticketmaster,B40 1NT,52.453266,-1.717158
26/07/2026,Gladiators Experience,12:00:00,NEC,Miscellaneous,Birmingham,LvZ18Qo9WPCnjSZZvTs_4,https://www.universe.com/events/gladiators-experience-tickets-NX6RCG?ref=ticketmaster,B40 1NT,52.453266,-1.717158
26/07/2026,Gladiators Experience,09:00:00,NEC,Miscellaneous,Birmingham,LvZ18Qo9WPCnjSZZvTs_8,https://www.universe.com/events/gladiators-experience-tickets-NX6RCG?ref=ticketmaster,B40 1NT,52.453266,-1.717158
26/07/2026,Gladiators Experience,13:00:00,NEC,Miscellaneous,Birmingham,LvZ18Qo9WPCnjSZZvTs_9,https://www.universe.com/events/gladiators-experience-tickets-NX6RCG?ref=ticketmaster,B40 1NT,52.453266,-1.717158
26/07/2026,Gladiators Experience,11:00:00,NEC,Miscellaneous,Birmingham,LvZ18Qo9WPCnjSZZvTs_K,https://www.universe.com/events/gladiators-experience-tickets-NX6RCG?ref=ticketmaster,B40 1NT,52.453266,-1.717158
26/07/2026,Gladiators Experience,14:30:00,NEC,Miscellaneous,Birmingham,LvZ18Qo9WPCnjSZZvTs_Q,https://www.universe.com/events/gladiators-experience-tickets-NX6RCG?ref=ticketmaster,B40 1NT,52.453266,-1.717158
26/07/2026,Gladiators Experience,14:00:00,NEC,Miscellaneous,Birmingham,LvZ18Qo9WPCnjSZZvTs__,https://www.universe.com/events/gladiators-experience-tickets-NX6RCG?ref=ticketmaster,B40 1NT,52.453266,-1.717158
26/07/2026,Gladiators Experience,13:30:00,NEC,Miscellaneous,Birmingham,LvZ18Qo9WPCnjSZZvTs_b,https://www.universe.com/events/gladiators-experience-tickets-NX6RCG?ref=ticketmaster,B40 1NT,52.453266,-1.717158
26/07/2026,Gladiators Experience,11:30:00,NEC,Miscellaneous,Birmingham,LvZ18Qo9WPCnjSZZvTs_f,https://www.universe.com/events/gladiators-experience-tickets-NX6RCG?ref=ticketmaster,B40 1NT,52.453266,-1.717158
26/07/2026,Gladiators Experience,15:00:00,NEC,Miscellaneous,Birmingham,LvZ18Qo9WPCnjSZZvTs_h,https://www.universe.com/events/gladiators-experience-tickets-NX6RCG?ref=ticketmaster,B40 1NT,52.453266,-1.717158
26/07/2026,Gladiators Experience,15:30:00,NEC,Miscellaneous,Birmingham,LvZ18Qo9WPCnjSZZvTs_j,https://www.universe.com/events/gladiators-experience-tickets-NX6RCG?ref=ticketmaster,B40 1NT,52.453266,-1.717158
26/07/2026,Gladiators Experience,10:00:00,NEC,Miscellaneous,Birmingham,LvZ18Qo9WPCnjSZZvTs_o,https://www.universe.com/events/gladiators-experience-tickets-NX6RCG?ref=ticketmaster,B40 1NT,52.453266,-1.717158
26/07/2026,Gladiators Experience,12:30:00,NEC,Miscellaneous,Birmingham,LvZ18Qo9WPCnjSZZvTs_p,https://www.universe.com/events/gladiators-experience-tickets-NX6RCG?ref=ticketmaster,B40 1NT,52.453266,-1.717158
27/07/2026,Gladiators Experience,15:30:00,NEC,Miscellaneous,Birmingham,LvZ18Q3pcVrYOYOZv3uC1,https://www.universe.com/events/gladiators-experience-tickets-NX6RCG?ref=ticketmaster,B40 1NT,52.453266,-1.717158
27/07/2026,Gladiators Experience,13:30:00,NEC,Miscellaneous,Birmingham,LvZ18Qobv_dY728ZvQ7e-,https://www.universe.com/events/gladiators-experience-tickets-NX6RCG?ref=ticketmaster,B40 1NT,52.453266,-1.717158
27/07/2026,Gladiators Experience,15:00:00,NEC,Miscellaneous,Birmingham,LvZ18Qobv_dY728ZvQ7e0,https://www.universe.com/events/gladiators-experience-tickets-NX6RCG?ref=ticketmaster,B40 1NT,52.453266,-1.717158
27/07/2026,Gladiators Experience,12:30:00,NEC,Miscellaneous,Birmingham,LvZ18Qobv_dY728ZvQ7eL,https://www.universe.com/events/gladiators-experience-tickets-NX6RCG?ref=ticketmaster,B40 1NT,52.453266,-1.717158
27/07/2026,Gladiators Experience,14:30:00,NEC,Miscellaneous,Birmingham,LvZ18Qobv_dY728ZvQ7eN,https://www.universe.com/events/gladiators-experience-tickets-NX6RCG?ref=ticketmaster,B40 1NT,52.453266,-1.717158
27/07/2026,Gladiators Experience,13:00:00,NEC,Miscellaneous,Birmingham,LvZ18Qobv_dY728ZvQ7eO,https://www.universe.com/events/gladiators-experience-tickets-NX6RCG?ref=ticketmaster,B40 1NT,52.453266,-1.717158
27/07/2026,Gladiators Experience,10:00:00,NEC,Miscellaneous,Birmingham,LvZ18Qobv_dY728ZvQ7eQ,https://www.universe.com/events/gladiators-experience-tickets-NX6RCG?ref=ticketmaster,B40 1NT,52.453266,-1.717158
27/07/2026,Gladiators Experience,09:00:00,NEC,Miscellaneous,Birmingham,LvZ18Qobv_dY728ZvQ7e_,https://www.universe.com/events/gladiators-experience-tickets-NX6RCG?ref=ticketmaster,B40 1NT,52.453266,-1.717158
27/07/2026,Gladiators Experience,10:30:00,NEC,Miscellaneous,Birmingham,LvZ18Qobv_dY728ZvQ7eh,https://www.universe.com/events/gladiators-experience-tickets-NX6RCG?ref=ticketmaster,B40 1NT,52.453266,-1.717158
27/07/2026,Gladiators Experience,11:00:00,NEC,Miscellaneous,Birmingham,LvZ18Qobv_dY728ZvQ7ej,https://www.universe.com/events/gladiators-experience-tickets-NX6RCG?ref=ticketmaster,B40 1NT,52.453266,-1.717158
27/07/2026,Gladiators Experience,11:30:00,NEC,Miscellaneous,Birmingham,LvZ18Qobv_dY728ZvQ7eq,https://www.universe.com/events/gladiators-experience-tickets-NX6RCG?ref=ticketmaster,B40 1NT,52.453266,-1.717158
27/07/2026,Gladiators Experience,12:00:00,NEC,Miscellaneous,Birmingham,LvZ18Qobv_dY728ZvQ7er,https://www.universe.com/events/gladiators-experience-tickets-NX6RCG?ref=ticketmaster,B40 1NT,52.453266,-1.717158
27/07/2026,Gladiators Experience,14:00:00,NEC,Miscellaneous,Birmingham,LvZ18Qobv_dY728ZvQ7ex,https://www.universe.com/events/gladiators-experience-tickets-NX6RCG?ref=ticketmaster,B40 1NT,52.453266,-1.717158
28/07/2026,Gladiators Experience,15:30:00,NEC,Miscellaneous,Birmingham,LvZ18Q3pcVrYOYOZv3uC5,https://www.universe.com/events/gladiators-experience-tickets-NX6RCG?ref=ticketmaster,B40 1NT,52.453266,-1.717158
28/07/2026,Gladiators Experience,12:00:00,NEC,Miscellaneous,Birmingham,LvZ18Qobv_dY728ZvQ7eR,https://www.universe.com/events/gladiators-experience-tickets-NX6RCG?ref=ticketmaster,B40 1NT,52.453266,-1.717158
28/07/2026,Gladiators Experience,14:00:00,NEC,Miscellaneous,Birmingham,LvZ18Qobv_dY728ZvQ7eS,https://www.universe.com/events/gladiators-experience-tickets-NX6RCG?ref=ticketmaster,B40 1NT,52.453266,-1.717158
28/07/2026,Gladiators Experience,14:30:00,NEC,Miscellaneous,Birmingham,LvZ18Qobv_dY728ZvQ7eV,https://www.universe.com/events/gladiators-experience-tickets-NX6RCG?ref=ticketmaster,B40 1NT,52.453266,-1.717158
28/07/2026,Gladiators Experience,12:30:00,NEC,Miscellaneous,Birmingham,LvZ18Qobv_dY728ZvQ7eY,https://www.universe.com/events/gladiators-experience-tickets-NX6RCG?ref=ticketmaster,B40 1NT,52.453266,-1.717158
28/07/2026,Gladiators Experience,11:00:00,NEC,Miscellaneous,Birmingham,LvZ18Qobv_dY728ZvQ7ec,https://www.universe.com/events/gladiators-experience-tickets-NX6RCG?ref=ticketmaster,B40 1NT,52.453266,-1.717158
28/07/2026,Gladiators Experience,15:00:00,NEC,Miscellaneous,Birmingham,LvZ18Qobv_dY728ZvQ7eg,https://www.universe.com/events/gladiators-experience-tickets-NX6RCG?ref=ticketmaster,B40 1NT,52.453266,-1.717158
28/07/2026,Gladiators Experience,10:30:00,NEC,Miscellaneous,Birmingham,LvZ18Qobv_dY728ZvQ7ei,https://www.universe.com/events/gladiators-experience-tickets-NX6RCG?ref=ticketmaster,B40 1NT,52.453266,-1.717158
28/07/2026,Gladiators Experience,10:00:00,NEC,Miscellaneous,Birmingham,LvZ18Qobv_dY728ZvQ7el,https://www.universe.com/events/gladiators-experience-tickets-NX6RCG?ref=ticketmaster,B40 1NT,52.453266,-1.717158
28/07/2026,Gladiators Experience,11:30:00,NEC,Miscellaneous,Birmingham,LvZ18Qobv_dY728ZvQ7em,https://www.universe.com/events/gladiators-experience-tickets-NX6RCG?ref=ticketmaster,B40 1NT,52.453266,-1.717158
28/07/2026,Gladiators Experience,09:00:00,NEC,Miscellaneous,Birmingham,LvZ18Qobv_dY728ZvQ7en,https://www.universe.com/events/gladiators-experience-tickets-NX6RCG?ref=ticketmaster,B40 1NT,52.453266,-1.717158
28/07/2026,Gladiators Experience,13:00:00,NEC,Miscellaneous,Birmingham,LvZ18Qobv_dY728ZvQ7es,https://www.universe.com/events/gladiators-experience-tickets-NX6RCG?ref=ticketmaster,B40 1NT,52.453266,-1.717158
28/07/2026,Gladiators Experience,13:30:00,NEC,Miscellaneous,Birmingham,LvZ18Qobv_dY728ZvQ7ew,https://www.universe.com/events/gladiators-experience-tickets-NX6RCG?ref=ticketmaster,B40 1NT,52.453266,-1.717158
29/07/2026,Gladiators Experience,15:30:00,NEC,Miscellaneous,Birmingham,LvZ18Q3pcVrYOYOZv3uCG,https://www.universe.com/events/gladiators-experience-tickets-NX6RCG?ref=ticketmaster,B40 1NT,52.453266,-1.717158
29/07/2026,Gladiators Experience,14:00:00,NEC,Miscellaneous,Birmingham,LvZ18Qobv_dY728ZvQ7d7,https://www.universe.com/events/gladiators-experience-tickets-NX6RCG?ref=ticketmaster,B40 1NT,52.453266,-1.717158
29/07/2026,Gladiators Experience,14:30:00,NEC,Miscellaneous,Birmingham,LvZ18Qobv_dY728ZvQ7dA,https://www.universe.com/events/gladiators-experience-tickets-NX6RCG?ref=ticketmaster,B40 1NT,52.453266,-1.717158
29/07/2026,Gladiators Experience,12:00:00,NEC,Miscellaneous,Birmingham,LvZ18Qobv_dY728ZvQ7dZ,https://www.universe.com/events/gladiators-experience-tickets-NX6RCG?ref=ticketmaster,B40 1NT,52.453266,-1.717158
29/07/2026,Gladiators Experience,13:30:00,NEC,Miscellaneous,Birmingham,LvZ18Qobv_dY728ZvQ7dd,https://www.universe.com/events/gladiators-experience-tickets-NX6RCG?ref=ticketmaster,B40 1NT,52.453266,-1.717158
29/07/2026,Gladiators Experience,13:00:00,NEC,Miscellaneous,Birmingham,LvZ18Qobv_dY728ZvQ7de,https://www.universe.com/events/gladiators-experience-tickets-NX6RCG?ref=ticketmaster,B40 1NT,52.453266,-1.717158
29/07/2026,Gladiators Experience,15:00:00,NEC,Miscellaneous,Birmingham,LvZ18Qobv_dY728ZvQ7dk,https://www.universe.com/events/gladiators-experience-tickets-NX6RCG?ref=ticketmaster,B40 1NT,52.453266,-1.717158
29/07/2026,Gladiators Experience,12:30:00,NEC,Miscellaneous,Birmingham,LvZ18Qobv_dY728ZvQ7dv,https://www.universe.com/events/gladiators-experience-tickets-NX6RCG?ref=ticketmaster,B40 1NT,52.453266,-1.717158
29/07/2026,Gladiators Experience,09:00:00,NEC,Miscellaneous,Birmingham,LvZ18Qobv_dY728ZvQ7eD,https://www.universe.com/events/gladiators-experience-tickets-NX6RCG?ref=ticketmaster,B40 1NT,52.453266,-1.717158
29/07/2026,Gladiators Experience,10:00:00,NEC,Miscellaneous,Birmingham,LvZ18Qobv_dY728ZvQ7eH,https://www.universe.com/events/gladiators-experience-tickets-NX6RCG?ref=ticketmaster,B40 1NT,52.453266,-1.717158
29/07/2026,Gladiators Experience,11:30:00,NEC,Miscellaneous,Birmingham,LvZ18Qobv_dY728ZvQ7eT,https://www.universe.com/events/gladiators-experience-tickets-NX6RCG?ref=ticketmaster,B40 1NT,52.453266,-1.717158
29/07/2026,Gladiators Experience,10:30:00,NEC,Miscellaneous,Birmingham,LvZ18Qobv_dY728ZvQ7eW,https://www.universe.com/events/gladiators-experience-tickets-NX6RCG?ref=ticketmaster,B40 1NT,52.453266,-1.717158
29/07/2026,Gladiators Experience,11:00:00,NEC,Miscellaneous,Birmingham,LvZ18Qobv_dY728ZvQ7eX,https://www.universe.com/events/gladiators-experience-tickets-NX6RCG?ref=ticketmaster,B40 1NT,52.453266,-1.717158
30/07/2026,Gladiators Experience,15:30:00,NEC,Miscellaneous,Birmingham,LvZ18Q3pcVrYOYOZv3uCu,https://www.universe.com/events/gladiators-experience-tickets-NX6RCG?ref=ticketmaster,B40 1NT,52.453266,-1.717158
30/07/2026,Gladiators Experience,11:00:00,NEC,Miscellaneous,Birmingham,LvZ18Qobv_dY728ZvQ7d2,https://www.universe.com/events/gladiators-experience-tickets-NX6RCG?ref=ticketmaster,B40 1NT,52.453266,-1.717158
30/07/2026,Gladiators Experience,12:30:00,NEC,Miscellaneous,Birmingham,LvZ18Qobv_dY728ZvQ7d3,https://www.universe.com/events/gladiators-experience-tickets-NX6RCG?ref=ticketmaster,B40 1NT,52.453266,-1.717158
30/07/2026,Gladiators Experience,14:00:00,NEC,Miscellaneous,Birmingham,LvZ18Qobv_dY728ZvQ7d4,https://www.universe.com/events/gladiators-experience-tickets-NX6RCG?ref=ticketmaster,B40 1NT,52.453266,-1.717158
30/07/2026,Gladiators Experience,11:30:00,NEC,Miscellaneous,Birmingham,LvZ18Qobv_dY728ZvQ7d8,https://www.universe.com/events/gladiators-experience-tickets-NX6RCG?ref=ticketmaster,B40 1NT,52.453266,-1.717158
30/07/2026,Gladiators Experience,15:00:00,NEC,Miscellaneous,Birmingham,LvZ18Qobv_dY728ZvQ7d9,https://www.universe.com/events/gladiators-experience-tickets-NX6RCG?ref=ticketmaster,B40 1NT,52.453266,-1.717158
30/07/2026,Gladiators Experience,10:30:00,NEC,Miscellaneous,Birmingham,LvZ18Qobv_dY728ZvQ7dC,https://www.universe.com/events/gladiators-experience-tickets-NX6RCG?ref=ticketmaster,B40 1NT,52.453266,-1.717158
30/07/2026,Gladiators Experience,09:00:00,NEC,Miscellaneous,Birmingham,LvZ18Qobv_dY728ZvQ7dG,https://www.universe.com/events/gladiators-experience-tickets-NX6RCG?ref=ticketmaster,B40 1NT,52.453266,-1.717158
30/07/2026,Gladiators Experience,13:00:00,NEC,Miscellaneous,Birmingham,LvZ18Qobv_dY728ZvQ7dK,https://www.universe.com/events/gladiators-experience-tickets-NX6RCG?ref=ticketmaster,B40 1NT,52.453266,-1.717158
30/07/2026,Gladiators Experience,13:30:00,NEC,Miscellaneous,Birmingham,LvZ18Qobv_dY728ZvQ7df,https://www.universe.com/events/gladiators-experience-tickets-NX6RCG?ref=ticketmaster,B40 1NT,52.453266,-1.717158
30/07/2026,Gladiators Experience,12:00:00,NEC,Miscellaneous,Birmingham,LvZ18Qobv_dY728ZvQ7do,https://www.universe.com/events/gladiators-experience-tickets-NX6RCG?ref=ticketmaster,B40 1NT,52.453266,-1.717158
30/07/2026,Gladiators Experience,14:30:00,NEC,Miscellaneous,Birmingham,LvZ18Qobv_dY728ZvQ7dp,https://www.universe.com/events/gladiators-experience-tickets-NX6RCG?ref=ticketmaster,B40 1NT,52.453266,-1.717158
30/07/2026,Gladiators Experience,10:00:00,NEC,Miscellaneous,Birmingham,LvZ18Qobv_dY728ZvQ7du,https://www.universe.com/events/gladiators-experience-tickets-NX6RCG?ref=ticketmaster,B40 1NT,52.453266,-1.717158
31/07/2026,Gladiators Experience,10:30:00,NEC,Miscellaneous,Birmingham,LvZ18Qo9WPCnjSZZvTs_0,https://www.universe.com/events/gladiators-experience-tickets-NX6RCG?ref=ticketmaster,B40 1NT,52.453266,-1.717158
31/07/2026,Gladiators Experience,12:00:00,NEC,Miscellaneous,Birmingham,LvZ18Qo9WPCnjSZZvTs_E,https://www.universe.com/events/gladiators-experience-tickets-NX6RCG?ref=ticketmaster,B40 1NT,52.453266,-1.717158
31/07/2026,Gladiators Experience,12:30:00,NEC,Miscellaneous,Birmingham,LvZ18Qo9WPCnjSZZvTs_I,https://www.universe.com/events/gladiators-experience-tickets-NX6RCG?ref=ticketmaster,B40 1NT,52.453266,-1.717158
31/07/2026,Gladiators Experience,11:30:00,NEC,Miscellaneous,Birmingham,LvZ18Qo9WPCnjSZZvTs_J,https://www.universe.com/events/gladiators-experience-tickets-NX6RCG?ref=ticketmaster,B40 1NT,52.453266,-1.717158
31/07/2026,Gladiators Experience,10:00:00,NEC,Miscellaneous,Birmingham,LvZ18Qo9WPCnjSZZvTs_N,https://www.universe.com/events/gladiators-experience-tickets-NX6RCG?ref=ticketmaster,B40 1NT,52.453266,-1.717158
31/07/2026,Gladiators Experience,11:00:00,NEC,Miscellaneous,Birmingham,LvZ18Qo9WPCnjSZZvTs_P,https://www.universe.com/events/gladiators-experience-tickets-NX6RCG?ref=ticketmaster,B40 1NT,52.453266,-1.717158
31/07/2026,Gladiators Experience,15:00:00,NEC,Miscellaneous,Birmingham,LvZ18Qo9WPCnjSZZvTs_c,https://www.universe.com/events/gladiators-experience-tickets-NX6RCG?ref=ticketmaster,B40 1NT,52.453266,-1.717158
31/07/2026,Gladiators Experience,14:30:00,NEC,Miscellaneous,Birmingham,LvZ18Qo9WPCnjSZZvTs_i,https://www.universe.com/events/gladiators-experience-tickets-NX6RCG?ref=ticketmaster,B40 1NT,52.453266,-1.717158
31/07/2026,Gladiators Experience,14:00:00,NEC,Miscellaneous,Birmingham,LvZ18Qo9WPCnjSZZvTs_l,https://www.universe.com/events/gladiators-experience-tickets-NX6RCG?ref=ticketmaster,B40 1NT,52.453266,-1.717158
31/07/2026,Gladiators Experience,15:30:00,NEC,Miscellaneous,Birmingham,LvZ18Qo9WPCnjSZZvTs_m,https://www.universe.com/events/gladiators-experience-tickets-NX6RCG?ref=ticketmaster,B40 1NT,52.453266,-1.717158
31/07/2026,Gladiators Experience,13:30:00,NEC,Miscellaneous,Birmingham,LvZ18Qo9WPCnjSZZvTs_n,https://www.universe.com/events/gladiators-experience-tickets-NX6RCG?ref=ticketmaster,B40 1NT,52.453266,-1.717158
31/07/2026,Gladiators Experience,13:00:00,NEC,Miscellaneous,Birmingham,LvZ18Qo9WPCnjSZZvTs_t,https://www.universe.com/events/gladiators-experience-tickets-NX6RCG?ref=ticketmaster,B40 1NT,52.453266,-1.717158
31/07/2026,Gladiators Experience,09:00:00,NEC,Miscellaneous,Birmingham,LvZ18Qo9WPCnjSZZvTs_x,https://www.universe.com/events/gladiators-experience-tickets-NX6RCG?ref=ticketmaster,B40 1NT,52.453266,-1.717158
01/08/2026,Gladiators Experience,17:30:00,NEC,Miscellaneous,Birmingham,LvZ18Qo9WPCnjSZZvTsQ7,https://www.universe.com/events/gladiators-experience-tickets-NX6RCG?ref=ticketmaster,B40 1NT,52.453266,-1.717158
01/08/2026,Gladiators Experience,18:00:00,NEC,Miscellaneous,Birmingham,LvZ18Qo9WPCnjSZZvTsQA,https://www.universe.com/events/gladiators-experience-tickets-NX6RCG?ref=ticketmaster,B40 1NT,52.453266,-1.717158
01/08/2026,Gladiators Experience,15:30:00,NEC,Miscellaneous,Birmingham,LvZ18Qo9WPCnjSZZvTsQZ,https://www.universe.com/events/gladiators-experience-tickets-NX6RCG?ref=ticketmaster,B40 1NT,52.453266,-1.717158
01/08/2026,Gladiators Experience,17:00:00,NEC,Miscellaneous,Birmingham,LvZ18Qo9WPCnjSZZvTsQd,https://www.universe.com/events/gladiators-experience-tickets-NX6RCG?ref=ticketmaster,B40 1NT,52.453266,-1.717158
01/08/2026,Gladiators Experience,16:30:00,NEC,Miscellaneous,Birmingham,LvZ18Qo9WPCnjSZZvTsQe,https://www.universe.com/events/gladiators-experience-tickets-NX6RCG?ref=ticketmaster,B40 1NT,52.453266,-1.717158
01/08/2026,Gladiators Experience,16:00:00,NEC,Miscellaneous,Birmingham,LvZ18Qo9WPCnjSZZvTsQv,https://www.universe.com/events/gladiators-experience-tickets-NX6RCG?ref=ticketmaster,B40 1NT,52.453266,-1.717158
01/08/2026,Gladiators Experience,12:30:00,NEC,Miscellaneous,Birmingham,LvZ18Qo9WPCnjSZZvTs_B,https://www.universe.com/events/gladiators-experience-tickets-NX6RCG?ref=ticketmaster,B40 1NT,52.453266,-1.717158
01/08/2026,Gladiators Experience,13:00:00,NEC,Miscellaneous,Birmingham,LvZ18Qo9WPCnjSZZvTs_D,https://www.universe.com/events/gladiators-experience-tickets-NX6RCG?ref=ticketmaster,B40 1NT,52.453266,-1.717158
01/08/2026,Gladiators Experience,13:30:00,NEC,Miscellaneous,Birmingham,LvZ18Qo9WPCnjSZZvTs_H,https://www.universe.com/events/gladiators-experience-tickets-NX6RCG?ref=ticketmaster,B40 1NT,52.453266,-1.717158
01/08/2026,Gladiators Experience,11:00:00,NEC,Miscellaneous,Birmingham,LvZ18Qo9WPCnjSZZvTs_M,https://www.universe.com/events/gladiators-experience-tickets-NX6RCG?ref=ticketmaster,B40 1NT,52.453266,-1.717158
01/08/2026,Gladiators Experience,15:00:00,NEC,Miscellaneous,Birmingham,LvZ18Qo9WPCnjSZZvTs_T,https://www.universe.com/events/gladiators-experience-tickets-NX6RCG?ref=ticketmaster,B40 1NT,52.453266,-1.717158
01/08/2026,Gladiators Experience,10:30:00,NEC,Miscellaneous,Birmingham,LvZ18Qo9WPCnjSZZvTs_U,https://www.universe.com/events/gladiators-experience-tickets-NX6RCG?ref=ticketmaster,B40 1NT,52.453266,-1.717158
01/08/2026,Gladiators Experience,09:00:00,NEC,Miscellaneous,Birmingham,LvZ18Qo9WPCnjSZZvTs_V,https://www.universe.com/events/gladiators-experience-tickets-NX6RCG?ref=ticketmaster,B40 1NT,52.453266,-1.717158
01/08/2026,Gladiators Experience,14:00:00,NEC,Miscellaneous,Birmingham,LvZ18Qo9WPCnjSZZvTs_W,https://www.universe.com/events/gladiators-experience-tickets-NX6RCG?ref=ticketmaster,B40 1NT,52.453266,-1.717158
01/08/2026,Gladiators Experience,14:30:00,NEC,Miscellaneous,Birmingham,LvZ18Qo9WPCnjSZZvTs_X,https://www.universe.com/events/gladiators-experience-tickets-NX6RCG?ref=ticketmaster,B40 1NT,52.453266,-1.717158
01/08/2026,Gladiators Experience,10:00:00,NEC,Miscellaneous,Birmingham,LvZ18Qo9WPCnjSZZvTs_g,https://www.universe.com/events/gladiators-experience-tickets-NX6RCG?ref=ticketmaster,B40 1NT,52.453266,-1.717158
01/08/2026,Gladiators Experience,12:00:00,NEC,Miscellaneous,Birmingham,LvZ18Qo9WPCnjSZZvTs_y,https://www.universe.com/events/gladiators-experience-tickets-NX6RCG?ref=ticketmaster,B40 1NT,52.453266,-1.717158
01/08/2026,Gladiators Experience,11:30:00,NEC,Miscellaneous,Birmingham,LvZ18Qo9WPCnjSZZvTs_z,https://www.universe.com/events/gladiators-experience-tickets-NX6RCG?ref=ticketmaster,B40 1NT,52.453266,-1.717158
02/08/2026,Gladiators Experience,11:30:00,NEC,Miscellaneous,Birmingham,LvZ18Qo9WPCnjSZZvTsQ1,https://www.universe.com/events/gladiators-experience-tickets-NX6RCG?ref=ticketmaster,B40 1NT,52.453266,-1.717158
02/08/2026,Gladiators Experience,14:00:00,NEC,Miscellaneous,Birmingham,LvZ18Qo9WPCnjSZZvTsQ2,https://www.universe.com/events/gladiators-experience-tickets-NX6RCG?ref=ticketmaster,B40 1NT,52.453266,-1.717158
02/08/2026,Gladiators Experience,15:30:00,NEC,Miscellaneous,Birmingham,LvZ18Qo9WPCnjSZZvTsQ3,https://www.universe.com/events/gladiators-experience-tickets-NX6RCG?ref=ticketmaster,B40 1NT,52.453266,-1.717158
02/08/2026,Gladiators Experience,12:00:00,NEC,Miscellaneous,Birmingham,LvZ18Qo9WPCnjSZZvTsQ5,https://www.universe.com/events/gladiators-experience-tickets-NX6RCG?ref=ticketmaster,B40 1NT,52.453266,-1.717158
02/08/2026,Gladiators Experience,10:00:00,NEC,Miscellaneous,Birmingham,LvZ18Qo9WPCnjSZZvTsQ6,https://www.universe.com/events/gladiators-experience-tickets-NX6RCG?ref=ticketmaster,B40 1NT,52.453266,-1.717158
02/08/2026,Gladiators Experience,14:30:00,NEC,Miscellaneous,Birmingham,LvZ18Qo9WPCnjSZZvTsQ8,https://www.universe.com/events/gladiators-experience-tickets-NX6RCG?ref=ticketmaster,B40 1NT,52.453266,-1.717158
02/08/2026,Gladiators Experience,13:30:00,NEC,Miscellaneous,Birmingham,LvZ18Qo9WPCnjSZZvTsQC,https://www.universe.com/events/gladiators-experience-tickets-NX6RCG?ref=ticketmaster,B40 1NT,52.453266,-1.717158
02/08/2026,Gladiators Experience,10:30:00,NEC,Miscellaneous,Birmingham,LvZ18Qo9WPCnjSZZvTsQF,https://www.universe.com/events/gladiators-experience-tickets-NX6RCG?ref=ticketmaster,B40 1NT,52.453266,-1.717158
02/08/2026,Gladiators Experience,12:30:00,NEC,Miscellaneous,Birmingham,LvZ18Qo9WPCnjSZZvTsQG,https://www.universe.com/events/gladiators-experience-tickets-NX6RCG?ref=ticketmaster,B40 1NT,52.453266,-1.717158
02/08/2026,Gladiators Experience,11:00:00,NEC,Miscellaneous,Birmingham,LvZ18Qo9WPCnjSZZvTsQa,https://www.universe.com/events/gladiators-experience-tickets-NX6RCG?ref=ticketmaster,B40 1NT,52.453266,-1.717158
02/08/2026,Gladiators Experience,09:00:00,NEC,Miscellaneous,Birmingham,LvZ18Qo9WPCnjSZZvTsQk,https://www.universe.com/events/gladiators-experience-tickets-NX6RCG?ref=ticketmaster,B40 1NT,52.453266,-1.717158
02/08/2026,Gladiators Experience,15:00:00,NEC,Miscellaneous,Birmingham,LvZ18Qo9WPCnjSZZvTsQo,https://www.universe.com/events/gladiators-experience-tickets-NX6RCG?ref=ticketmaster,B40 1NT,52.453266,-1.717158
02/08/2026,Gladiators Experience,13:00:00,NEC,Miscellaneous,Birmingham,LvZ18Qo9WPCnjSZZvTsQu,https://www.universe.com/events/gladiators-experience-tickets-NX6RCG?ref=ticketmaster,B40 1NT,52.453266,-1.717158
03/08/2026,Gladiators Experience,15:30:00,NEC,Miscellaneous,Birmingham,LvZ18Q3pcVrYOYOZv3uCC,https://www.universe.com/events/gladiators-experience-tickets-NX6RCG?ref=ticketmaster,B40 1NT,52.453266,-1.717158
03/08/2026,Gladiators Experience,11:30:00,NEC,Miscellaneous,Birmingham,LvZ18Qobv_dY728ZvQ7d-,https://www.universe.com/events/gladiators-experience-tickets-NX6RCG?ref=ticketmaster,B40 1NT,52.453266,-1.717158
03/08/2026,Gladiators Experience,13:00:00,NEC,Miscellaneous,Birmingham,LvZ18Qobv_dY728ZvQ7d0,https://www.universe.com/events/gladiators-experience-tickets-NX6RCG?ref=ticketmaster,B40 1NT,52.453266,-1.717158
03/08/2026,Gladiators Experience,14:30:00,NEC,Miscellaneous,Birmingham,LvZ18Qobv_dY728ZvQ7dE,https://www.universe.com/events/gladiators-experience-tickets-NX6RCG?ref=ticketmaster,B40 1NT,52.453266,-1.717158
03/08/2026,Gladiators Experience,15:00:00,NEC,Miscellaneous,Birmingham,LvZ18Qobv_dY728ZvQ7dI,https://www.universe.com/events/gladiators-experience-tickets-NX6RCG?ref=ticketmaster,B40 1NT,52.453266,-1.717158
03/08/2026,Gladiators Experience,14:00:00,NEC,Miscellaneous,Birmingham,LvZ18Qobv_dY728ZvQ7dJ,https://www.universe.com/events/gladiators-experience-tickets-NX6RCG?ref=ticketmaster,B40 1NT,52.453266,-1.717158
03/08/2026,Gladiators Experience,10:30:00,NEC,Miscellaneous,Birmingham,LvZ18Qobv_dY728ZvQ7dL,https://www.universe.com/events/gladiators-experience-tickets-NX6RCG?ref=ticketmaster,B40 1NT,52.453266,-1.717158
03/08/2026,Gladiators Experience,12:30:00,NEC,Miscellaneous,Birmingham,LvZ18Qobv_dY728ZvQ7dN,https://www.universe.com/events/gladiators-experience-tickets-NX6RCG?ref=ticketmaster,B40 1NT,52.453266,-1.717158
03/08/2026,Gladiators Experience,11:00:00,NEC,Miscellaneous,Birmingham,LvZ18Qobv_dY728ZvQ7dO,https://www.universe.com/events/gladiators-experience-tickets-NX6RCG?ref=ticketmaster,B40 1NT,52.453266,-1.717158
03/08/2026,Gladiators Experience,13:30:00,NEC,Miscellaneous,Birmingham,LvZ18Qobv_dY728ZvQ7dP,https://www.universe.com/events/gladiators-experience-tickets-NX6RCG?ref=ticketmaster,B40 1NT,52.453266,-1.717158
03/08/2026,Gladiators Experience,09:00:00,NEC,Miscellaneous,Birmingham,LvZ18Qobv_dY728ZvQ7dq,https://www.universe.com/events/gladiators-experience-tickets-NX6RCG?ref=ticketmaster,B40 1NT,52.453266,-1.717158
03/08/2026,Gladiators Experience,10:00:00,NEC,Miscellaneous,Birmingham,LvZ18Qobv_dY728ZvQ7dr,https://www.universe.com/events/gladiators-experience-tickets-NX6RCG?ref=ticketmaster,B40 1NT,52.453266,-1.717158
03/08/2026,Gladiators Experience,12:00:00,NEC,Miscellaneous,Birmingham,LvZ18Qobv_dY728ZvQ7dx,https://www.universe.com/events/gladiators-experience-tickets-NX6RCG?ref=ticketmaster,B40 1NT,52.453266,-1.717158
04/08/2026,Gladiators Experience,15:30:00,NEC,Miscellaneous,Birmingham,LvZ18Q3pcVrYOYOZv3uC2,https://www.universe.com/events/gladiators-experience-tickets-NX6RCG?ref=ticketmaster,B40 1NT,52.453266,-1.717158
04/08/2026,Gladiators Experience,14:00:00,NEC,Miscellaneous,Birmingham,LvZ18Qobv_dY728ZvQ7dM,https://www.universe.com/events/gladiators-experience-tickets-NX6RCG?ref=ticketmaster,B40 1NT,52.453266,-1.717158
04/08/2026,Gladiators Experience,10:00:00,NEC,Miscellaneous,Birmingham,LvZ18Qobv_dY728ZvQ7dR,https://www.universe.com/events/gladiators-experience-tickets-NX6RCG?ref=ticketmaster,B40 1NT,52.453266,-1.717158
04/08/2026,Gladiators Experience,12:00:00,NEC,Miscellaneous,Birmingham,LvZ18Qobv_dY728ZvQ7dS,https://www.universe.com/events/gladiators-experience-tickets-NX6RCG?ref=ticketmaster,B40 1NT,52.453266,-1.717158
04/08/2026,Gladiators Experience,13:30:00,NEC,Miscellaneous,Birmingham,LvZ18Qobv_dY728ZvQ7dU,https://www.universe.com/events/gladiators-experience-tickets-NX6RCG?ref=ticketmaster,B40 1NT,52.453266,-1.717158
04/08/2026,Gladiators Experience,12:30:00,NEC,Miscellaneous,Birmingham,LvZ18Qobv_dY728ZvQ7dV,https://www.universe.com/events/gladiators-experience-tickets-NX6RCG?ref=ticketmaster,B40 1NT,52.453266,-1.717158
04/08/2026,Gladiators Experience,10:30:00,NEC,Miscellaneous,Birmingham,LvZ18Qobv_dY728ZvQ7dY,https://www.universe.com/events/gladiators-experience-tickets-NX6RCG?ref=ticketmaster,B40 1NT,52.453266,-1.717158
04/08/2026,Gladiators Experience,13:00:00,NEC,Miscellaneous,Birmingham,LvZ18Qobv_dY728ZvQ7dg,https://www.universe.com/events/gladiators-experience-tickets-NX6RCG?ref=ticketmaster,B40 1NT,52.453266,-1.717158
04/08/2026,Gladiators Experience,09:00:00,NEC,Miscellaneous,Birmingham,LvZ18Qobv_dY728ZvQ7dm,https://www.universe.com/events/gladiators-experience-tickets-NX6RCG?ref=ticketmaster,B40 1NT,52.453266,-1.717158
04/08/2026,Gladiators Experience,11:00:00,NEC,Miscellaneous,Birmingham,LvZ18Qobv_dY728ZvQ7ds,https://www.universe.com/events/gladiators-experience-tickets-NX6RCG?ref=ticketmaster,B40 1NT,52.453266,-1.717158
04/08/2026,Gladiators Experience,11:30:00,NEC,Miscellaneous,Birmingham,LvZ18Qobv_dY728ZvQ7dw,https://www.universe.com/events/gladiators-experience-tickets-NX6RCG?ref=ticketmaster,B40 1NT,52.453266,-1.717158
04/08/2026,Gladiators Experience,15:00:00,NEC,Miscellaneous,Birmingham,LvZ18Qobv_dY728ZvQ7dy,https://www.universe.com/events/gladiators-experience-tickets-NX6RCG?ref=ticketmaster,B40 1NT,52.453266,-1.717158
04/08/2026,Gladiators Experience,14:30:00,NEC,Miscellaneous,Birmingham,LvZ18Qobv_dY728ZvQ7dz,https://www.universe.com/events/gladiators-experience-tickets-NX6RCG?ref=ticketmaster,B40 1NT,52.453266,-1.717158
05/08/2026,Gladiators Experience,15:30:00,NEC,Miscellaneous,Birmingham,LvZ18Q3pcVrYOYOZv3uC8,https://www.universe.com/events/gladiators-experience-tickets-NX6RCG?ref=ticketmaster,B40 1NT,52.453266,-1.717158
05/08/2026,Gladiators Experience,15:00:00,NEC,Miscellaneous,Birmingham,LvZ18Qobv_dY728ZvQ771,https://www.universe.com/events/gladiators-experience-tickets-NX6RCG?ref=ticketmaster,B40 1NT,52.453266,-1.717158
05/08/2026,Gladiators Experience,13:30:00,NEC,Miscellaneous,Birmingham,LvZ18Qobv_dY728ZvQ776,https://www.universe.com/events/gladiators-experience-tickets-NX6RCG?ref=ticketmaster,B40 1NT,52.453266,-1.717158
05/08/2026,Gladiators Experience,12:00:00,NEC,Miscellaneous,Birmingham,LvZ18Qobv_dY728ZvQ777,https://www.universe.com/events/gladiators-experience-tickets-NX6RCG?ref=ticketmaster,B40 1NT,52.453266,-1.717158
05/08/2026,Gladiators Experience,12:30:00,NEC,Miscellaneous,Birmingham,LvZ18Qobv_dY728ZvQ77A,https://www.universe.com/events/gladiators-experience-tickets-NX6RCG?ref=ticketmaster,B40 1NT,52.453266,-1.717158
05/08/2026,Gladiators Experience,14:00:00,NEC,Miscellaneous,Birmingham,LvZ18Qobv_dY728ZvQ77F,https://www.universe.com/events/gladiators-experience-tickets-NX6RCG?ref=ticketmaster,B40 1NT,52.453266,-1.717158
05/08/2026,Gladiators Experience,10:00:00,NEC,Miscellaneous,Birmingham,LvZ18Qobv_dY728ZvQ77Z,https://www.universe.com/events/gladiators-experience-tickets-NX6RCG?ref=ticketmaster,B40 1NT,52.453266,-1.717158
05/08/2026,Gladiators Experience,14:30:00,NEC,Miscellaneous,Birmingham,LvZ18Qobv_dY728ZvQ77a,https://www.universe.com/events/gladiators-experience-tickets-NX6RCG?ref=ticketmaster,B40 1NT,52.453266,-1.717158
05/08/2026,Gladiators Experience,11:30:00,NEC,Miscellaneous,Birmingham,LvZ18Qobv_dY728ZvQ77d,https://www.universe.com/events/gladiators-experience-tickets-NX6RCG?ref=ticketmaster,B40 1NT,52.453266,-1.717158
05/08/2026,Gladiators Experience,11:00:00,NEC,Miscellaneous,Birmingham,LvZ18Qobv_dY728ZvQ77e,https://www.universe.com/events/gladiators-experience-tickets-NX6RCG?ref=ticketmaster,B40 1NT,52.453266,-1.717158
05/08/2026,Gladiators Experience,13:00:00,NEC,Miscellaneous,Birmingham,LvZ18Qobv_dY728ZvQ77k,https://www.universe.com/events/gladiators-experience-tickets-NX6RCG?ref=ticketmaster,B40 1NT,52.453266,-1.717158
05/08/2026,Gladiators Experience,10:30:00,NEC,Miscellaneous,Birmingham,LvZ18Qobv_dY728ZvQ77v,https://www.universe.com/events/gladiators-experience-tickets-NX6RCG?ref=ticketmaster,B40 1NT,52.453266,-1.717158
05/08/2026,Gladiators Experience,09:00:00,NEC,Miscellaneous,Birmingham,LvZ18Qobv_dY728ZvQ7dT,https://www.universe.com/events/gladiators-experience-tickets-NX6RCG?ref=ticketmaster,B40 1NT,52.453266,-1.717158
06/08/2026,Gladiators Experience,15:30:00,NEC,Miscellaneous,Birmingham,LvZ18Q3pcVrYOYOZv3uCo,https://www.universe.com/events/gladiators-experience-tickets-NX6RCG?ref=ticketmaster,B40 1NT,52.453266,-1.717158
06/08/2026,Gladiators Experience,10:30:00,NEC,Miscellaneous,Birmingham,LvZ18Qobv_dY728ZvQ773,https://www.universe.com/events/gladiators-experience-tickets-NX6RCG?ref=ticketmaster,B40 1NT,52.453266,-1.717158
06/08/2026,Gladiators Experience,12:00:00,NEC,Miscellaneous,Birmingham,LvZ18Qobv_dY728ZvQ774,https://www.universe.com/events/gladiators-experience-tickets-NX6RCG?ref=ticketmaster,B40 1NT,52.453266,-1.717158
06/08/2026,Gladiators Experience,09:00:00,NEC,Miscellaneous,Birmingham,LvZ18Qobv_dY728ZvQ778,https://www.universe.com/events/gladiators-experience-tickets-NX6RCG?ref=ticketmaster,B40 1NT,52.453266,-1.717158
06/08/2026,Gladiators Experience,13:00:00,NEC,Miscellaneous,Birmingham,LvZ18Qobv_dY728ZvQ779,https://www.universe.com/events/gladiators-experience-tickets-NX6RCG?ref=ticketmaster,B40 1NT,52.453266,-1.717158
06/08/2026,Gladiators Experience,11:00:00,NEC,Miscellaneous,Birmingham,LvZ18Qobv_dY728ZvQ77K,https://www.universe.com/events/gladiators-experience-tickets-NX6RCG?ref=ticketmaster,B40 1NT,52.453266,-1.717158
06/08/2026,Gladiators Experience,14:30:00,NEC,Miscellaneous,Birmingham,LvZ18Qobv_dY728ZvQ77Q,https://www.universe.com/events/gladiators-experience-tickets-NX6RCG?ref=ticketmaster,B40 1NT,52.453266,-1.717158
06/08/2026,Gladiators Experience,14:00:00,NEC,Miscellaneous,Birmingham,LvZ18Qobv_dY728ZvQ77_,https://www.universe.com/events/gladiators-experience-tickets-NX6RCG?ref=ticketmaster,B40 1NT,52.453266,-1.717158
06/08/2026,Gladiators Experience,13:30:00,NEC,Miscellaneous,Birmingham,LvZ18Qobv_dY728ZvQ77b,https://www.universe.com/events/gladiators-experience-tickets-NX6RCG?ref=ticketmaster,B40 1NT,52.453266,-1.717158
06/08/2026,Gladiators Experience,11:30:00,NEC,Miscellaneous,Birmingham,LvZ18Qobv_dY728ZvQ77f,https://www.universe.com/events/gladiators-experience-tickets-NX6RCG?ref=ticketmaster,B40 1NT,52.453266,-1.717158
06/08/2026,Gladiators Experience,15:00:00,NEC,Miscellaneous,Birmingham,LvZ18Qobv_dY728ZvQ77h,https://www.universe.com/events/gladiators-experience-tickets-NX6RCG?ref=ticketmaster,B40 1NT,52.453266,-1.717158
06/08/2026,Gladiators Experience,10:00:00,NEC,Miscellaneous,Birmingham,LvZ18Qobv_dY728ZvQ77o,https://www.universe.com/events/gladiators-experience-tickets-NX6RCG?ref=ticketmaster,B40 1NT,52.453266,-1.717158
06/08/2026,Gladiators Experience,12:30:00,NEC,Miscellaneous,Birmingham,LvZ18Qobv_dY728ZvQ77p,https://www.universe.com/events/gladiators-experience-tickets-NX6RCG?ref=ticketmaster,B40 1NT,52.453266,-1.717158
07/08/2026,Gladiators Experience,14:00:00,NEC,Miscellaneous,Birmingham,LvZ18Qo9WPCnjSZZvTsQ-,https://www.universe.com/events/gladiators-experience-tickets-NX6RCG?ref=ticketmaster,B40 1NT,52.453266,-1.717158
07/08/2026,Gladiators Experience,15:30:00,NEC,Miscellaneous,Birmingham,LvZ18Qo9WPCnjSZZvTsQ0,https://www.universe.com/events/gladiators-experience-tickets-NX6RCG?ref=ticketmaster,B40 1NT,52.453266,-1.717158
07/08/2026,Gladiators Experience,13:00:00,NEC,Miscellaneous,Birmingham,LvZ18Qo9WPCnjSZZvTsQL,https://www.universe.com/events/gladiators-experience-tickets-NX6RCG?ref=ticketmaster,B40 1NT,52.453266,-1.717158
07/08/2026,Gladiators Experience,15:00:00,NEC,Miscellaneous,Birmingham,LvZ18Qo9WPCnjSZZvTsQN,https://www.universe.com/events/gladiators-experience-tickets-NX6RCG?ref=ticketmaster,B40 1NT,52.453266,-1.717158
07/08/2026,Gladiators Experience,13:30:00,NEC,Miscellaneous,Birmingham,LvZ18Qo9WPCnjSZZvTsQO,https://www.universe.com/events/gladiators-experience-tickets-NX6RCG?ref=ticketmaster,B40 1NT,52.453266,-1.717158
07/08/2026,Gladiators Experience,10:30:00,NEC,Miscellaneous,Birmingham,LvZ18Qo9WPCnjSZZvTsQQ,https://www.universe.com/events/gladiators-experience-tickets-NX6RCG?ref=ticketmaster,B40 1NT,52.453266,-1.717158
07/08/2026,Gladiators Experience,10:00:00,NEC,Miscellaneous,Birmingham,LvZ18Qo9WPCnjSZZvTsQ_,https://www.universe.com/events/gladiators-experience-tickets-NX6RCG?ref=ticketmaster,B40 1NT,52.453266,-1.717158
07/08/2026,Gladiators Experience,09:00:00,NEC,Miscellaneous,Birmingham,LvZ18Qo9WPCnjSZZvTsQb,https://www.universe.com/events/gladiators-experience-tickets-NX6RCG?ref=ticketmaster,B40 1NT,52.453266,-1.717158
07/08/2026,Gladiators Experience,11:00:00,NEC,Miscellaneous,Birmingham,LvZ18Qo9WPCnjSZZvTsQh,https://www.universe.com/events/gladiators-experience-tickets-NX6RCG?ref=ticketmaster,B40 1NT,52.453266,-1.717158
07/08/2026,Gladiators Experience,11:30:00,NEC,Miscellaneous,Birmingham,LvZ18Qo9WPCnjSZZvTsQj,https://www.universe.com/events/gladiators-experience-tickets-NX6RCG?ref=ticketmaster,B40 1NT,52.453266,-1.717158
07/08/2026,Gladiators Experience,12:00:00,NEC,Miscellaneous,Birmingham,LvZ18Qo9WPCnjSZZvTsQq,https://www.universe.com/events/gladiators-experience-tickets-NX6RCG?ref=ticketmaster,B40 1NT,52.453266,-1.717158
07/08/2026,Gladiators Experience,12:30:00,NEC,Miscellaneous,Birmingham,LvZ18Qo9WPCnjSZZvTsQr,https://www.universe.com/events/gladiators-experience-tickets-NX6RCG?ref=ticketmaster,B40 1NT,52.453266,-1.717158
07/08/2026,Gladiators Experience,14:30:00,NEC,Miscellaneous,Birmingham,LvZ18Qo9WPCnjSZZvTsQx,https://www.universe.com/events/gladiators-experience-tickets-NX6RCG?ref=ticketmaster,B40 1NT,52.453266,-1.717158
08/08/2026,Gladiators Experience,17:30:00,NEC,Miscellaneous,Birmingham,LvZ18Qo9WPCnjSZZvTsQB,https://www.universe.com/events/gladiators-experience-tickets-NX6RCG?ref=ticketmaster,B40 1NT,52.453266,-1.717158
08/08/2026,Gladiators Experience,18:00:00,NEC,Miscellaneous,Birmingham,LvZ18Qo9WPCnjSZZvTsQD,https://www.universe.com/events/gladiators-experience-tickets-NX6RCG?ref=ticketmaster,B40 1NT,52.453266,-1.717158
08/08/2026,Gladiators Experience,16:00:00,NEC,Miscellaneous,Birmingham,LvZ18Qo9WPCnjSZZvTsQM,https://www.universe.com/events/gladiators-experience-tickets-NX6RCG?ref=ticketmaster,B40 1NT,52.453266,-1.717158
08/08/2026,Gladiators Experience,12:00:00,NEC,Miscellaneous,Birmingham,LvZ18Qo9WPCnjSZZvTsQR,https://www.universe.com/events/gladiators-experience-tickets-NX6RCG?ref=ticketmaster,B40 1NT,52.453266,-1.717158
08/08/2026,Gladiators Experience,14:00:00,NEC,Miscellaneous,Birmingham,LvZ18Qo9WPCnjSZZvTsQS,https://www.universe.com/events/gladiators-experience-tickets-NX6RCG?ref=ticketmaster,B40 1NT,52.453266,-1.717158
08/08/2026,Gladiators Experience,15:30:00,NEC,Miscellaneous,Birmingham,LvZ18Qo9WPCnjSZZvTsQU,https://www.universe.com/events/gladiators-experience-tickets-NX6RCG?ref=ticketmaster,B40 1NT,52.453266,-1.717158
08/08/2026,Gladiators Experience,14:30:00,NEC,Miscellaneous,Birmingham,LvZ18Qo9WPCnjSZZvTsQV,https://www.universe.com/events/gladiators-experience-tickets-NX6RCG?ref=ticketmaster,B40 1NT,52.453266,-1.717158
08/08/2026,Gladiators Experience,12:30:00,NEC,Miscellaneous,Birmingham,LvZ18Qo9WPCnjSZZvTsQY,https://www.universe.com/events/gladiators-experience-tickets-NX6RCG?ref=ticketmaster,B40 1NT,52.453266,-1.717158
08/08/2026,Gladiators Experience,11:00:00,NEC,Miscellaneous,Birmingham,LvZ18Qo9WPCnjSZZvTsQc,https://www.universe.com/events/gladiators-experience-tickets-NX6RCG?ref=ticketmaster,B40 1NT,52.453266,-1.717158
08/08/2026,Gladiators Experience,15:00:00,NEC,Miscellaneous,Birmingham,LvZ18Qo9WPCnjSZZvTsQg,https://www.universe.com/events/gladiators-experience-tickets-NX6RCG?ref=ticketmaster,B40 1NT,52.453266,-1.717158
08/08/2026,Gladiators Experience,10:30:00,NEC,Miscellaneous,Birmingham,LvZ18Qo9WPCnjSZZvTsQi,https://www.universe.com/events/gladiators-experience-tickets-NX6RCG?ref=ticketmaster,B40 1NT,52.453266,-1.717158
08/08/2026,Gladiators Experience,10:00:00,NEC,Miscellaneous,Birmingham,LvZ18Qo9WPCnjSZZvTsQl,https://www.universe.com/events/gladiators-experience-tickets-NX6RCG?ref=ticketmaster,B40 1NT,52.453266,-1.717158
08/08/2026,Gladiators Experience,11:30:00,NEC,Miscellaneous,Birmingham,LvZ18Qo9WPCnjSZZvTsQm,https://www.universe.com/events/gladiators-experience-tickets-NX6RCG?ref=ticketmaster,B40 1NT,52.453266,-1.717158
08/08/2026,Gladiators Experience,09:00:00,NEC,Miscellaneous,Birmingham,LvZ18Qo9WPCnjSZZvTsQn,https://www.universe.com/events/gladiators-experience-tickets-NX6RCG?ref=ticketmaster,B40 1NT,52.453266,-1.717158
08/08/2026,Gladiators Experience,13:00:00,NEC,Miscellaneous,Birmingham,LvZ18Qo9WPCnjSZZvTsQs,https://www.universe.com/events/gladiators-experience-tickets-NX6RCG?ref=ticketmaster,B40 1NT,52.453266,-1.717158
08/08/2026,Gladiators Experience,13:30:00,NEC,Miscellaneous,Birmingham,LvZ18Qo9WPCnjSZZvTsQw,https://www.universe.com/events/gladiators-experience-tickets-NX6RCG?ref=ticketmaster,B40 1NT,52.453266,-1.717158
08/08/2026,Gladiators Experience,17:00:00,NEC,Miscellaneous,Birmingham,LvZ18Qo9WPCnjSZZvTsQy,https://www.universe.com/events/gladiators-experience-tickets-NX6RCG?ref=ticketmaster,B40 1NT,52.453266,-1.717158
08/08/2026,Gladiators Experience,16:30:00,NEC,Miscellaneous,Birmingham,LvZ18Qo9WPCnjSZZvTsQz,https://www.universe.com/events/gladiators-experience-tickets-NX6RCG?ref=ticketmaster,B40 1NT,52.453266,-1.717158
09/08/2026,Gladiators Experience,09:00:00,NEC,Miscellaneous,Birmingham,LvZ18Qo9WPCnjSZZvTsQH,https://www.universe.com/events/gladiators-experience-tickets-NX6RCG?ref=ticketmaster,B40 1NT,52.453266,-1.717158
09/08/2026,Gladiators Experience,11:00:00,NEC,Miscellaneous,Birmingham,LvZ18Qo9WPCnjSZZvTsQT,https://www.universe.com/events/gladiators-experience-tickets-NX6RCG?ref=ticketmaster,B40 1NT,52.453266,-1.717158
09/08/2026,Gladiators Experience,10:00:00,NEC,Miscellaneous,Birmingham,LvZ18Qo9WPCnjSZZvTsQW,https://www.universe.com/events/gladiators-experience-tickets-NX6RCG?ref=ticketmaster,B40 1NT,52.453266,-1.717158
09/08/2026,Gladiators Experience,10:30:00,NEC,Miscellaneous,Birmingham,LvZ18Qo9WPCnjSZZvTsQX,https://www.universe.com/events/gladiators-experience-tickets-NX6RCG?ref=ticketmaster,B40 1NT,52.453266,-1.717158
09/08/2026,Gladiators Experience,15:00:00,NEC,Miscellaneous,Birmingham,LvZ18Qo9WPCnjSZZvTsh6,https://www.universe.com/events/gladiators-experience-tickets-NX6RCG?ref=ticketmaster,B40 1NT,52.453266,-1.717158
09/08/2026,Gladiators Experience,13:30:00,NEC,Miscellaneous,Birmingham,LvZ18Qo9WPCnjSZZvTsh7,https://www.universe.com/events/gladiators-experience-tickets-NX6RCG?ref=ticketmaster,B40 1NT,52.453266,-1.717158
09/08/2026,Gladiators Experience,14:00:00,NEC,Miscellaneous,Birmingham,LvZ18Qo9WPCnjSZZvTshA,https://www.universe.com/events/gladiators-experience-tickets-NX6RCG?ref=ticketmaster,B40 1NT,52.453266,-1.717158
09/08/2026,Gladiators Experience,15:30:00,NEC,Miscellaneous,Birmingham,LvZ18Qo9WPCnjSZZvTshF,https://www.universe.com/events/gladiators-experience-tickets-NX6RCG?ref=ticketmaster,B40 1NT,52.453266,-1.717158
09/08/2026,Gladiators Experience,11:30:00,NEC,Miscellaneous,Birmingham,LvZ18Qo9WPCnjSZZvTshZ,https://www.universe.com/events/gladiators-experience-tickets-NX6RCG?ref=ticketmaster,B40 1NT,52.453266,-1.717158
09/08/2026,Gladiators Experience,13:00:00,NEC,Miscellaneous,Birmingham,LvZ18Qo9WPCnjSZZvTshd,https://www.universe.com/events/gladiators-experience-tickets-NX6RCG?ref=ticketmaster,B40 1NT,52.453266,-1.717158
09/08/2026,Gladiators Experience,12:30:00,NEC,Miscellaneous,Birmingham,LvZ18Qo9WPCnjSZZvTshe,https://www.universe.com/events/gladiators-experience-tickets-NX6RCG?ref=ticketmaster,B40 1NT,52.453266,-1.717158
09/08/2026,Gladiators Experience,14:30:00,NEC,Miscellaneous,Birmingham,LvZ18Qo9WPCnjSZZvTshk,https://www.universe.com/events/gladiators-experience-tickets-NX6RCG?ref=ticketmaster,B40 1NT,52.453266,-1.717158
09/08/2026,Gladiators Experience,12:00:00,NEC,Miscellaneous,Birmingham,LvZ18Qo9WPCnjSZZvTshv,https://www.universe.com/events/gladiators-experience-tickets-NX6RCG?ref=ticketmaster,B40 1NT,52.453266,-1.717158
22/07/2026,Eric Johnson,19:00:00,KK's Steel Mill,Music,Wolverhampton,LvZ18Q9a7Km6lDOZyXedg,https://www.universe.com/events/eric-johnson-tickets-FJ8PB1?ref=ticketmaster,WV2 4DU,52.5786863,-2.1309853
31/07/2026,INDIEPALOOZA FESTIVAL,18:00:00,KK's Steel Mill,Music,Wolverhampton,LvZ18Q9Sh76D_4ZZlgZmi,https://www.universe.com/events/indiepalooza-festival-tickets-1LV9W7?ref=ticketmaster,WV2 4DU,52.5786863,-2.1309853
31/07/2026,Tribute Festival - Killers v Fender v Monkeys v Oasis v Kasabian v Kaiser,18:00:00,KK's Steel Mill,Unknown,Wolverhampton,LvZ18Qbqp_K5_A8Z0YAXU,https://www.universe.com/events/tribute-festival-killers-v-fender-v-monkeys-v-oasis-v-kasabian-v-kaiser-tickets-5F9GXL?ref=ticketmaster,WV2 4DU,52.5786863,-2.1309853
19/07/2026,Jools Holland and His Rhythm & Blues Orchestra,19:30:00,Wolverhampton Grand Theatre,Music,Wolverhampton,1AdjZbUGkRZ54tr,https://www.ticketmaster.co.uk/jools-holland-and-his-rhythm-blues-wolverhampton-19-07-2026/event/3700636BC02D5A5E,WV1 1DE,52.586493,-2.124205
21/07/2026,Rumours of Fleetwood Mac,19:00:00,Wolverhampton Grand Theatre,Music,Wolverhampton,1AMZkGYGkdQXtgQ,https://www.ticketmaster.co.uk/rumours-of-fleetwood-mac-wolverhampton-21-07-2026/event/37006330DAFA9D5A,WV1 1DE,52.586493,-2.124205
23/07/2026,Bluey's Big Play,10:00:00,Wolverhampton Grand Theatre,Arts & Theatre,Wolverhampton,1AMZk1aGkeWYSDg,https://www.ticketmaster.co.uk/blueys-big-play-wolverhampton-23-07-2026/event/37006289BDC33EF5,WV1 1DE,52.586493,-2.124205
23/07/2026,Bluey's Big Play- Relaxed Performance,13:00:00,Wolverhampton Grand Theatre,Arts & Theatre,Wolverhampton,1AMZk1aGkeWsdDB,https://www.ticketmaster.co.uk/blueys-big-play-relaxed-performance-wolverhampton-23-07-2026/event/37006289BDC43EFA,WV1 1DE,52.586493,-2.124205
24/07/2026,Bluey's Big Play,10:00:00,Wolverhampton Grand Theatre,Arts & Theatre,Wolverhampton,1AMZk1aGkeWsNHd,https://www.ticketmaster.co.uk/blueys-big-play-wolverhampton-24-07-2026/event/37006289BDC63F03,WV1 1DE,52.586493,-2.124205
24/07/2026,Bluey's Big Play,13:00:00,Wolverhampton Grand Theatre,Arts & Theatre,Wolverhampton,1AMZk1aGkeWwdHk,https://www.ticketmaster.co.uk/blueys-big-play-wolverhampton-24-07-2026/event/37006289BDC83F06,WV1 1DE,52.586493,-2.124205
25/07/2026,Bluey's Big Play,16:00:00,Wolverhampton Grand Theatre,Arts & Theatre,Wolverhampton,1AMZk1aGkeWSKHo,https://www.ticketmaster.co.uk/blueys-big-play-wolverhampton-25-07-2026/event/37006289BDCD3F11,WV1 1DE,52.586493,-2.124205
25/07/2026,Bluey's Big Play,13:00:00,Wolverhampton Grand Theatre,Arts & Theatre,Wolverhampton,1AMZk1aGkeWSdH2,https://www.ticketmaster.co.uk/blueys-big-play-wolverhampton-25-07-2026/event/37006289BDCC3F0F,WV1 1DE,52.586493,-2.124205
25/07/2026,Bluey's Big Play,10:00:00,Wolverhampton Grand Theatre,Arts & Theatre,Wolverhampton,1AMZk1aGkeWwNHF,https://www.ticketmaster.co.uk/blueys-big-play-wolverhampton-25-07-2026/event/37006289BDCA3F08,WV1 1DE,52.586493,-2.124205
26/07/2026,Bluey's Big Play,10:00:00,Wolverhampton Grand Theatre,Arts & Theatre,Wolverhampton,1AMZk1aGkeWSSHr,https://www.ticketmaster.co.uk/blueys-big-play-wolverhampton-26-07-2026/event/37006289BDCF3F1E,WV1 1DE,52.586493,-2.124205
26/07/2026,Bluey's Big Play,13:00:00,Wolverhampton Grand Theatre,Arts & Theatre,Wolverhampton,1AMZk1aGkeWVKHx,https://www.ticketmaster.co.uk/blueys-big-play-wolverhampton-26-07-2026/event/37006289BDD13F22,WV1 1DE,52.586493,-2.124205
26/07/2026,Bluey's Big Play,16:00:00,Wolverhampton Grand Theatre,Arts & Theatre,Wolverhampton,1AMZk1aGkeWVSHE,https://www.ticketmaster.co.uk/blueys-big-play-wolverhampton-26-07-2026/event/37006289BDD33F27,WV1 1DE,52.586493,-2.124205
21/07/2026,An Evening with the Flaming Lips,18:30:00,University of Wolverhampton at The Civic Hall,Music,Wolverhampton,G5vHZ_7hHfBIN,https://www.ticketmaster.co.uk/an-evening-with-the-flaming-lips-wolverhampton-21-07-2026/event/1F006446FC53AA23,WV1 1RQ,52.586653,-2.130802
11/07/2026,Guns 2 Roses,20:00:00,Queens Hall,Music,Nuneaton,LvZ18Q9IZn-iVWOZlCsT_,https://www.universe.com/events/guns-2-roses-tickets-LZHB2X?ref=ticketmaster,CV11 5LA,52.522554,-1.473177
25/07/2026,Lizzie And The Banshees,20:00:00,Queens Hall,Music,Nuneaton,LvZ18Q9CFuHLj68Z0M2Tt,https://www.universe.com/events/lizzie-and-the-banshees-tickets-0BVQYL?ref=ticketmaster,CV11 5LA,52.522554,-1.473177
31/07/2026,MOSHtalgia,20:00:00,Queens Hall,Unknown,Nuneaton,LvZ18Qb3f-X-I_ZZwNSC0,https://www.universe.com/events/moshtalgia-tickets-8VTH1N?ref=ticketmaster,CV11 5LA,52.522554,-1.473177
11/07/2026,Warwick Castle - Daily Entry,10:00:00,Warwick Castle,Miscellaneous,Warwick,G5vHZ_7FhUbQE,https://attractions.ticketmaster.co.uk/book/1FL90-TICKETMASTER/#date=2026-07-11,CV34 4QU,52.280585,-1.585766
12/07/2026,Warwick Castle - Daily Entry,10:00:00,Warwick Castle,Miscellaneous,Warwick,G5vHZ_7FjdIh5,https://attractions.ticketmaster.co.uk/book/1FL90-TICKETMASTER/#date=2026-07-12,CV34 4QU,52.280585,-1.585766
13/07/2026,Warwick Castle - Daily Entry,10:00:00,Warwick Castle,Miscellaneous,Warwick,G5vHZ_7Fjobh-,https://attractions.ticketmaster.co.uk/book/1FL90-TICKETMASTER/#date=2026-07-13,CV34 4QU,52.280585,-1.585766
14/07/2026,Warwick Castle - Daily Entry,10:00:00,Warwick Castle,Miscellaneous,Warwick,G5vHZ_7FjrIj7,https://attractions.ticketmaster.co.uk/book/1FL90-TICKETMASTER/#date=2026-07-14,CV34 4QU,52.280585,-1.585766
15/07/2026,Warwick Castle - Daily Entry,10:00:00,Warwick Castle,Miscellaneous,Warwick,G5vHZ_7FjiFjJ,https://attractions.ticketmaster.co.uk/book/1FL90-TICKETMASTER/#date=2026-07-15,CV34 4QU,52.280585,-1.585766
16/07/2026,Warwick Castle - Daily Entry,10:00:00,Warwick Castle,Miscellaneous,Warwick,G5vHZ_7FjyIjy,https://attractions.ticketmaster.co.uk/book/1FL90-TICKETMASTER/#date=2026-07-16,CV34 4QU,52.280585,-1.585766
17/07/2026,Warwick Castle - Daily Entry,10:00:00,Warwick Castle,Miscellaneous,Warwick,G5vHZ_7Fq6Fqf,https://attractions.ticketmaster.co.uk/book/1FL90-TICKETMASTER/#date=2026-07-17,CV34 4QU,52.280585,-1.585766
18/07/2026,Warwick Castle - Daily Entry,10:00:00,Warwick Castle,Miscellaneous,Warwick,G5vHZ_7FqfIqt,https://attractions.ticketmaster.co.uk/book/1FL90-TICKETMASTER/#date=2026-07-18,CV34 4QU,52.280585,-1.585766
19/07/2026,Warwick Castle - Daily Entry,10:00:00,Warwick Castle,Miscellaneous,Warwick,G5vHZ_7FqxbqT,https://attractions.ticketmaster.co.uk/book/1FL90-TICKETMASTER/#date=2026-07-19,CV34 4QU,52.280585,-1.585766
20/07/2026,Warwick Castle - Daily Entry,10:00:00,Warwick Castle,Miscellaneous,Warwick,G5vHZ_7FqRIr_,https://attractions.ticketmaster.co.uk/book/1FL90-TICKETMASTER/#date=2026-07-20,CV34 4QU,52.280585,-1.585766
21/07/2026,Warwick Castle - Daily Entry,10:00:00,Warwick Castle,Miscellaneous,Warwick,G5vHZ_7FqWbrl,https://attractions.ticketmaster.co.uk/book/1FL90-TICKETMASTER/#date=2026-07-21,CV34 4QU,52.280585,-1.585766
22/07/2026,Warwick Castle - Daily Entry,10:00:00,Warwick Castle,Miscellaneous,Warwick,G5vHZ_7Fr1zL7,https://attractions.ticketmaster.co.uk/book/1FL90-TICKETMASTER/#date=2026-07-22,CV34 4QU,52.280585,-1.585766
23/07/2026,Warwick Castle - Daily Entry,10:00:00,Warwick Castle,Miscellaneous,Warwick,G5vHZ_7FrbIL8,https://attractions.ticketmaster.co.uk/book/1FL90-TICKETMASTER/#date=2026-07-23,CV34 4QU,52.280585,-1.585766
24/07/2026,Warwick Castle - Daily Entry,10:00:00,Warwick Castle,Miscellaneous,Warwick,G5vHZ_7FrJFLJ,https://attractions.ticketmaster.co.uk/book/1FL90-TICKETMASTER/#date=2026-07-24,CV34 4QU,52.280585,-1.585766
25/07/2026,Warwick Castle - Daily Entry,10:00:00,Warwick Castle,Miscellaneous,Warwick,G5vHZ_7FrSbOA,https://attractions.ticketmaster.co.uk/book/1FL90-TICKETMASTER/#date=2026-07-25,CV34 4QU,52.280585,-1.585766
26/07/2026,Warwick Castle - Daily Entry,10:00:00,Warwick Castle,Miscellaneous,Warwick,G5vHZ_7FLZzO4,https://attractions.ticketmaster.co.uk/book/1FL90-TICKETMASTER/#date=2026-07-26,CV34 4QU,52.280585,-1.585766
27/07/2026,Warwick Castle - Daily Entry,10:00:00,Warwick Castle,Miscellaneous,Warwick,G5vHZ_7FLCIOV,https://attractions.ticketmaster.co.uk/book/1FL90-TICKETMASTER/#date=2026-07-27,CV34 4QU,52.280585,-1.585766
28/07/2026,Warwick Castle - Daily Entry,10:00:00,Warwick Castle,Miscellaneous,Warwick,G5vHZ_7FLhz-v,https://attractions.ticketmaster.co.uk/book/1FL90-TICKETMASTER/#date=2026-07-28,CV34 4QU,52.280585,-1.585766
29/07/2026,Warwick Castle - Daily Entry,10:00:00,Warwick Castle,Miscellaneous,Warwick,G5vHZ_7FLtF-l,https://attractions.ticketmaster.co.uk/book/1FL90-TICKETMASTER/#date=2026-07-29,CV34 4QU,52.280585,-1.585766
30/07/2026,Warwick Castle - Daily Entry,10:00:00,Warwick Castle,Miscellaneous,Warwick,G5vHZ_7FLUIx7,https://attractions.ticketmaster.co.uk/book/1FL90-TICKETMASTER/#date=2026-07-30,CV34 4QU,52.280585,-1.585766
31/07/2026,Warwick Castle - Daily Entry,10:00:00,Warwick Castle,Miscellaneous,Warwick,G5vHZ_7FO7Ix5,https://attractions.ticketmaster.co.uk/book/1FL90-TICKETMASTER/#date=2026-07-31,CV34 4QU,52.280585,-1.585766
01/08/2026,Warwick Castle - Daily Entry,10:00:00,Warwick Castle,Miscellaneous,Warwick,G5vHZ_7FO3FxL,https://attractions.ticketmaster.co.uk/book/1FL90-TICKETMASTER/#date=2026-08-01,CV34 4QU,52.280585,-1.585766
02/08/2026,Warwick Castle - Daily Entry,10:00:00,Warwick Castle,Miscellaneous,Warwick,G5vHZ_7FOObxz,https://attractions.ticketmaster.co.uk/book/1FL90-TICKETMASTER/#date=2026-08-02,CV34 4QU,52.280585,-1.585766
03/08/2026,Warwick Castle - Daily Entry,10:00:00,Warwick Castle,Miscellaneous,Warwick,G5vHZ_7FOmFN2,https://attractions.ticketmaster.co.uk/book/1FL90-TICKETMASTER/#date=2026-08-03,CV34 4QU,52.280585,-1.585766
04/08/2026,Warwick Castle - Daily Entry,10:00:00,Warwick Castle,Miscellaneous,Warwick,G5vHZ_7FODzN-,https://attractions.ticketmaster.co.uk/book/1FL90-TICKETMASTER/#date=2026-08-04,CV34 4QU,52.280585,-1.585766
05/08/2026,Warwick Castle - Daily Entry,10:00:00,Warwick Castle,Miscellaneous,Warwick,G5vHZ_7F-abNB,https://attractions.ticketmaster.co.uk/book/1FL90-TICKETMASTER/#date=2026-08-05,CV34 4QU,52.280585,-1.585766
06/08/2026,Warwick Castle - Daily Entry,10:00:00,Warwick Castle,Miscellaneous,Warwick,G5vHZ_7F-9b02,https://attractions.ticketmaster.co.uk/book/1FL90-TICKETMASTER/#date=2026-08-06,CV34 4QU,52.280585,-1.585766
07/08/2026,Warwick Castle - Daily Entry,10:00:00,Warwick Castle,Miscellaneous,Warwick,G5vHZ_7F-PF0w,https://attractions.ticketmaster.co.uk/book/1FL90-TICKETMASTER/#date=2026-08-07,CV34 4QU,52.280585,-1.585766
08/08/2026,Warwick Castle - Daily Entry,10:00:00,Warwick Castle,Miscellaneous,Warwick,G5vHZ_7F-SzPk,https://attractions.ticketmaster.co.uk/book/1FL90-TICKETMASTER/#date=2026-08-08,CV34 4QU,52.280585,-1.585766
09/08/2026,Warwick Castle - Daily Entry,10:00:00,Warwick Castle,Miscellaneous,Warwick,G5vHZ_7FxvzPO,https://attractions.ticketmaster.co.uk/book/1FL90-TICKETMASTER/#date=2026-08-09,CV34 4QU,52.280585,-1.585766
19/08/2026,Hollywood Vampires,18:00:00,Utilita Arena Birmingham,Music,Birmingham,1ANZk8EGkdQXZy6,https://www.ticketmaster.co.uk/hollywood-vampires-birmingham-19-08-2026/event/23006427DAF80E47,B1 2AA,52.479932,-1.914924
22/08/2026,The Streets,19:00:00,O2 Academy Birmingham,Music,Birmingham,G5dzZbUDSohA6,https://www.ticketmaster.co.uk/the-streets-birmingham-22-08-2026/event/3E00636EF345B147,B1 1DB,52.473277,-1.900215
29/08/2026,Gareth Taylor and his Queenies (formally Bulsara and his Queenies),19:00:00,O2 Academy2 Birmingham,Music,Birmingham,G5dzZbsptLsqt,https://www.ticketmaster.co.uk/gareth-taylor-and-his-queenies-formally-birmingham-29-08-2026/event/3E006315A97F1769,B1 1DB,52.47406,-1.89955
30/08/2026,Michael Ball: Glow UK Tour 2026,19:00:00,Symphony Hall,Music,Birmingham,G5vHZbM013lpY,https://www.ticketmaster.co.uk/michael-ball-glow-uk-tour-2026-birmingham-30-08-2026/event/1F0063790A4AB5B0,B1 2EA,52.478877,-1.910803
01/09/2026,David Essex,18:30:00,Symphony Hall,Music,Birmingham,G5vHZbghSH_RG,https://www.ticketmaster.co.uk/david-essex-birmingham-01-09-2026/event/1F006356F3F19BCC,B1 2EA,52.478877,-1.910803
05/09/2026,The Strongman Open 2026,17:00:00,Utilita Arena Birmingham,Sports,Birmingham,1ANZkGNGkela8XS,https://www.ticketmaster.co.uk/the-strongman-open-2026-birmingham-05-09-2026/event/23006323AB250FB3,B1 2AA,52.479932,-1.914924
08/09/2026,Thompson Twins' Tom Bailey,19:30:00,Town Hall Birmingham,Music,Birmingham,G5vHZby14ax5y,https://www.ticketmaster.co.uk/thompson-twins-tom-bailey-birmingham-08-09-2026/event/1F006392952622F9,B3 3DQ,52.479447,-1.903587
10/08/2026,Gladiators Experience,15:30:00,NEC,Miscellaneous,Birmingham,LvZ18Q3pcVrYOYOZv3uC3,https://www.universe.com/events/gladiators-experience-tickets-NX6RCG?ref=ticketmaster,B40 1NT,52.453266,-1.717158
10/08/2026,Gladiators Experience,09:00:00,NEC,Miscellaneous,Birmingham,LvZ18Qobv_dY728ZvQ77-,https://www.universe.com/events/gladiators-experience-tickets-NX6RCG?ref=ticketmaster,B40 1NT,52.453266,-1.717158
10/08/2026,Gladiators Experience,11:00:00,NEC,Miscellaneous,Birmingham,LvZ18Qobv_dY728ZvQ770,https://www.universe.com/events/gladiators-experience-tickets-NX6RCG?ref=ticketmaster,B40 1NT,52.453266,-1.717158
10/08/2026,Gladiators Experience,12:30:00,NEC,Miscellaneous,Birmingham,LvZ18Qobv_dY728ZvQ77E,https://www.universe.com/events/gladiators-experience-tickets-NX6RCG?ref=ticketmaster,B40 1NT,52.453266,-1.717158
10/08/2026,Gladiators Experience,13:00:00,NEC,Miscellaneous,Birmingham,LvZ18Qobv_dY728ZvQ77I,https://www.universe.com/events/gladiators-experience-tickets-NX6RCG?ref=ticketmaster,B40 1NT,52.453266,-1.717158
10/08/2026,Gladiators Experience,12:00:00,NEC,Miscellaneous,Birmingham,LvZ18Qobv_dY728ZvQ77J,https://www.universe.com/events/gladiators-experience-tickets-NX6RCG?ref=ticketmaster,B40 1NT,52.453266,-1.717158
10/08/2026,Gladiators Experience,10:30:00,NEC,Miscellaneous,Birmingham,LvZ18Qobv_dY728ZvQ77N,https://www.universe.com/events/gladiators-experience-tickets-NX6RCG?ref=ticketmaster,B40 1NT,52.453266,-1.717158
10/08/2026,Gladiators Experience,11:30:00,NEC,Miscellaneous,Birmingham,LvZ18Qobv_dY728ZvQ77P,https://www.universe.com/events/gladiators-experience-tickets-NX6RCG?ref=ticketmaster,B40 1NT,52.453266,-1.717158
10/08/2026,Gladiators Experience,15:00:00,NEC,Miscellaneous,Birmingham,LvZ18Qobv_dY728ZvQ77i,https://www.universe.com/events/gladiators-experience-tickets-NX6RCG?ref=ticketmaster,B40 1NT,52.453266,-1.717158
10/08/2026,Gladiators Experience,14:30:00,NEC,Miscellaneous,Birmingham,LvZ18Qobv_dY728ZvQ77l,https://www.universe.com/events/gladiators-experience-tickets-NX6RCG?ref=ticketmaster,B40 1NT,52.453266,-1.717158
10/08/2026,Gladiators Experience,14:00:00,NEC,Miscellaneous,Birmingham,LvZ18Qobv_dY728ZvQ77n,https://www.universe.com/events/gladiators-experience-tickets-NX6RCG?ref=ticketmaster,B40 1NT,52.453266,-1.717158
10/08/2026,Gladiators Experience,13:30:00,NEC,Miscellaneous,Birmingham,LvZ18Qobv_dY728ZvQ77t,https://www.universe.com/events/gladiators-experience-tickets-NX6RCG?ref=ticketmaster,B40 1NT,52.453266,-1.717158
10/08/2026,Gladiators Experience,10:00:00,NEC,Miscellaneous,Birmingham,LvZ18Qobv_dY728ZvQ77x,https://www.universe.com/events/gladiators-experience-tickets-NX6RCG?ref=ticketmaster,B40 1NT,52.453266,-1.717158
11/08/2026,Gladiators Experience,15:30:00,NEC,Miscellaneous,Birmingham,LvZ18Q3pcVrYOYOZv3uCK,https://www.universe.com/events/gladiators-experience-tickets-NX6RCG?ref=ticketmaster,B40 1NT,52.453266,-1.717158
11/08/2026,Gladiators Experience,13:30:00,NEC,Miscellaneous,Birmingham,LvZ18Qobv_dY728ZvQ77B,https://www.universe.com/events/gladiators-experience-tickets-NX6RCG?ref=ticketmaster,B40 1NT,52.453266,-1.717158
11/08/2026,Gladiators Experience,14:00:00,NEC,Miscellaneous,Birmingham,LvZ18Qobv_dY728ZvQ77D,https://www.universe.com/events/gladiators-experience-tickets-NX6RCG?ref=ticketmaster,B40 1NT,52.453266,-1.717158
11/08/2026,Gladiators Experience,14:30:00,NEC,Miscellaneous,Birmingham,LvZ18Qobv_dY728ZvQ77H,https://www.universe.com/events/gladiators-experience-tickets-NX6RCG?ref=ticketmaster,B40 1NT,52.453266,-1.717158
11/08/2026,Gladiators Experience,12:00:00,NEC,Miscellaneous,Birmingham,LvZ18Qobv_dY728ZvQ77M,https://www.universe.com/events/gladiators-experience-tickets-NX6RCG?ref=ticketmaster,B40 1NT,52.453266,-1.717158
11/08/2026,Gladiators Experience,10:00:00,NEC,Miscellaneous,Birmingham,LvZ18Qobv_dY728ZvQ77S,https://www.universe.com/events/gladiators-experience-tickets-NX6RCG?ref=ticketmaster,B40 1NT,52.453266,-1.717158
11/08/2026,Gladiators Experience,11:30:00,NEC,Miscellaneous,Birmingham,LvZ18Qobv_dY728ZvQ77U,https://www.universe.com/events/gladiators-experience-tickets-NX6RCG?ref=ticketmaster,B40 1NT,52.453266,-1.717158
11/08/2026,Gladiators Experience,10:30:00,NEC,Miscellaneous,Birmingham,LvZ18Qobv_dY728ZvQ77V,https://www.universe.com/events/gladiators-experience-tickets-NX6RCG?ref=ticketmaster,B40 1NT,52.453266,-1.717158
11/08/2026,Gladiators Experience,15:00:00,NEC,Miscellaneous,Birmingham,LvZ18Qobv_dY728ZvQ77W,https://www.universe.com/events/gladiators-experience-tickets-NX6RCG?ref=ticketmaster,B40 1NT,52.453266,-1.717158
11/08/2026,Gladiators Experience,11:00:00,NEC,Miscellaneous,Birmingham,LvZ18Qobv_dY728ZvQ77g,https://www.universe.com/events/gladiators-experience-tickets-NX6RCG?ref=ticketmaster,B40 1NT,52.453266,-1.717158
11/08/2026,Gladiators Experience,09:00:00,NEC,Miscellaneous,Birmingham,LvZ18Qobv_dY728ZvQ77w,https://www.universe.com/events/gladiators-experience-tickets-NX6RCG?ref=ticketmaster,B40 1NT,52.453266,-1.717158
11/08/2026,Gladiators Experience,13:00:00,NEC,Miscellaneous,Birmingham,LvZ18Qobv_dY728ZvQ77y,https://www.universe.com/events/gladiators-experience-tickets-NX6RCG?ref=ticketmaster,B40 1NT,52.453266,-1.717158
11/08/2026,Gladiators Experience,12:30:00,NEC,Miscellaneous,Birmingham,LvZ18Qobv_dY728ZvQ77z,https://www.universe.com/events/gladiators-experience-tickets-NX6RCG?ref=ticketmaster,B40 1NT,52.453266,-1.717158
12/08/2026,Gladiators Experience,15:30:00,NEC,Miscellaneous,Birmingham,LvZ18Q3pcVrYOYOZv3uCf,https://www.universe.com/events/gladiators-experience-tickets-NX6RCG?ref=ticketmaster,B40 1NT,52.453266,-1.717158
12/08/2026,Gladiators Experience,13:00:00,NEC,Miscellaneous,Birmingham,LvZ18Qobv_dY728ZvQ7A1,https://www.universe.com/events/gladiators-experience-tickets-NX6RCG?ref=ticketmaster,B40 1NT,52.453266,-1.717158
12/08/2026,Gladiators Experience,13:30:00,NEC,Miscellaneous,Birmingham,LvZ18Qobv_dY728ZvQ7A5,https://www.universe.com/events/gladiators-experience-tickets-NX6RCG?ref=ticketmaster,B40 1NT,52.453266,-1.717158
12/08/2026,Gladiators Experience,11:30:00,NEC,Miscellaneous,Birmingham,LvZ18Qobv_dY728ZvQ7A6,https://www.universe.com/events/gladiators-experience-tickets-NX6RCG?ref=ticketmaster,B40 1NT,52.453266,-1.717158
12/08/2026,Gladiators Experience,10:00:00,NEC,Miscellaneous,Birmingham,LvZ18Qobv_dY728ZvQ7A7,https://www.universe.com/events/gladiators-experience-tickets-NX6RCG?ref=ticketmaster,B40 1NT,52.453266,-1.717158
12/08/2026,Gladiators Experience,10:30:00,NEC,Miscellaneous,Birmingham,LvZ18Qobv_dY728ZvQ7AA,https://www.universe.com/events/gladiators-experience-tickets-NX6RCG?ref=ticketmaster,B40 1NT,52.453266,-1.717158
12/08/2026,Gladiators Experience,15:00:00,NEC,Miscellaneous,Birmingham,LvZ18Qobv_dY728ZvQ7AC,https://www.universe.com/events/gladiators-experience-tickets-NX6RCG?ref=ticketmaster,B40 1NT,52.453266,-1.717158
12/08/2026,Gladiators Experience,12:00:00,NEC,Miscellaneous,Birmingham,LvZ18Qobv_dY728ZvQ7AF,https://www.universe.com/events/gladiators-experience-tickets-NX6RCG?ref=ticketmaster,B40 1NT,52.453266,-1.717158
12/08/2026,Gladiators Experience,14:00:00,NEC,Miscellaneous,Birmingham,LvZ18Qobv_dY728ZvQ7AG,https://www.universe.com/events/gladiators-experience-tickets-NX6RCG?ref=ticketmaster,B40 1NT,52.453266,-1.717158
12/08/2026,Gladiators Experience,12:30:00,NEC,Miscellaneous,Birmingham,LvZ18Qobv_dY728ZvQ7Aa,https://www.universe.com/events/gladiators-experience-tickets-NX6RCG?ref=ticketmaster,B40 1NT,52.453266,-1.717158
12/08/2026,Gladiators Experience,09:00:00,NEC,Miscellaneous,Birmingham,LvZ18Qobv_dY728ZvQ7Ad,https://www.universe.com/events/gladiators-experience-tickets-NX6RCG?ref=ticketmaster,B40 1NT,52.453266,-1.717158
12/08/2026,Gladiators Experience,11:00:00,NEC,Miscellaneous,Birmingham,LvZ18Qobv_dY728ZvQ7Ak,https://www.universe.com/events/gladiators-experience-tickets-NX6RCG?ref=ticketmaster,B40 1NT,52.453266,-1.717158
12/08/2026,Gladiators Experience,14:30:00,NEC,Miscellaneous,Birmingham,LvZ18Qobv_dY728ZvQ7Au,https://www.universe.com/events/gladiators-experience-tickets-NX6RCG?ref=ticketmaster,B40 1NT,52.453266,-1.717158
13/08/2026,Gladiators Experience,15:30:00,NEC,Miscellaneous,Birmingham,LvZ18Q3pcVrYOYOZv3uC4,https://www.universe.com/events/gladiators-experience-tickets-NX6RCG?ref=ticketmaster,B40 1NT,52.453266,-1.717158
13/08/2026,Gladiators Experience,10:00:00,NEC,Miscellaneous,Birmingham,LvZ18Qobv_dY728ZvQ7A4,https://www.universe.com/events/gladiators-experience-tickets-NX6RCG?ref=ticketmaster,B40 1NT,52.453266,-1.717158
13/08/2026,Gladiators Experience,11:00:00,NEC,Miscellaneous,Birmingham,LvZ18Qobv_dY728ZvQ7A9,https://www.universe.com/events/gladiators-experience-tickets-NX6RCG?ref=ticketmaster,B40 1NT,52.453266,-1.717158
13/08/2026,Gladiators Experience,15:00:00,NEC,Miscellaneous,Birmingham,LvZ18Qobv_dY728ZvQ7AL,https://www.universe.com/events/gladiators-experience-tickets-NX6RCG?ref=ticketmaster,B40 1NT,52.453266,-1.717158
13/08/2026,Gladiators Experience,12:30:00,NEC,Miscellaneous,Birmingham,LvZ18Qobv_dY728ZvQ7AQ,https://www.universe.com/events/gladiators-experience-tickets-NX6RCG?ref=ticketmaster,B40 1NT,52.453266,-1.717158
13/08/2026,Gladiators Experience,12:00:00,NEC,Miscellaneous,Birmingham,LvZ18Qobv_dY728ZvQ7A_,https://www.universe.com/events/gladiators-experience-tickets-NX6RCG?ref=ticketmaster,B40 1NT,52.453266,-1.717158
13/08/2026,Gladiators Experience,11:30:00,NEC,Miscellaneous,Birmingham,LvZ18Qobv_dY728ZvQ7Ab,https://www.universe.com/events/gladiators-experience-tickets-NX6RCG?ref=ticketmaster,B40 1NT,52.453266,-1.717158
13/08/2026,Gladiators Experience,09:00:00,NEC,Miscellaneous,Birmingham,LvZ18Qobv_dY728ZvQ7Af,https://www.universe.com/events/gladiators-experience-tickets-NX6RCG?ref=ticketmaster,B40 1NT,52.453266,-1.717158
13/08/2026,Gladiators Experience,13:00:00,NEC,Miscellaneous,Birmingham,LvZ18Qobv_dY728ZvQ7Ah,https://www.universe.com/events/gladiators-experience-tickets-NX6RCG?ref=ticketmaster,B40 1NT,52.453266,-1.717158
13/08/2026,Gladiators Experience,13:30:00,NEC,Miscellaneous,Birmingham,LvZ18Qobv_dY728ZvQ7Aj,https://www.universe.com/events/gladiators-experience-tickets-NX6RCG?ref=ticketmaster,B40 1NT,52.453266,-1.717158
13/08/2026,Gladiators Experience,10:30:00,NEC,Miscellaneous,Birmingham,LvZ18Qobv_dY728ZvQ7Ap,https://www.universe.com/events/gladiators-experience-tickets-NX6RCG?ref=ticketmaster,B40 1NT,52.453266,-1.717158
13/08/2026,Gladiators Experience,14:00:00,NEC,Miscellaneous,Birmingham,LvZ18Qobv_dY728ZvQ7Aq,https://www.universe.com/events/gladiators-experience-tickets-NX6RCG?ref=ticketmaster,B40 1NT,52.453266,-1.717158
13/08/2026,Gladiators Experience,14:30:00,NEC,Miscellaneous,Birmingham,LvZ18Qobv_dY728ZvQ7Ar,https://www.universe.com/events/gladiators-experience-tickets-NX6RCG?ref=ticketmaster,B40 1NT,52.453266,-1.717158
14/08/2026,Gladiators Experience,10:00:00,NEC,Miscellaneous,Birmingham,LvZ18Qo9WPCnjSZZvTsh2,https://www.universe.com/events/gladiators-experience-tickets-NX6RCG?ref=ticketmaster,B40 1NT,52.453266,-1.717158
14/08/2026,Gladiators Experience,11:30:00,NEC,Miscellaneous,Birmingham,LvZ18Qo9WPCnjSZZvTsh3,https://www.universe.com/events/gladiators-experience-tickets-NX6RCG?ref=ticketmaster,B40 1NT,52.453266,-1.717158
14/08/2026,Gladiators Experience,13:00:00,NEC,Miscellaneous,Birmingham,LvZ18Qo9WPCnjSZZvTsh4,https://www.universe.com/events/gladiators-experience-tickets-NX6RCG?ref=ticketmaster,B40 1NT,52.453266,-1.717158
14/08/2026,Gladiators Experience,10:30:00,NEC,Miscellaneous,Birmingham,LvZ18Qo9WPCnjSZZvTsh8,https://www.universe.com/events/gladiators-experience-tickets-NX6RCG?ref=ticketmaster,B40 1NT,52.453266,-1.717158
14/08/2026,Gladiators Experience,14:00:00,NEC,Miscellaneous,Birmingham,LvZ18Qo9WPCnjSZZvTsh9,https://www.universe.com/events/gladiators-experience-tickets-NX6RCG?ref=ticketmaster,B40 1NT,52.453266,-1.717158
14/08/2026,Gladiators Experience,09:00:00,NEC,Miscellaneous,Birmingham,LvZ18Qo9WPCnjSZZvTshC,https://www.universe.com/events/gladiators-experience-tickets-NX6RCG?ref=ticketmaster,B40 1NT,52.453266,-1.717158
14/08/2026,Gladiators Experience,12:00:00,NEC,Miscellaneous,Birmingham,LvZ18Qo9WPCnjSZZvTshK,https://www.universe.com/events/gladiators-experience-tickets-NX6RCG?ref=ticketmaster,B40 1NT,52.453266,-1.717158
14/08/2026,Gladiators Experience,15:30:00,NEC,Miscellaneous,Birmingham,LvZ18Qo9WPCnjSZZvTshQ,https://www.universe.com/events/gladiators-experience-tickets-NX6RCG?ref=ticketmaster,B40 1NT,52.453266,-1.717158
14/08/2026,Gladiators Experience,15:00:00,NEC,Miscellaneous,Birmingham,LvZ18Qo9WPCnjSZZvTsh_,https://www.universe.com/events/gladiators-experience-tickets-NX6RCG?ref=ticketmaster,B40 1NT,52.453266,-1.717158
14/08/2026,Gladiators Experience,14:30:00,NEC,Miscellaneous,Birmingham,LvZ18Qo9WPCnjSZZvTshb,https://www.universe.com/events/gladiators-experience-tickets-NX6RCG?ref=ticketmaster,B40 1NT,52.453266,-1.717158
14/08/2026,Gladiators Experience,12:30:00,NEC,Miscellaneous,Birmingham,LvZ18Qo9WPCnjSZZvTshf,https://www.universe.com/events/gladiators-experience-tickets-NX6RCG?ref=ticketmaster,B40 1NT,52.453266,-1.717158
14/08/2026,Gladiators Experience,11:00:00,NEC,Miscellaneous,Birmingham,LvZ18Qo9WPCnjSZZvTsho,https://www.universe.com/events/gladiators-experience-tickets-NX6RCG?ref=ticketmaster,B40 1NT,52.453266,-1.717158
14/08/2026,Gladiators Experience,13:30:00,NEC,Miscellaneous,Birmingham,LvZ18Qo9WPCnjSZZvTshp,https://www.universe.com/events/gladiators-experience-tickets-NX6RCG?ref=ticketmaster,B40 1NT,52.453266,-1.717158
15/08/2026,Gladiators Experience,10:00:00,NEC,Miscellaneous,Birmingham,LvZ18Qo9WPCnjSZZvTsh-,https://www.universe.com/events/gladiators-experience-tickets-NX6RCG?ref=ticketmaster,B40 1NT,52.453266,-1.717158
15/08/2026,Gladiators Experience,11:30:00,NEC,Miscellaneous,Birmingham,LvZ18Qo9WPCnjSZZvTsh0,https://www.universe.com/events/gladiators-experience-tickets-NX6RCG?ref=ticketmaster,B40 1NT,52.453266,-1.717158
15/08/2026,Gladiators Experience,13:00:00,NEC,Miscellaneous,Birmingham,LvZ18Qo9WPCnjSZZvTshE,https://www.universe.com/events/gladiators-experience-tickets-NX6RCG?ref=ticketmaster,B40 1NT,52.453266,-1.717158
15/08/2026,Gladiators Experience,13:30:00,NEC,Miscellaneous,Birmingham,LvZ18Qo9WPCnjSZZvTshI,https://www.universe.com/events/gladiators-experience-tickets-NX6RCG?ref=ticketmaster,B40 1NT,52.453266,-1.717158
15/08/2026,Gladiators Experience,12:30:00,NEC,Miscellaneous,Birmingham,LvZ18Qo9WPCnjSZZvTshJ,https://www.universe.com/events/gladiators-experience-tickets-NX6RCG?ref=ticketmaster,B40 1NT,52.453266,-1.717158
15/08/2026,Gladiators Experience,11:00:00,NEC,Miscellaneous,Birmingham,LvZ18Qo9WPCnjSZZvTshN,https://www.universe.com/events/gladiators-experience-tickets-NX6RCG?ref=ticketmaster,B40 1NT,52.453266,-1.717158
15/08/2026,Gladiators Experience,09:00:00,NEC,Miscellaneous,Birmingham,LvZ18Qo9WPCnjSZZvTshO,https://www.universe.com/events/gladiators-experience-tickets-NX6RCG?ref=ticketmaster,B40 1NT,52.453266,-1.717158
15/08/2026,Gladiators Experience,12:00:00,NEC,Miscellaneous,Birmingham,LvZ18Qo9WPCnjSZZvTshP,https://www.universe.com/events/gladiators-experience-tickets-NX6RCG?ref=ticketmaster,B40 1NT,52.453266,-1.717158
15/08/2026,Gladiators Experience,17:00:00,NEC,Miscellaneous,Birmingham,LvZ18Qo9WPCnjSZZvTshR,https://www.universe.com/events/gladiators-experience-tickets-NX6RCG?ref=ticketmaster,B40 1NT,52.453266,-1.717158
15/08/2026,Gladiators Experience,17:30:00,NEC,Miscellaneous,Birmingham,LvZ18Qo9WPCnjSZZvTshY,https://www.universe.com/events/gladiators-experience-tickets-NX6RCG?ref=ticketmaster,B40 1NT,52.453266,-1.717158
15/08/2026,Gladiators Experience,16:00:00,NEC,Miscellaneous,Birmingham,LvZ18Qo9WPCnjSZZvTshc,https://www.universe.com/events/gladiators-experience-tickets-NX6RCG?ref=ticketmaster,B40 1NT,52.453266,-1.717158
15/08/2026,Gladiators Experience,15:30:00,NEC,Miscellaneous,Birmingham,LvZ18Qo9WPCnjSZZvTshi,https://www.universe.com/events/gladiators-experience-tickets-NX6RCG?ref=ticketmaster,B40 1NT,52.453266,-1.717158
15/08/2026,Gladiators Experience,15:00:00,NEC,Miscellaneous,Birmingham,LvZ18Qo9WPCnjSZZvTshl,https://www.universe.com/events/gladiators-experience-tickets-NX6RCG?ref=ticketmaster,B40 1NT,52.453266,-1.717158
15/08/2026,Gladiators Experience,16:30:00,NEC,Miscellaneous,Birmingham,LvZ18Qo9WPCnjSZZvTshm,https://www.universe.com/events/gladiators-experience-tickets-NX6RCG?ref=ticketmaster,B40 1NT,52.453266,-1.717158
15/08/2026,Gladiators Experience,14:30:00,NEC,Miscellaneous,Birmingham,LvZ18Qo9WPCnjSZZvTshn,https://www.universe.com/events/gladiators-experience-tickets-NX6RCG?ref=ticketmaster,B40 1NT,52.453266,-1.717158
15/08/2026,Gladiators Experience,18:00:00,NEC,Miscellaneous,Birmingham,LvZ18Qo9WPCnjSZZvTshs,https://www.universe.com/events/gladiators-experience-tickets-NX6RCG?ref=ticketmaster,B40 1NT,52.453266,-1.717158
15/08/2026,Gladiators Experience,14:00:00,NEC,Miscellaneous,Birmingham,LvZ18Qo9WPCnjSZZvTsht,https://www.universe.com/events/gladiators-experience-tickets-NX6RCG?ref=ticketmaster,B40 1NT,52.453266,-1.717158
15/08/2026,Gladiators Experience,10:30:00,NEC,Miscellaneous,Birmingham,LvZ18Qo9WPCnjSZZvTshx,https://www.universe.com/events/gladiators-experience-tickets-NX6RCG?ref=ticketmaster,B40 1NT,52.453266,-1.717158
16/08/2026,Gladiators Experience,13:30:00,NEC,Miscellaneous,Birmingham,LvZ18Qo9WPCnjSZZvTshB,https://www.universe.com/events/gladiators-experience-tickets-NX6RCG?ref=ticketmaster,B40 1NT,52.453266,-1.717158
16/08/2026,Gladiators Experience,14:00:00,NEC,Miscellaneous,Birmingham,LvZ18Qo9WPCnjSZZvTshD,https://www.universe.com/events/gladiators-experience-tickets-NX6RCG?ref=ticketmaster,B40 1NT,52.453266,-1.717158
16/08/2026,Gladiators Experience,14:30:00,NEC,Miscellaneous,Birmingham,LvZ18Qo9WPCnjSZZvTshH,https://www.universe.com/events/gladiators-experience-tickets-NX6RCG?ref=ticketmaster,B40 1NT,52.453266,-1.717158
16/08/2026,Gladiators Experience,12:00:00,NEC,Miscellaneous,Birmingham,LvZ18Qo9WPCnjSZZvTshM,https://www.universe.com/events/gladiators-experience-tickets-NX6RCG?ref=ticketmaster,B40 1NT,52.453266,-1.717158
16/08/2026,Gladiators Experience,10:00:00,NEC,Miscellaneous,Birmingham,LvZ18Qo9WPCnjSZZvTshS,https://www.universe.com/events/gladiators-experience-tickets-NX6RCG?ref=ticketmaster,B40 1NT,52.453266,-1.717158
16/08/2026,Gladiators Experience,11:30:00,NEC,Miscellaneous,Birmingham,LvZ18Qo9WPCnjSZZvTshU,https://www.universe.com/events/gladiators-experience-tickets-NX6RCG?ref=ticketmaster,B40 1NT,52.453266,-1.717158
16/08/2026,Gladiators Experience,10:30:00,NEC,Miscellaneous,Birmingham,LvZ18Qo9WPCnjSZZvTshV,https://www.universe.com/events/gladiators-experience-tickets-NX6RCG?ref=ticketmaster,B40 1NT,52.453266,-1.717158
16/08/2026,Gladiators Experience,15:00:00,NEC,Miscellaneous,Birmingham,LvZ18Qo9WPCnjSZZvTshW,https://www.universe.com/events/gladiators-experience-tickets-NX6RCG?ref=ticketmaster,B40 1NT,52.453266,-1.717158
16/08/2026,Gladiators Experience,15:30:00,NEC,Miscellaneous,Birmingham,LvZ18Qo9WPCnjSZZvTshX,https://www.universe.com/events/gladiators-experience-tickets-NX6RCG?ref=ticketmaster,B40 1NT,52.453266,-1.717158
16/08/2026,Gladiators Experience,11:00:00,NEC,Miscellaneous,Birmingham,LvZ18Qo9WPCnjSZZvTshg,https://www.universe.com/events/gladiators-experience-tickets-NX6RCG?ref=ticketmaster,B40 1NT,52.453266,-1.717158
16/08/2026,Gladiators Experience,09:00:00,NEC,Miscellaneous,Birmingham,LvZ18Qo9WPCnjSZZvTshw,https://www.universe.com/events/gladiators-experience-tickets-NX6RCG?ref=ticketmaster,B40 1NT,52.453266,-1.717158
16/08/2026,Gladiators Experience,13:00:00,NEC,Miscellaneous,Birmingham,LvZ18Qo9WPCnjSZZvTshy,https://www.universe.com/events/gladiators-experience-tickets-NX6RCG?ref=ticketmaster,B40 1NT,52.453266,-1.717158
16/08/2026,Gladiators Experience,12:30:00,NEC,Miscellaneous,Birmingham,LvZ18Qo9WPCnjSZZvTshz,https://www.universe.com/events/gladiators-experience-tickets-NX6RCG?ref=ticketmaster,B40 1NT,52.453266,-1.717158
17/08/2026,Gladiators Experience,15:30:00,NEC,Miscellaneous,Birmingham,LvZ18Q3pcVrYOYOZv3uCp,https://www.universe.com/events/gladiators-experience-tickets-NX6RCG?ref=ticketmaster,B40 1NT,52.453266,-1.717158
17/08/2026,Gladiators Experience,10:30:00,NEC,Miscellaneous,Birmingham,LvZ18Qobv_dY728ZvQ7AE,https://www.universe.com/events/gladiators-experience-tickets-NX6RCG?ref=ticketmaster,B40 1NT,52.453266,-1.717158
17/08/2026,Gladiators Experience,11:00:00,NEC,Miscellaneous,Birmingham,LvZ18Qobv_dY728ZvQ7AI,https://www.universe.com/events/gladiators-experience-tickets-NX6RCG?ref=ticketmaster,B40 1NT,52.453266,-1.717158
17/08/2026,Gladiators Experience,10:00:00,NEC,Miscellaneous,Birmingham,LvZ18Qobv_dY728ZvQ7AJ,https://www.universe.com/events/gladiators-experience-tickets-NX6RCG?ref=ticketmaster,B40 1NT,52.453266,-1.717158
17/08/2026,Gladiators Experience,09:00:00,NEC,Miscellaneous,Birmingham,LvZ18Qobv_dY728ZvQ7AP,https://www.universe.com/events/gladiators-experience-tickets-NX6RCG?ref=ticketmaster,B40 1NT,52.453266,-1.717158
17/08/2026,Gladiators Experience,14:30:00,NEC,Miscellaneous,Birmingham,LvZ18Qobv_dY728ZvQ7AR,https://www.universe.com/events/gladiators-experience-tickets-NX6RCG?ref=ticketmaster,B40 1NT,52.453266,-1.717158
17/08/2026,Gladiators Experience,15:00:00,NEC,Miscellaneous,Birmingham,LvZ18Qobv_dY728ZvQ7AY,https://www.universe.com/events/gladiators-experience-tickets-NX6RCG?ref=ticketmaster,B40 1NT,52.453266,-1.717158
17/08/2026,Gladiators Experience,13:30:00,NEC,Miscellaneous,Birmingham,LvZ18Qobv_dY728ZvQ7Ac,https://www.universe.com/events/gladiators-experience-tickets-NX6RCG?ref=ticketmaster,B40 1NT,52.453266,-1.717158
17/08/2026,Gladiators Experience,13:00:00,NEC,Miscellaneous,Birmingham,LvZ18Qobv_dY728ZvQ7Ai,https://www.universe.com/events/gladiators-experience-tickets-NX6RCG?ref=ticketmaster,B40 1NT,52.453266,-1.717158
17/08/2026,Gladiators Experience,12:30:00,NEC,Miscellaneous,Birmingham,LvZ18Qobv_dY728ZvQ7Al,https://www.universe.com/events/gladiators-experience-tickets-NX6RCG?ref=ticketmaster,B40 1NT,52.453266,-1.717158
17/08/2026,Gladiators Experience,14:00:00,NEC,Miscellaneous,Birmingham,LvZ18Qobv_dY728ZvQ7Am,https://www.universe.com/events/gladiators-experience-tickets-NX6RCG?ref=ticketmaster,B40 1NT,52.453266,-1.717158
17/08/2026,Gladiators Experience,12:00:00,NEC,Miscellaneous,Birmingham,LvZ18Qobv_dY728ZvQ7An,https://www.universe.com/events/gladiators-experience-tickets-NX6RCG?ref=ticketmaster,B40 1NT,52.453266,-1.717158
17/08/2026,Gladiators Experience,11:30:00,NEC,Miscellaneous,Birmingham,LvZ18Qobv_dY728ZvQ7At,https://www.universe.com/events/gladiators-experience-tickets-NX6RCG?ref=ticketmaster,B40 1NT,52.453266,-1.717158
18/08/2026,Gladiators Experience,15:30:00,NEC,Miscellaneous,Birmingham,LvZ18Q3pcVrYOYOZv3uC9,https://www.universe.com/events/gladiators-experience-tickets-NX6RCG?ref=ticketmaster,B40 1NT,52.453266,-1.717158
18/08/2026,Gladiators Experience,11:30:00,NEC,Miscellaneous,Birmingham,LvZ18Qobv_dY728ZvQ7AB,https://www.universe.com/events/gladiators-experience-tickets-NX6RCG?ref=ticketmaster,B40 1NT,52.453266,-1.717158
18/08/2026,Gladiators Experience,12:00:00,NEC,Miscellaneous,Birmingham,LvZ18Qobv_dY728ZvQ7AD,https://www.universe.com/events/gladiators-experience-tickets-NX6RCG?ref=ticketmaster,B40 1NT,52.453266,-1.717158
18/08/2026,Gladiators Experience,12:30:00,NEC,Miscellaneous,Birmingham,LvZ18Qobv_dY728ZvQ7AH,https://www.universe.com/events/gladiators-experience-tickets-NX6RCG?ref=ticketmaster,B40 1NT,52.453266,-1.717158
18/08/2026,Gladiators Experience,10:00:00,NEC,Miscellaneous,Birmingham,LvZ18Qobv_dY728ZvQ7AM,https://www.universe.com/events/gladiators-experience-tickets-NX6RCG?ref=ticketmaster,B40 1NT,52.453266,-1.717158
18/08/2026,Gladiators Experience,14:00:00,NEC,Miscellaneous,Birmingham,LvZ18Qobv_dY728ZvQ7AT,https://www.universe.com/events/gladiators-experience-tickets-NX6RCG?ref=ticketmaster,B40 1NT,52.453266,-1.717158
18/08/2026,Gladiators Experience,09:00:00,NEC,Miscellaneous,Birmingham,LvZ18Qobv_dY728ZvQ7AU,https://www.universe.com/events/gladiators-experience-tickets-NX6RCG?ref=ticketmaster,B40 1NT,52.453266,-1.717158
18/08/2026,Gladiators Experience,13:00:00,NEC,Miscellaneous,Birmingham,LvZ18Qobv_dY728ZvQ7AW,https://www.universe.com/events/gladiators-experience-tickets-NX6RCG?ref=ticketmaster,B40 1NT,52.453266,-1.717158
18/08/2026,Gladiators Experience,13:30:00,NEC,Miscellaneous,Birmingham,LvZ18Qobv_dY728ZvQ7AX,https://www.universe.com/events/gladiators-experience-tickets-NX6RCG?ref=ticketmaster,B40 1NT,52.453266,-1.717158
18/08/2026,Gladiators Experience,11:00:00,NEC,Miscellaneous,Birmingham,LvZ18Qobv_dY728ZvQ7Ay,https://www.universe.com/events/gladiators-experience-tickets-NX6RCG?ref=ticketmaster,B40 1NT,52.453266,-1.717158
18/08/2026,Gladiators Experience,10:30:00,NEC,Miscellaneous,Birmingham,LvZ18Qobv_dY728ZvQ7Az,https://www.universe.com/events/gladiators-experience-tickets-NX6RCG?ref=ticketmaster,B40 1NT,52.453266,-1.717158
18/08/2026,Gladiators Experience,14:30:00,NEC,Miscellaneous,Birmingham,LvZ18Qobv_dY728ZvQ7kZ,https://www.universe.com/events/gladiators-experience-tickets-NX6RCG?ref=ticketmaster,B40 1NT,52.453266,-1.717158
18/08/2026,Gladiators Experience,15:00:00,NEC,Miscellaneous,Birmingham,LvZ18Qobv_dY728ZvQ7kv,https://www.universe.com/events/gladiators-experience-tickets-NX6RCG?ref=ticketmaster,B40 1NT,52.453266,-1.717158
19/08/2026,Gladiators Experience,15:30:00,NEC,Miscellaneous,Birmingham,LvZ18Q3pcVrYOYOZv3uCb,https://www.universe.com/events/gladiators-experience-tickets-NX6RCG?ref=ticketmaster,B40 1NT,52.453266,-1.717158
19/08/2026,Gladiators Experience,11:00:00,NEC,Miscellaneous,Birmingham,LvZ18Qobv_dY728ZvQ7k1,https://www.universe.com/events/gladiators-experience-tickets-NX6RCG?ref=ticketmaster,B40 1NT,52.453266,-1.717158
19/08/2026,Gladiators Experience,13:30:00,NEC,Miscellaneous,Birmingham,LvZ18Qobv_dY728ZvQ7k2,https://www.universe.com/events/gladiators-experience-tickets-NX6RCG?ref=ticketmaster,B40 1NT,52.453266,-1.717158
19/08/2026,Gladiators Experience,15:00:00,NEC,Miscellaneous,Birmingham,LvZ18Qobv_dY728ZvQ7k3,https://www.universe.com/events/gladiators-experience-tickets-NX6RCG?ref=ticketmaster,B40 1NT,52.453266,-1.717158
19/08/2026,Gladiators Experience,11:30:00,NEC,Miscellaneous,Birmingham,LvZ18Qobv_dY728ZvQ7k5,https://www.universe.com/events/gladiators-experience-tickets-NX6RCG?ref=ticketmaster,B40 1NT,52.453266,-1.717158
19/08/2026,Gladiators Experience,09:00:00,NEC,Miscellaneous,Birmingham,LvZ18Qobv_dY728ZvQ7k6,https://www.universe.com/events/gladiators-experience-tickets-NX6RCG?ref=ticketmaster,B40 1NT,52.453266,-1.717158
19/08/2026,Gladiators Experience,14:00:00,NEC,Miscellaneous,Birmingham,LvZ18Qobv_dY728ZvQ7k8,https://www.universe.com/events/gladiators-experience-tickets-NX6RCG?ref=ticketmaster,B40 1NT,52.453266,-1.717158
19/08/2026,Gladiators Experience,13:00:00,NEC,Miscellaneous,Birmingham,LvZ18Qobv_dY728ZvQ7kC,https://www.universe.com/events/gladiators-experience-tickets-NX6RCG?ref=ticketmaster,B40 1NT,52.453266,-1.717158
19/08/2026,Gladiators Experience,10:00:00,NEC,Miscellaneous,Birmingham,LvZ18Qobv_dY728ZvQ7kF,https://www.universe.com/events/gladiators-experience-tickets-NX6RCG?ref=ticketmaster,B40 1NT,52.453266,-1.717158
19/08/2026,Gladiators Experience,12:00:00,NEC,Miscellaneous,Birmingham,LvZ18Qobv_dY728ZvQ7kG,https://www.universe.com/events/gladiators-experience-tickets-NX6RCG?ref=ticketmaster,B40 1NT,52.453266,-1.717158
19/08/2026,Gladiators Experience,10:30:00,NEC,Miscellaneous,Birmingham,LvZ18Qobv_dY728ZvQ7ka,https://www.universe.com/events/gladiators-experience-tickets-NX6RCG?ref=ticketmaster,B40 1NT,52.453266,-1.717158
19/08/2026,Gladiators Experience,14:30:00,NEC,Miscellaneous,Birmingham,LvZ18Qobv_dY728ZvQ7ko,https://www.universe.com/events/gladiators-experience-tickets-NX6RCG?ref=ticketmaster,B40 1NT,52.453266,-1.717158
19/08/2026,Gladiators Experience,12:30:00,NEC,Miscellaneous,Birmingham,LvZ18Qobv_dY728ZvQ7ku,https://www.universe.com/events/gladiators-experience-tickets-NX6RCG?ref=ticketmaster,B40 1NT,52.453266,-1.717158
20/08/2026,Gladiators Experience,15:30:00,NEC,Miscellaneous,Birmingham,LvZ18Q3pcVrYOYOZv3uC_,https://www.universe.com/events/gladiators-experience-tickets-NX6RCG?ref=ticketmaster,B40 1NT,52.453266,-1.717158
20/08/2026,Gladiators Experience,14:00:00,NEC,Miscellaneous,Birmingham,LvZ18Qobv_dY728ZvQ7k-,https://www.universe.com/events/gladiators-experience-tickets-NX6RCG?ref=ticketmaster,B40 1NT,52.453266,-1.717158
20/08/2026,Gladiators Experience,13:00:00,NEC,Miscellaneous,Birmingham,LvZ18Qobv_dY728ZvQ7kL,https://www.universe.com/events/gladiators-experience-tickets-NX6RCG?ref=ticketmaster,B40 1NT,52.453266,-1.717158
20/08/2026,Gladiators Experience,15:00:00,NEC,Miscellaneous,Birmingham,LvZ18Qobv_dY728ZvQ7kN,https://www.universe.com/events/gladiators-experience-tickets-NX6RCG?ref=ticketmaster,B40 1NT,52.453266,-1.717158
20/08/2026,Gladiators Experience,13:30:00,NEC,Miscellaneous,Birmingham,LvZ18Qobv_dY728ZvQ7kO,https://www.universe.com/events/gladiators-experience-tickets-NX6RCG?ref=ticketmaster,B40 1NT,52.453266,-1.717158
20/08/2026,Gladiators Experience,10:30:00,NEC,Miscellaneous,Birmingham,LvZ18Qobv_dY728ZvQ7kQ,https://www.universe.com/events/gladiators-experience-tickets-NX6RCG?ref=ticketmaster,B40 1NT,52.453266,-1.717158
20/08/2026,Gladiators Experience,10:00:00,NEC,Miscellaneous,Birmingham,LvZ18Qobv_dY728ZvQ7k_,https://www.universe.com/events/gladiators-experience-tickets-NX6RCG?ref=ticketmaster,B40 1NT,52.453266,-1.717158
20/08/2026,Gladiators Experience,09:00:00,NEC,Miscellaneous,Birmingham,LvZ18Qobv_dY728ZvQ7kb,https://www.universe.com/events/gladiators-experience-tickets-NX6RCG?ref=ticketmaster,B40 1NT,52.453266,-1.717158
20/08/2026,Gladiators Experience,11:00:00,NEC,Miscellaneous,Birmingham,LvZ18Qobv_dY728ZvQ7kh,https://www.universe.com/events/gladiators-experience-tickets-NX6RCG?ref=ticketmaster,B40 1NT,52.453266,-1.717158
20/08/2026,Gladiators Experience,11:30:00,NEC,Miscellaneous,Birmingham,LvZ18Qobv_dY728ZvQ7kj,https://www.universe.com/events/gladiators-experience-tickets-NX6RCG?ref=ticketmaster,B40 1NT,52.453266,-1.717158
20/08/2026,Gladiators Experience,12:00:00,NEC,Miscellaneous,Birmingham,LvZ18Qobv_dY728ZvQ7kq,https://www.universe.com/events/gladiators-experience-tickets-NX6RCG?ref=ticketmaster,B40 1NT,52.453266,-1.717158
20/08/2026,Gladiators Experience,12:30:00,NEC,Miscellaneous,Birmingham,LvZ18Qobv_dY728ZvQ7kr,https://www.universe.com/events/gladiators-experience-tickets-NX6RCG?ref=ticketmaster,B40 1NT,52.453266,-1.717158
20/08/2026,Gladiators Experience,14:30:00,NEC,Miscellaneous,Birmingham,LvZ18Qobv_dY728ZvQ7kx,https://www.universe.com/events/gladiators-experience-tickets-NX6RCG?ref=ticketmaster,B40 1NT,52.453266,-1.717158
21/08/2026,Gladiators Experience,12:30:00,NEC,Miscellaneous,Birmingham,LvZ18Qo9WPCnjSZZvTsj1,https://www.universe.com/events/gladiators-experience-tickets-NX6RCG?ref=ticketmaster,B40 1NT,52.453266,-1.717158
21/08/2026,Gladiators Experience,15:00:00,NEC,Miscellaneous,Birmingham,LvZ18Qo9WPCnjSZZvTsj2,https://www.universe.com/events/gladiators-experience-tickets-NX6RCG?ref=ticketmaster,B40 1NT,52.453266,-1.717158
21/08/2026,Gladiators Experience,13:00:00,NEC,Miscellaneous,Birmingham,LvZ18Qo9WPCnjSZZvTsj5,https://www.universe.com/events/gladiators-experience-tickets-NX6RCG?ref=ticketmaster,B40 1NT,52.453266,-1.717158
21/08/2026,Gladiators Experience,11:00:00,NEC,Miscellaneous,Birmingham,LvZ18Qo9WPCnjSZZvTsj6,https://www.universe.com/events/gladiators-experience-tickets-NX6RCG?ref=ticketmaster,B40 1NT,52.453266,-1.717158
21/08/2026,Gladiators Experience,09:00:00,NEC,Miscellaneous,Birmingham,LvZ18Qo9WPCnjSZZvTsj7,https://www.universe.com/events/gladiators-experience-tickets-NX6RCG?ref=ticketmaster,B40 1NT,52.453266,-1.717158
21/08/2026,Gladiators Experience,15:30:00,NEC,Miscellaneous,Birmingham,LvZ18Qo9WPCnjSZZvTsj8,https://www.universe.com/events/gladiators-experience-tickets-NX6RCG?ref=ticketmaster,B40 1NT,52.453266,-1.717158
21/08/2026,Gladiators Experience,10:00:00,NEC,Miscellaneous,Birmingham,LvZ18Qo9WPCnjSZZvTsjA,https://www.universe.com/events/gladiators-experience-tickets-NX6RCG?ref=ticketmaster,B40 1NT,52.453266,-1.717158
21/08/2026,Gladiators Experience,14:30:00,NEC,Miscellaneous,Birmingham,LvZ18Qo9WPCnjSZZvTsjC,https://www.universe.com/events/gladiators-experience-tickets-NX6RCG?ref=ticketmaster,B40 1NT,52.453266,-1.717158
21/08/2026,Gladiators Experience,11:30:00,NEC,Miscellaneous,Birmingham,LvZ18Qo9WPCnjSZZvTsjF,https://www.universe.com/events/gladiators-experience-tickets-NX6RCG?ref=ticketmaster,B40 1NT,52.453266,-1.717158
21/08/2026,Gladiators Experience,13:30:00,NEC,Miscellaneous,Birmingham,LvZ18Qo9WPCnjSZZvTsjG,https://www.universe.com/events/gladiators-experience-tickets-NX6RCG?ref=ticketmaster,B40 1NT,52.453266,-1.717158
21/08/2026,Gladiators Experience,12:00:00,NEC,Miscellaneous,Birmingham,LvZ18Qo9WPCnjSZZvTsja,https://www.universe.com/events/gladiators-experience-tickets-NX6RCG?ref=ticketmaster,B40 1NT,52.453266,-1.717158
21/08/2026,Gladiators Experience,10:30:00,NEC,Miscellaneous,Birmingham,LvZ18Qo9WPCnjSZZvTsjk,https://www.universe.com/events/gladiators-experience-tickets-NX6RCG?ref=ticketmaster,B40 1NT,52.453266,-1.717158
21/08/2026,Gladiators Experience,14:00:00,NEC,Miscellaneous,Birmingham,LvZ18Qo9WPCnjSZZvTsju,https://www.universe.com/events/gladiators-experience-tickets-NX6RCG?ref=ticketmaster,B40 1NT,52.453266,-1.717158
22/08/2026,Gladiators Experience,15:00:00,NEC,Miscellaneous,Birmingham,LvZ18Qo9WPCnjSZZvTsj-,https://www.universe.com/events/gladiators-experience-tickets-NX6RCG?ref=ticketmaster,B40 1NT,52.453266,-1.717158
22/08/2026,Gladiators Experience,16:30:00,NEC,Miscellaneous,Birmingham,LvZ18Qo9WPCnjSZZvTsj0,https://www.universe.com/events/gladiators-experience-tickets-NX6RCG?ref=ticketmaster,B40 1NT,52.453266,-1.717158
22/08/2026,Gladiators Experience,10:00:00,NEC,Miscellaneous,Birmingham,LvZ18Qo9WPCnjSZZvTsj9,https://www.universe.com/events/gladiators-experience-tickets-NX6RCG?ref=ticketmaster,B40 1NT,52.453266,-1.717158
22/08/2026,Gladiators Experience,18:00:00,NEC,Miscellaneous,Birmingham,LvZ18Qo9WPCnjSZZvTsjE,https://www.universe.com/events/gladiators-experience-tickets-NX6RCG?ref=ticketmaster,B40 1NT,52.453266,-1.717158
22/08/2026,Gladiators Experience,17:30:00,NEC,Miscellaneous,Birmingham,LvZ18Qo9WPCnjSZZvTsjJ,https://www.universe.com/events/gladiators-experience-tickets-NX6RCG?ref=ticketmaster,B40 1NT,52.453266,-1.717158
22/08/2026,Gladiators Experience,14:00:00,NEC,Miscellaneous,Birmingham,LvZ18Qo9WPCnjSZZvTsjL,https://www.universe.com/events/gladiators-experience-tickets-NX6RCG?ref=ticketmaster,B40 1NT,52.453266,-1.717158
22/08/2026,Gladiators Experience,16:00:00,NEC,Miscellaneous,Birmingham,LvZ18Qo9WPCnjSZZvTsjN,https://www.universe.com/events/gladiators-experience-tickets-NX6RCG?ref=ticketmaster,B40 1NT,52.453266,-1.717158
22/08/2026,Gladiators Experience,14:30:00,NEC,Miscellaneous,Birmingham,LvZ18Qo9WPCnjSZZvTsjO,https://www.universe.com/events/gladiators-experience-tickets-NX6RCG?ref=ticketmaster,B40 1NT,52.453266,-1.717158
22/08/2026,Gladiators Experience,17:00:00,NEC,Miscellaneous,Birmingham,LvZ18Qo9WPCnjSZZvTsjP,https://www.universe.com/events/gladiators-experience-tickets-NX6RCG?ref=ticketmaster,B40 1NT,52.453266,-1.717158
22/08/2026,Gladiators Experience,11:30:00,NEC,Miscellaneous,Birmingham,LvZ18Qo9WPCnjSZZvTsjQ,https://www.universe.com/events/gladiators-experience-tickets-NX6RCG?ref=ticketmaster,B40 1NT,52.453266,-1.717158
22/08/2026,Gladiators Experience,11:00:00,NEC,Miscellaneous,Birmingham,LvZ18Qo9WPCnjSZZvTsj_,https://www.universe.com/events/gladiators-experience-tickets-NX6RCG?ref=ticketmaster,B40 1NT,52.453266,-1.717158
22/08/2026,Gladiators Experience,10:30:00,NEC,Miscellaneous,Birmingham,LvZ18Qo9WPCnjSZZvTsjb,https://www.universe.com/events/gladiators-experience-tickets-NX6RCG?ref=ticketmaster,B40 1NT,52.453266,-1.717158
22/08/2026,Gladiators Experience,12:00:00,NEC,Miscellaneous,Birmingham,LvZ18Qo9WPCnjSZZvTsjh,https://www.universe.com/events/gladiators-experience-tickets-NX6RCG?ref=ticketmaster,B40 1NT,52.453266,-1.717158
22/08/2026,Gladiators Experience,12:30:00,NEC,Miscellaneous,Birmingham,LvZ18Qo9WPCnjSZZvTsjj,https://www.universe.com/events/gladiators-experience-tickets-NX6RCG?ref=ticketmaster,B40 1NT,52.453266,-1.717158
22/08/2026,Gladiators Experience,09:00:00,NEC,Miscellaneous,Birmingham,LvZ18Qo9WPCnjSZZvTsjp,https://www.universe.com/events/gladiators-experience-tickets-NX6RCG?ref=ticketmaster,B40 1NT,52.453266,-1.717158
22/08/2026,Gladiators Experience,13:00:00,NEC,Miscellaneous,Birmingham,LvZ18Qo9WPCnjSZZvTsjq,https://www.universe.com/events/gladiators-experience-tickets-NX6RCG?ref=ticketmaster,B40 1NT,52.453266,-1.717158
22/08/2026,Gladiators Experience,13:30:00,NEC,Miscellaneous,Birmingham,LvZ18Qo9WPCnjSZZvTsjr,https://www.universe.com/events/gladiators-experience-tickets-NX6RCG?ref=ticketmaster,B40 1NT,52.453266,-1.717158
22/08/2026,Gladiators Experience,15:30:00,NEC,Miscellaneous,Birmingham,LvZ18Qo9WPCnjSZZvTsjx,https://www.universe.com/events/gladiators-experience-tickets-NX6RCG?ref=ticketmaster,B40 1NT,52.453266,-1.717158
23/08/2026,Gladiators Experience,09:00:00,NEC,Miscellaneous,Birmingham,LvZ18Qo9WPCnjSZZvTsjI,https://www.universe.com/events/gladiators-experience-tickets-NX6RCG?ref=ticketmaster,B40 1NT,52.453266,-1.717158
23/08/2026,Gladiators Experience,13:00:00,NEC,Miscellaneous,Birmingham,LvZ18Qo9WPCnjSZZvTsjR,https://www.universe.com/events/gladiators-experience-tickets-NX6RCG?ref=ticketmaster,B40 1NT,52.453266,-1.717158
23/08/2026,Gladiators Experience,15:00:00,NEC,Miscellaneous,Birmingham,LvZ18Qo9WPCnjSZZvTsjS,https://www.universe.com/events/gladiators-experience-tickets-NX6RCG?ref=ticketmaster,B40 1NT,52.453266,-1.717158
23/08/2026,Gladiators Experience,15:30:00,NEC,Miscellaneous,Birmingham,LvZ18Qo9WPCnjSZZvTsjV,https://www.universe.com/events/gladiators-experience-tickets-NX6RCG?ref=ticketmaster,B40 1NT,52.453266,-1.717158
23/08/2026,Gladiators Experience,13:30:00,NEC,Miscellaneous,Birmingham,LvZ18Qo9WPCnjSZZvTsjY,https://www.universe.com/events/gladiators-experience-tickets-NX6RCG?ref=ticketmaster,B40 1NT,52.453266,-1.717158
23/08/2026,Gladiators Experience,12:00:00,NEC,Miscellaneous,Birmingham,LvZ18Qo9WPCnjSZZvTsjc,https://www.universe.com/events/gladiators-experience-tickets-NX6RCG?ref=ticketmaster,B40 1NT,52.453266,-1.717158
23/08/2026,Gladiators Experience,11:30:00,NEC,Miscellaneous,Birmingham,LvZ18Qo9WPCnjSZZvTsji,https://www.universe.com/events/gladiators-experience-tickets-NX6RCG?ref=ticketmaster,B40 1NT,52.453266,-1.717158
23/08/2026,Gladiators Experience,11:00:00,NEC,Miscellaneous,Birmingham,LvZ18Qo9WPCnjSZZvTsjl,https://www.universe.com/events/gladiators-experience-tickets-NX6RCG?ref=ticketmaster,B40 1NT,52.453266,-1.717158
23/08/2026,Gladiators Experience,12:30:00,NEC,Miscellaneous,Birmingham,LvZ18Qo9WPCnjSZZvTsjm,https://www.universe.com/events/gladiators-experience-tickets-NX6RCG?ref=ticketmaster,B40 1NT,52.453266,-1.717158
23/08/2026,Gladiators Experience,10:30:00,NEC,Miscellaneous,Birmingham,LvZ18Qo9WPCnjSZZvTsjn,https://www.universe.com/events/gladiators-experience-tickets-NX6RCG?ref=ticketmaster,B40 1NT,52.453266,-1.717158
23/08/2026,Gladiators Experience,14:00:00,NEC,Miscellaneous,Birmingham,LvZ18Qo9WPCnjSZZvTsjs,https://www.universe.com/events/gladiators-experience-tickets-NX6RCG?ref=ticketmaster,B40 1NT,52.453266,-1.717158
23/08/2026,Gladiators Experience,10:00:00,NEC,Miscellaneous,Birmingham,LvZ18Qo9WPCnjSZZvTsjt,https://www.universe.com/events/gladiators-experience-tickets-NX6RCG?ref=ticketmaster,B40 1NT,52.453266,-1.717158
23/08/2026,Gladiators Experience,14:30:00,NEC,Miscellaneous,Birmingham,LvZ18Qo9WPCnjSZZvTsjw,https://www.universe.com/events/gladiators-experience-tickets-NX6RCG?ref=ticketmaster,B40 1NT,52.453266,-1.717158
24/08/2026,Gladiators Experience,15:30:00,NEC,Miscellaneous,Birmingham,LvZ18Q3pcVrYOYOZv3uCQ,https://www.universe.com/events/gladiators-experience-tickets-NX6RCG?ref=ticketmaster,B40 1NT,52.453266,-1.717158
24/08/2026,Gladiators Experience,12:30:00,NEC,Miscellaneous,Birmingham,LvZ18Qobv_dY728ZvQ7kR,https://www.universe.com/events/gladiators-experience-tickets-NX6RCG?ref=ticketmaster,B40 1NT,52.453266,-1.717158
24/08/2026,Gladiators Experience,14:30:00,NEC,Miscellaneous,Birmingham,LvZ18Qobv_dY728ZvQ7kS,https://www.universe.com/events/gladiators-experience-tickets-NX6RCG?ref=ticketmaster,B40 1NT,52.453266,-1.717158
24/08/2026,Gladiators Experience,15:00:00,NEC,Miscellaneous,Birmingham,LvZ18Qobv_dY728ZvQ7kV,https://www.universe.com/events/gladiators-experience-tickets-NX6RCG?ref=ticketmaster,B40 1NT,52.453266,-1.717158
24/08/2026,Gladiators Experience,13:00:00,NEC,Miscellaneous,Birmingham,LvZ18Qobv_dY728ZvQ7kY,https://www.universe.com/events/gladiators-experience-tickets-NX6RCG?ref=ticketmaster,B40 1NT,52.453266,-1.717158
24/08/2026,Gladiators Experience,11:30:00,NEC,Miscellaneous,Birmingham,LvZ18Qobv_dY728ZvQ7kc,https://www.universe.com/events/gladiators-experience-tickets-NX6RCG?ref=ticketmaster,B40 1NT,52.453266,-1.717158
24/08/2026,Gladiators Experience,11:00:00,NEC,Miscellaneous,Birmingham,LvZ18Qobv_dY728ZvQ7ki,https://www.universe.com/events/gladiators-experience-tickets-NX6RCG?ref=ticketmaster,B40 1NT,52.453266,-1.717158
24/08/2026,Gladiators Experience,10:30:00,NEC,Miscellaneous,Birmingham,LvZ18Qobv_dY728ZvQ7kl,https://www.universe.com/events/gladiators-experience-tickets-NX6RCG?ref=ticketmaster,B40 1NT,52.453266,-1.717158
24/08/2026,Gladiators Experience,12:00:00,NEC,Miscellaneous,Birmingham,LvZ18Qobv_dY728ZvQ7km,https://www.universe.com/events/gladiators-experience-tickets-NX6RCG?ref=ticketmaster,B40 1NT,52.453266,-1.717158
24/08/2026,Gladiators Experience,10:00:00,NEC,Miscellaneous,Birmingham,LvZ18Qobv_dY728ZvQ7kn,https://www.universe.com/events/gladiators-experience-tickets-NX6RCG?ref=ticketmaster,B40 1NT,52.453266,-1.717158
24/08/2026,Gladiators Experience,13:30:00,NEC,Miscellaneous,Birmingham,LvZ18Qobv_dY728ZvQ7ks,https://www.universe.com/events/gladiators-experience-tickets-NX6RCG?ref=ticketmaster,B40 1NT,52.453266,-1.717158
24/08/2026,Gladiators Experience,09:00:00,NEC,Miscellaneous,Birmingham,LvZ18Qobv_dY728ZvQ7kt,https://www.universe.com/events/gladiators-experience-tickets-NX6RCG?ref=ticketmaster,B40 1NT,52.453266,-1.717158
24/08/2026,Gladiators Experience,14:00:00,NEC,Miscellaneous,Birmingham,LvZ18Qobv_dY728ZvQ7kw,https://www.universe.com/events/gladiators-experience-tickets-NX6RCG?ref=ticketmaster,B40 1NT,52.453266,-1.717158
25/08/2026,Gladiators Experience,15:30:00,NEC,Miscellaneous,Birmingham,LvZ18Q3pcVrYOYOZv3uCh,https://www.universe.com/events/gladiators-experience-tickets-NX6RCG?ref=ticketmaster,B40 1NT,52.453266,-1.717158
25/08/2026,Gladiators Experience,14:30:00,NEC,Miscellaneous,Birmingham,LvZ18Qobv_dY728ZvQ767,https://www.universe.com/events/gladiators-experience-tickets-NX6RCG?ref=ticketmaster,B40 1NT,52.453266,-1.717158
25/08/2026,Gladiators Experience,15:00:00,NEC,Miscellaneous,Birmingham,LvZ18Qobv_dY728ZvQ76A,https://www.universe.com/events/gladiators-experience-tickets-NX6RCG?ref=ticketmaster,B40 1NT,52.453266,-1.717158
25/08/2026,Gladiators Experience,12:30:00,NEC,Miscellaneous,Birmingham,LvZ18Qobv_dY728ZvQ76Z,https://www.universe.com/events/gladiators-experience-tickets-NX6RCG?ref=ticketmaster,B40 1NT,52.453266,-1.717158
25/08/2026,Gladiators Experience,14:00:00,NEC,Miscellaneous,Birmingham,LvZ18Qobv_dY728ZvQ76d,https://www.universe.com/events/gladiators-experience-tickets-NX6RCG?ref=ticketmaster,B40 1NT,52.453266,-1.717158
25/08/2026,Gladiators Experience,13:30:00,NEC,Miscellaneous,Birmingham,LvZ18Qobv_dY728ZvQ76e,https://www.universe.com/events/gladiators-experience-tickets-NX6RCG?ref=ticketmaster,B40 1NT,52.453266,-1.717158
25/08/2026,Gladiators Experience,13:00:00,NEC,Miscellaneous,Birmingham,LvZ18Qobv_dY728ZvQ76v,https://www.universe.com/events/gladiators-experience-tickets-NX6RCG?ref=ticketmaster,B40 1NT,52.453266,-1.717158
25/08/2026,Gladiators Experience,09:00:00,NEC,Miscellaneous,Birmingham,LvZ18Qobv_dY728ZvQ7kB,https://www.universe.com/events/gladiators-experience-tickets-NX6RCG?ref=ticketmaster,B40 1NT,52.453266,-1.717158
25/08/2026,Gladiators Experience,10:00:00,NEC,Miscellaneous,Birmingham,LvZ18Qobv_dY728ZvQ7kD,https://www.universe.com/events/gladiators-experience-tickets-NX6RCG?ref=ticketmaster,B40 1NT,52.453266,-1.717158
25/08/2026,Gladiators Experience,10:30:00,NEC,Miscellaneous,Birmingham,LvZ18Qobv_dY728ZvQ7kH,https://www.universe.com/events/gladiators-experience-tickets-NX6RCG?ref=ticketmaster,B40 1NT,52.453266,-1.717158
25/08/2026,Gladiators Experience,12:00:00,NEC,Miscellaneous,Birmingham,LvZ18Qobv_dY728ZvQ7kT,https://www.universe.com/events/gladiators-experience-tickets-NX6RCG?ref=ticketmaster,B40 1NT,52.453266,-1.717158
25/08/2026,Gladiators Experience,11:00:00,NEC,Miscellaneous,Birmingham,LvZ18Qobv_dY728ZvQ7kW,https://www.universe.com/events/gladiators-experience-tickets-NX6RCG?ref=ticketmaster,B40 1NT,52.453266,-1.717158
25/08/2026,Gladiators Experience,11:30:00,NEC,Miscellaneous,Birmingham,LvZ18Qobv_dY728ZvQ7kX,https://www.universe.com/events/gladiators-experience-tickets-NX6RCG?ref=ticketmaster,B40 1NT,52.453266,-1.717158
26/08/2026,Gladiators Experience,15:30:00,NEC,Miscellaneous,Birmingham,LvZ18Q3pcVrYOYOZv3uCj,https://www.universe.com/events/gladiators-experience-tickets-NX6RCG?ref=ticketmaster,B40 1NT,52.453266,-1.717158
26/08/2026,Gladiators Experience,11:30:00,NEC,Miscellaneous,Birmingham,LvZ18Qobv_dY728ZvQ762,https://www.universe.com/events/gladiators-experience-tickets-NX6RCG?ref=ticketmaster,B40 1NT,52.453266,-1.717158
26/08/2026,Gladiators Experience,13:00:00,NEC,Miscellaneous,Birmingham,LvZ18Qobv_dY728ZvQ763,https://www.universe.com/events/gladiators-experience-tickets-NX6RCG?ref=ticketmaster,B40 1NT,52.453266,-1.717158
26/08/2026,Gladiators Experience,14:30:00,NEC,Miscellaneous,Birmingham,LvZ18Qobv_dY728ZvQ764,https://www.universe.com/events/gladiators-experience-tickets-NX6RCG?ref=ticketmaster,B40 1NT,52.453266,-1.717158
26/08/2026,Gladiators Experience,09:00:00,NEC,Miscellaneous,Birmingham,LvZ18Qobv_dY728ZvQ765,https://www.universe.com/events/gladiators-experience-tickets-NX6RCG?ref=ticketmaster,B40 1NT,52.453266,-1.717158
26/08/2026,Gladiators Experience,12:00:00,NEC,Miscellaneous,Birmingham,LvZ18Qobv_dY728ZvQ768,https://www.universe.com/events/gladiators-experience-tickets-NX6RCG?ref=ticketmaster,B40 1NT,52.453266,-1.717158
26/08/2026,Gladiators Experience,11:00:00,NEC,Miscellaneous,Birmingham,LvZ18Qobv_dY728ZvQ76C,https://www.universe.com/events/gladiators-experience-tickets-NX6RCG?ref=ticketmaster,B40 1NT,52.453266,-1.717158
26/08/2026,Gladiators Experience,10:00:00,NEC,Miscellaneous,Birmingham,LvZ18Qobv_dY728ZvQ76G,https://www.universe.com/events/gladiators-experience-tickets-NX6RCG?ref=ticketmaster,B40 1NT,52.453266,-1.717158
26/08/2026,Gladiators Experience,13:30:00,NEC,Miscellaneous,Birmingham,LvZ18Qobv_dY728ZvQ76K,https://www.universe.com/events/gladiators-experience-tickets-NX6RCG?ref=ticketmaster,B40 1NT,52.453266,-1.717158
26/08/2026,Gladiators Experience,14:00:00,NEC,Miscellaneous,Birmingham,LvZ18Qobv_dY728ZvQ76f,https://www.universe.com/events/gladiators-experience-tickets-NX6RCG?ref=ticketmaster,B40 1NT,52.453266,-1.717158
26/08/2026,Gladiators Experience,12:30:00,NEC,Miscellaneous,Birmingham,LvZ18Qobv_dY728ZvQ76o,https://www.universe.com/events/gladiators-experience-tickets-NX6RCG?ref=ticketmaster,B40 1NT,52.453266,-1.717158
26/08/2026,Gladiators Experience,15:00:00,NEC,Miscellaneous,Birmingham,LvZ18Qobv_dY728ZvQ76p,https://www.universe.com/events/gladiators-experience-tickets-NX6RCG?ref=ticketmaster,B40 1NT,52.453266,-1.717158
26/08/2026,Gladiators Experience,10:30:00,NEC,Miscellaneous,Birmingham,LvZ18Qobv_dY728ZvQ76u,https://www.universe.com/events/gladiators-experience-tickets-NX6RCG?ref=ticketmaster,B40 1NT,52.453266,-1.717158
27/08/2026,Gladiators Experience,15:30:00,NEC,Miscellaneous,Birmingham,LvZ18Q3pcVrYOYOZv3uCq,https://www.universe.com/events/gladiators-experience-tickets-NX6RCG?ref=ticketmaster,B40 1NT,52.453266,-1.717158
27/08/2026,Gladiators Experience,12:00:00,NEC,Miscellaneous,Birmingham,LvZ18Qobv_dY728ZvQ76-,https://www.universe.com/events/gladiators-experience-tickets-NX6RCG?ref=ticketmaster,B40 1NT,52.453266,-1.717158
27/08/2026,Gladiators Experience,13:30:00,NEC,Miscellaneous,Birmingham,LvZ18Qobv_dY728ZvQ760,https://www.universe.com/events/gladiators-experience-tickets-NX6RCG?ref=ticketmaster,B40 1NT,52.453266,-1.717158
27/08/2026,Gladiators Experience,15:00:00,NEC,Miscellaneous,Birmingham,LvZ18Qobv_dY728ZvQ76E,https://www.universe.com/events/gladiators-experience-tickets-NX6RCG?ref=ticketmaster,B40 1NT,52.453266,-1.717158
27/08/2026,Gladiators Experience,14:30:00,NEC,Miscellaneous,Birmingham,LvZ18Qobv_dY728ZvQ76J,https://www.universe.com/events/gladiators-experience-tickets-NX6RCG?ref=ticketmaster,B40 1NT,52.453266,-1.717158
27/08/2026,Gladiators Experience,11:00:00,NEC,Miscellaneous,Birmingham,LvZ18Qobv_dY728ZvQ76L,https://www.universe.com/events/gladiators-experience-tickets-NX6RCG?ref=ticketmaster,B40 1NT,52.453266,-1.717158
27/08/2026,Gladiators Experience,13:00:00,NEC,Miscellaneous,Birmingham,LvZ18Qobv_dY728ZvQ76N,https://www.universe.com/events/gladiators-experience-tickets-NX6RCG?ref=ticketmaster,B40 1NT,52.453266,-1.717158
27/08/2026,Gladiators Experience,11:30:00,NEC,Miscellaneous,Birmingham,LvZ18Qobv_dY728ZvQ76O,https://www.universe.com/events/gladiators-experience-tickets-NX6RCG?ref=ticketmaster,B40 1NT,52.453266,-1.717158
27/08/2026,Gladiators Experience,14:00:00,NEC,Miscellaneous,Birmingham,LvZ18Qobv_dY728ZvQ76P,https://www.universe.com/events/gladiators-experience-tickets-NX6RCG?ref=ticketmaster,B40 1NT,52.453266,-1.717158
27/08/2026,Gladiators Experience,09:00:00,NEC,Miscellaneous,Birmingham,LvZ18Qobv_dY728ZvQ76j,https://www.universe.com/events/gladiators-experience-tickets-NX6RCG?ref=ticketmaster,B40 1NT,52.453266,-1.717158
27/08/2026,Gladiators Experience,10:00:00,NEC,Miscellaneous,Birmingham,LvZ18Qobv_dY728ZvQ76q,https://www.universe.com/events/gladiators-experience-tickets-NX6RCG?ref=ticketmaster,B40 1NT,52.453266,-1.717158
27/08/2026,Gladiators Experience,10:30:00,NEC,Miscellaneous,Birmingham,LvZ18Qobv_dY728ZvQ76r,https://www.universe.com/events/gladiators-experience-tickets-NX6RCG?ref=ticketmaster,B40 1NT,52.453266,-1.717158
27/08/2026,Gladiators Experience,12:30:00,NEC,Miscellaneous,Birmingham,LvZ18Qobv_dY728ZvQ76x,https://www.universe.com/events/gladiators-experience-tickets-NX6RCG?ref=ticketmaster,B40 1NT,52.453266,-1.717158
28/08/2026,Gladiators Experience,09:00:00,NEC,Miscellaneous,Birmingham,LvZ18Qo9WPCnjSZZvTsjB,https://www.universe.com/events/gladiators-experience-tickets-NX6RCG?ref=ticketmaster,B40 1NT,52.453266,-1.717158
28/08/2026,Gladiators Experience,10:00:00,NEC,Miscellaneous,Birmingham,LvZ18Qo9WPCnjSZZvTsjD,https://www.universe.com/events/gladiators-experience-tickets-NX6RCG?ref=ticketmaster,B40 1NT,52.453266,-1.717158
28/08/2026,Gladiators Experience,10:30:00,NEC,Miscellaneous,Birmingham,LvZ18Qo9WPCnjSZZvTsjH,https://www.universe.com/events/gladiators-experience-tickets-NX6RCG?ref=ticketmaster,B40 1NT,52.453266,-1.717158
28/08/2026,Gladiators Experience,12:00:00,NEC,Miscellaneous,Birmingham,LvZ18Qo9WPCnjSZZvTsjT,https://www.universe.com/events/gladiators-experience-tickets-NX6RCG?ref=ticketmaster,B40 1NT,52.453266,-1.717158
28/08/2026,Gladiators Experience,11:00:00,NEC,Miscellaneous,Birmingham,LvZ18Qo9WPCnjSZZvTsjW,https://www.universe.com/events/gladiators-experience-tickets-NX6RCG?ref=ticketmaster,B40 1NT,52.453266,-1.717158
28/08/2026,Gladiators Experience,11:30:00,NEC,Miscellaneous,Birmingham,LvZ18Qo9WPCnjSZZvTsjX,https://www.universe.com/events/gladiators-experience-tickets-NX6RCG?ref=ticketmaster,B40 1NT,52.453266,-1.717158
28/08/2026,Gladiators Experience,14:30:00,NEC,Miscellaneous,Birmingham,LvZ18Qo9WPCnjSZZvTsq7,https://www.universe.com/events/gladiators-experience-tickets-NX6RCG?ref=ticketmaster,B40 1NT,52.453266,-1.717158
28/08/2026,Gladiators Experience,15:00:00,NEC,Miscellaneous,Birmingham,LvZ18Qo9WPCnjSZZvTsqA,https://www.universe.com/events/gladiators-experience-tickets-NX6RCG?ref=ticketmaster,B40 1NT,52.453266,-1.717158
28/08/2026,Gladiators Experience,12:30:00,NEC,Miscellaneous,Birmingham,LvZ18Qo9WPCnjSZZvTsqZ,https://www.universe.com/events/gladiators-experience-tickets-NX6RCG?ref=ticketmaster,B40 1NT,52.453266,-1.717158
28/08/2026,Gladiators Experience,14:00:00,NEC,Miscellaneous,Birmingham,LvZ18Qo9WPCnjSZZvTsqd,https://www.universe.com/events/gladiators-experience-tickets-NX6RCG?ref=ticketmaster,B40 1NT,52.453266,-1.717158
28/08/2026,Gladiators Experience,13:30:00,NEC,Miscellaneous,Birmingham,LvZ18Qo9WPCnjSZZvTsqe,https://www.universe.com/events/gladiators-experience-tickets-NX6RCG?ref=ticketmaster,B40 1NT,52.453266,-1.717158
28/08/2026,Gladiators Experience,15:30:00,NEC,Miscellaneous,Birmingham,LvZ18Qo9WPCnjSZZvTsqk,https://www.universe.com/events/gladiators-experience-tickets-NX6RCG?ref=ticketmaster,B40 1NT,52.453266,-1.717158
28/08/2026,Gladiators Experience,13:00:00,NEC,Miscellaneous,Birmingham,LvZ18Qo9WPCnjSZZvTsqv,https://www.universe.com/events/gladiators-experience-tickets-NX6RCG?ref=ticketmaster,B40 1NT,52.453266,-1.717158
29/08/2026,Gladiators Experience,11:00:00,NEC,Miscellaneous,Birmingham,LvZ18Qo9WPCnjSZZvTsq2,https://www.universe.com/events/gladiators-experience-tickets-NX6RCG?ref=ticketmaster,B40 1NT,52.453266,-1.717158
29/08/2026,Gladiators Experience,12:30:00,NEC,Miscellaneous,Birmingham,LvZ18Qo9WPCnjSZZvTsq3,https://www.universe.com/events/gladiators-experience-tickets-NX6RCG?ref=ticketmaster,B40 1NT,52.453266,-1.717158
29/08/2026,Gladiators Experience,14:00:00,NEC,Miscellaneous,Birmingham,LvZ18Qo9WPCnjSZZvTsq4,https://www.universe.com/events/gladiators-experience-tickets-NX6RCG?ref=ticketmaster,B40 1NT,52.453266,-1.717158
29/08/2026,Gladiators Experience,11:30:00,NEC,Miscellaneous,Birmingham,LvZ18Qo9WPCnjSZZvTsq8,https://www.universe.com/events/gladiators-experience-tickets-NX6RCG?ref=ticketmaster,B40 1NT,52.453266,-1.717158
29/08/2026,Gladiators Experience,15:00:00,NEC,Miscellaneous,Birmingham,LvZ18Qo9WPCnjSZZvTsq9,https://www.universe.com/events/gladiators-experience-tickets-NX6RCG?ref=ticketmaster,B40 1NT,52.453266,-1.717158
29/08/2026,Gladiators Experience,10:30:00,NEC,Miscellaneous,Birmingham,LvZ18Qo9WPCnjSZZvTsqC,https://www.universe.com/events/gladiators-experience-tickets-NX6RCG?ref=ticketmaster,B40 1NT,52.453266,-1.717158
29/08/2026,Gladiators Experience,09:00:00,NEC,Miscellaneous,Birmingham,LvZ18Qo9WPCnjSZZvTsqG,https://www.universe.com/events/gladiators-experience-tickets-NX6RCG?ref=ticketmaster,B40 1NT,52.453266,-1.717158
29/08/2026,Gladiators Experience,13:00:00,NEC,Miscellaneous,Birmingham,LvZ18Qo9WPCnjSZZvTsqK,https://www.universe.com/events/gladiators-experience-tickets-NX6RCG?ref=ticketmaster,B40 1NT,52.453266,-1.717158
29/08/2026,Gladiators Experience,16:30:00,NEC,Miscellaneous,Birmingham,LvZ18Qo9WPCnjSZZvTsqQ,https://www.universe.com/events/gladiators-experience-tickets-NX6RCG?ref=ticketmaster,B40 1NT,52.453266,-1.717158
29/08/2026,Gladiators Experience,16:00:00,NEC,Miscellaneous,Birmingham,LvZ18Qo9WPCnjSZZvTsq_,https://www.universe.com/events/gladiators-experience-tickets-NX6RCG?ref=ticketmaster,B40 1NT,52.453266,-1.717158
29/08/2026,Gladiators Experience,15:30:00,NEC,Miscellaneous,Birmingham,LvZ18Qo9WPCnjSZZvTsqb,https://www.universe.com/events/gladiators-experience-tickets-NX6RCG?ref=ticketmaster,B40 1NT,52.453266,-1.717158
29/08/2026,Gladiators Experience,13:30:00,NEC,Miscellaneous,Birmingham,LvZ18Qo9WPCnjSZZvTsqf,https://www.universe.com/events/gladiators-experience-tickets-NX6RCG?ref=ticketmaster,B40 1NT,52.453266,-1.717158
29/08/2026,Gladiators Experience,17:00:00,NEC,Miscellaneous,Birmingham,LvZ18Qo9WPCnjSZZvTsqh,https://www.universe.com/events/gladiators-experience-tickets-NX6RCG?ref=ticketmaster,B40 1NT,52.453266,-1.717158
29/08/2026,Gladiators Experience,17:30:00,NEC,Miscellaneous,Birmingham,LvZ18Qo9WPCnjSZZvTsqj,https://www.universe.com/events/gladiators-experience-tickets-NX6RCG?ref=ticketmaster,B40 1NT,52.453266,-1.717158
29/08/2026,Gladiators Experience,12:00:00,NEC,Miscellaneous,Birmingham,LvZ18Qo9WPCnjSZZvTsqo,https://www.universe.com/events/gladiators-experience-tickets-NX6RCG?ref=ticketmaster,B40 1NT,52.453266,-1.717158
29/08/2026,Gladiators Experience,14:30:00,NEC,Miscellaneous,Birmingham,LvZ18Qo9WPCnjSZZvTsqp,https://www.universe.com/events/gladiators-experience-tickets-NX6RCG?ref=ticketmaster,B40 1NT,52.453266,-1.717158
29/08/2026,Gladiators Experience,18:00:00,NEC,Miscellaneous,Birmingham,LvZ18Qo9WPCnjSZZvTsqq,https://www.universe.com/events/gladiators-experience-tickets-NX6RCG?ref=ticketmaster,B40 1NT,52.453266,-1.717158
29/08/2026,Gladiators Experience,10:00:00,NEC,Miscellaneous,Birmingham,LvZ18Qo9WPCnjSZZvTsqu,https://www.universe.com/events/gladiators-experience-tickets-NX6RCG?ref=ticketmaster,B40 1NT,52.453266,-1.717158
30/08/2026,Gladiators Experience,11:00:00,NEC,Miscellaneous,Birmingham,LvZ18Qo9WPCnjSZZvTsq-,https://www.universe.com/events/gladiators-experience-tickets-NX6RCG?ref=ticketmaster,B40 1NT,52.453266,-1.717158
30/08/2026,Gladiators Experience,12:30:00,NEC,Miscellaneous,Birmingham,LvZ18Qo9WPCnjSZZvTsq0,https://www.universe.com/events/gladiators-experience-tickets-NX6RCG?ref=ticketmaster,B40 1NT,52.453266,-1.717158
30/08/2026,Gladiators Experience,14:00:00,NEC,Miscellaneous,Birmingham,LvZ18Qo9WPCnjSZZvTsqE,https://www.universe.com/events/gladiators-experience-tickets-NX6RCG?ref=ticketmaster,B40 1NT,52.453266,-1.717158
30/08/2026,Gladiators Experience,14:30:00,NEC,Miscellaneous,Birmingham,LvZ18Qo9WPCnjSZZvTsqI,https://www.universe.com/events/gladiators-experience-tickets-NX6RCG?ref=ticketmaster,B40 1NT,52.453266,-1.717158
30/08/2026,Gladiators Experience,13:30:00,NEC,Miscellaneous,Birmingham,LvZ18Qo9WPCnjSZZvTsqJ,https://www.universe.com/events/gladiators-experience-tickets-NX6RCG?ref=ticketmaster,B40 1NT,52.453266,-1.717158
30/08/2026,Gladiators Experience,10:00:00,NEC,Miscellaneous,Birmingham,LvZ18Qo9WPCnjSZZvTsqL,https://www.universe.com/events/gladiators-experience-tickets-NX6RCG?ref=ticketmaster,B40 1NT,52.453266,-1.717158
30/08/2026,Gladiators Experience,12:00:00,NEC,Miscellaneous,Birmingham,LvZ18Qo9WPCnjSZZvTsqN,https://www.universe.com/events/gladiators-experience-tickets-NX6RCG?ref=ticketmaster,B40 1NT,52.453266,-1.717158
30/08/2026,Gladiators Experience,10:30:00,NEC,Miscellaneous,Birmingham,LvZ18Qo9WPCnjSZZvTsqO,https://www.universe.com/events/gladiators-experience-tickets-NX6RCG?ref=ticketmaster,B40 1NT,52.453266,-1.717158
30/08/2026,Gladiators Experience,13:00:00,NEC,Miscellaneous,Birmingham,LvZ18Qo9WPCnjSZZvTsqP,https://www.universe.com/events/gladiators-experience-tickets-NX6RCG?ref=ticketmaster,B40 1NT,52.453266,-1.717158
30/08/2026,Gladiators Experience,15:30:00,NEC,Miscellaneous,Birmingham,LvZ18Qo9WPCnjSZZvTsqn,https://www.universe.com/events/gladiators-experience-tickets-NX6RCG?ref=ticketmaster,B40 1NT,52.453266,-1.717158
30/08/2026,Gladiators Experience,09:00:00,NEC,Miscellaneous,Birmingham,LvZ18Qo9WPCnjSZZvTsqr,https://www.universe.com/events/gladiators-experience-tickets-NX6RCG?ref=ticketmaster,B40 1NT,52.453266,-1.717158
30/08/2026,Gladiators Experience,15:00:00,NEC,Miscellaneous,Birmingham,LvZ18Qo9WPCnjSZZvTsqt,https://www.universe.com/events/gladiators-experience-tickets-NX6RCG?ref=ticketmaster,B40 1NT,52.453266,-1.717158
30/08/2026,Gladiators Experience,11:30:00,NEC,Miscellaneous,Birmingham,LvZ18Qo9WPCnjSZZvTsqx,https://www.universe.com/events/gladiators-experience-tickets-NX6RCG?ref=ticketmaster,B40 1NT,52.453266,-1.717158
31/08/2026,Gladiators Experience,15:30:00,NEC,Miscellaneous,Birmingham,LvZ18Q3pcVrYOYOZv3uCr,https://www.universe.com/events/gladiators-experience-tickets-NX6RCG?ref=ticketmaster,B40 1NT,52.453266,-1.717158
31/08/2026,Gladiators Experience,14:30:00,NEC,Miscellaneous,Birmingham,LvZ18Qobv_dY728ZvQ76M,https://www.universe.com/events/gladiators-experience-tickets-NX6RCG?ref=ticketmaster,B40 1NT,52.453266,-1.717158
31/08/2026,Gladiators Experience,10:30:00,NEC,Miscellaneous,Birmingham,LvZ18Qobv_dY728ZvQ76R,https://www.universe.com/events/gladiators-experience-tickets-NX6RCG?ref=ticketmaster,B40 1NT,52.453266,-1.717158
31/08/2026,Gladiators Experience,12:30:00,NEC,Miscellaneous,Birmingham,LvZ18Qobv_dY728ZvQ76S,https://www.universe.com/events/gladiators-experience-tickets-NX6RCG?ref=ticketmaster,B40 1NT,52.453266,-1.717158
31/08/2026,Gladiators Experience,14:00:00,NEC,Miscellaneous,Birmingham,LvZ18Qobv_dY728ZvQ76U,https://www.universe.com/events/gladiators-experience-tickets-NX6RCG?ref=ticketmaster,B40 1NT,52.453266,-1.717158
31/08/2026,Gladiators Experience,13:00:00,NEC,Miscellaneous,Birmingham,LvZ18Qobv_dY728ZvQ76V,https://www.universe.com/events/gladiators-experience-tickets-NX6RCG?ref=ticketmaster,B40 1NT,52.453266,-1.717158
31/08/2026,Gladiators Experience,11:00:00,NEC,Miscellaneous,Birmingham,LvZ18Qobv_dY728ZvQ76Y,https://www.universe.com/events/gladiators-experience-tickets-NX6RCG?ref=ticketmaster,B40 1NT,52.453266,-1.717158
31/08/2026,Gladiators Experience,09:00:00,NEC,Miscellaneous,Birmingham,LvZ18Qobv_dY728ZvQ76c,https://www.universe.com/events/gladiators-experience-tickets-NX6RCG?ref=ticketmaster,B40 1NT,52.453266,-1.717158
31/08/2026,Gladiators Experience,13:30:00,NEC,Miscellaneous,Birmingham,LvZ18Qobv_dY728ZvQ76g,https://www.universe.com/events/gladiators-experience-tickets-NX6RCG?ref=ticketmaster,B40 1NT,52.453266,-1.717158
31/08/2026,Gladiators Experience,10:00:00,NEC,Miscellaneous,Birmingham,LvZ18Qobv_dY728ZvQ76m,https://www.universe.com/events/gladiators-experience-tickets-NX6RCG?ref=ticketmaster,B40 1NT,52.453266,-1.717158
31/08/2026,Gladiators Experience,11:30:00,NEC,Miscellaneous,Birmingham,LvZ18Qobv_dY728ZvQ76s,https://www.universe.com/events/gladiators-experience-tickets-NX6RCG?ref=ticketmaster,B40 1NT,52.453266,-1.717158
31/08/2026,Gladiators Experience,12:00:00,NEC,Miscellaneous,Birmingham,LvZ18Qobv_dY728ZvQ76w,https://www.universe.com/events/gladiators-experience-tickets-NX6RCG?ref=ticketmaster,B40 1NT,52.453266,-1.717158
31/08/2026,Gladiators Experience,15:00:00,NEC,Miscellaneous,Birmingham,LvZ18Qobv_dY728ZvQ76z,https://www.universe.com/events/gladiators-experience-tickets-NX6RCG?ref=ticketmaster,B40 1NT,52.453266,-1.717158
27/08/2026,ACCEPT - 50 years of metal plus Tailgunner,19:00:00,KK's Steel Mill,Music,Wolverhampton,LvZ18Q9Mw3ZGayYZwoYhZ,https://www.universe.com/events/accept-50-years-of-metal-plus-tailgunner-tickets-XYZ40W?ref=ticketmaster,WV2 4DU,52.5786863,-2.1309853
08/09/2026,Endless Love The Show: A Tribute to Diana Ross and Lionel Richie,19:30:00,Wolverhampton Grand Theatre,Music,Wolverhampton,1AdjZbgGkwXAlA5,https://www.ticketmaster.co.uk/endless-love-the-show-a-tribute-wolverhampton-08-09-2026/event/3700635CBE16B14B,WV1 1DE,52.586493,-2.124205
04/09/2026,Jason Manford: A Manford All Seasons,19:30:00,The Lichfield Garrick Theatre,Arts & Theatre,Lichfield,17uYvxG6uDJ_IC_,https://www.ticketmaster.co.uk/jason-manford-a-manford-all-seasons-lichfield-04-09-2026/event/370062DEE6668399,WS13 6HR,52.682465,-1.826297
28/08/2026,The Bon Jovi Experience,19:30:00,Queens Hall,Music,Nuneaton,LvZ18QKPmSW3aiOZYLa7N,https://www.universe.com/events/the-bon-jovi-experience-tickets-XCFPV9?ref=ticketmaster,CV11 5LA,52.522554,-1.473177
04/09/2026,SNOG & Poizon,19:30:00,Queens Hall,Music,Nuneaton,LvZ18Qp_j1qdlMOZyD_m5,https://www.universe.com/events/snog-poizon-tickets-ZWC509?ref=ticketmaster,CV11 5LA,52.522554,-1.473177
10/08/2026,Warwick Castle - Daily Entry,10:00:00,Warwick Castle,Miscellaneous,Warwick,G5vHZ_7Fx8FPm,https://attractions.ticketmaster.co.uk/book/1FL90-TICKETMASTER/#date=2026-08-10,CV34 4QU,52.280585,-1.585766
11/08/2026,Warwick Castle - Daily Entry,10:00:00,Warwick Castle,Miscellaneous,Warwick,G5vHZ_7FxqzJA,https://attractions.ticketmaster.co.uk/book/1FL90-TICKETMASTER/#date=2026-08-11,CV34 4QU,52.280585,-1.585766
12/08/2026,Warwick Castle - Daily Entry,10:00:00,Warwick Castle,Miscellaneous,Warwick,G5vHZ_7FxlzJL,https://attractions.ticketmaster.co.uk/book/1FL90-TICKETMASTER/#date=2026-08-12,CV34 4QU,52.280585,-1.585766
13/08/2026,Warwick Castle - Daily Entry,10:00:00,Warwick Castle,Miscellaneous,Warwick,G5vHZ_7FxyIJg,https://attractions.ticketmaster.co.uk/book/1FL90-TICKETMASTER/#date=2026-08-13,CV34 4QU,52.280585,-1.585766
14/08/2026,Warwick Castle - Daily Entry,10:00:00,Warwick Castle,Miscellaneous,Warwick,G5vHZ_7FN6IE2,https://attractions.ticketmaster.co.uk/book/1FL90-TICKETMASTER/#date=2026-08-14,CV34 4QU,52.280585,-1.585766
15/08/2026,Warwick Castle - Daily Entry,10:00:00,Warwick Castle,Miscellaneous,Warwick,G5vHZ_7FN4zE0,https://attractions.ticketmaster.co.uk/book/1FL90-TICKETMASTER/#date=2026-08-15,CV34 4QU,52.280585,-1.585766
16/08/2026,Warwick Castle - Daily Entry,10:00:00,Warwick Castle,Miscellaneous,Warwick,G5vHZ_7FNNIEz,https://attractions.ticketmaster.co.uk/book/1FL90-TICKETMASTER/#date=2026-08-16,CV34 4QU,52.280585,-1.585766
17/08/2026,Warwick Castle - Daily Entry,10:00:00,Warwick Castle,Miscellaneous,Warwick,G5vHZ_7FNsbI3,https://attractions.ticketmaster.co.uk/book/1FL90-TICKETMASTER/#date=2026-08-17,CV34 4QU,52.280585,-1.585766
18/08/2026,Warwick Castle - Daily Entry,10:00:00,Warwick Castle,Miscellaneous,Warwick,G5vHZ_7FNXzIi,https://attractions.ticketmaster.co.uk/book/1FL90-TICKETMASTER/#date=2026-08-18,CV34 4QU,52.280585,-1.585766
19/08/2026,Warwick Castle - Daily Entry,10:00:00,Warwick Castle,Miscellaneous,Warwick,G5vHZ_7F0GItK,https://attractions.ticketmaster.co.uk/book/1FL90-TICKETMASTER/#date=2026-08-19,CV34 4QU,52.280585,-1.585766
20/08/2026,Warwick Castle - Daily Entry,10:00:00,Warwick Castle,Miscellaneous,Warwick,G5vHZ_7F0QInv,https://attractions.ticketmaster.co.uk/book/1FL90-TICKETMASTER/#date=2026-08-20,CV34 4QU,52.280585,-1.585766
21/08/2026,Warwick Castle - Daily Entry,10:00:00,Warwick Castle,Miscellaneous,Warwick,G5vHZ_7F0IInh,https://attractions.ticketmaster.co.uk/book/1FL90-TICKETMASTER/#date=2026-08-21,CV34 4QU,52.280585,-1.585766
22/08/2026,Warwick Castle - Daily Entry,10:00:00,Warwick Castle,Miscellaneous,Warwick,G5vHZ_7F0UbnM,https://attractions.ticketmaster.co.uk/book/1FL90-TICKETMASTER/#date=2026-08-22,CV34 4QU,52.280585,-1.585766
23/08/2026,Warwick Castle - Daily Entry,10:00:00,Warwick Castle,Miscellaneous,Warwick,G5vHZ_7FP7Fi2,https://attractions.ticketmaster.co.uk/book/1FL90-TICKETMASTER/#date=2026-08-23,CV34 4QU,52.280585,-1.585766
24/08/2026,Warwick Castle - Daily Entry,10:00:00,Warwick Castle,Miscellaneous,Warwick,G5vHZ_7FP3FiB,https://attractions.ticketmaster.co.uk/book/1FL90-TICKETMASTER/#date=2026-08-24,CV34 4QU,52.280585,-1.585766
25/08/2026,Warwick Castle - Daily Entry,10:00:00,Warwick Castle,Miscellaneous,Warwick,G5vHZ_7FPOFcN,https://attractions.ticketmaster.co.uk/book/1FL90-TICKETMASTER/#date=2026-08-25,CV34 4QU,52.280585,-1.585766
26/08/2026,Warwick Castle - Daily Entry,10:00:00,Warwick Castle,Miscellaneous,Warwick,G5vHZ_7FPczcX,https://attractions.ticketmaster.co.uk/book/1FL90-TICKETMASTER/#date=2026-08-26,CV34 4QU,52.280585,-1.585766
27/08/2026,Warwick Castle - Daily Entry,10:00:00,Warwick Castle,Miscellaneous,Warwick,G5vHZ_7FPDzmI,https://attractions.ticketmaster.co.uk/book/1FL90-TICKETMASTER/#date=2026-08-27,CV34 4QU,52.280585,-1.585766
28/08/2026,Warwick Castle - Daily Entry,10:00:00,Warwick Castle,Miscellaneous,Warwick,G5vHZ_7FJazmW,https://attractions.ticketmaster.co.uk/book/1FL90-TICKETMASTER/#date=2026-08-28,CV34 4QU,52.280585,-1.585766
29/08/2026,Warwick Castle - Daily Entry,10:00:00,Warwick Castle,Miscellaneous,Warwick,G5vHZ_7FJ9zRr,https://attractions.ticketmaster.co.uk/book/1FL90-TICKETMASTER/#date=2026-08-29,CV34 4QU,52.280585,-1.585766
30/08/2026,Warwick Castle - Daily Entry,10:00:00,Warwick Castle,Miscellaneous,Warwick,G5vHZ_7FJPzRU,https://attractions.ticketmaster.co.uk/book/1FL90-TICKETMASTER/#date=2026-08-30,CV34 4QU,52.280585,-1.585766
31/08/2026,Warwick Castle - Daily Entry,10:00:00,Warwick Castle,Miscellaneous,Warwick,G5vHZ_7FJSFYZ,https://attractions.ticketmaster.co.uk/book/1FL90-TICKETMASTER/#date=2026-08-31,CV34 4QU,52.280585,-1.585766
01/09/2026,Warwick Castle - Daily Entry,10:00:00,Warwick Castle,Miscellaneous,Warwick,G5vHZ_7FEZIYf,https://attractions.ticketmaster.co.uk/book/1FL90-TICKETMASTER/#date=2026-09-01,CV34 4QU,52.280585,-1.585766
02/09/2026,Warwick Castle - Daily Entry,10:00:00,Warwick Castle,Miscellaneous,Warwick,G5vHZ_7FECbs3,https://attractions.ticketmaster.co.uk/book/1FL90-TICKETMASTER/#date=2026-09-02,CV34 4QU,52.280585,-1.585766
03/09/2026,Warwick Castle - Daily Entry,10:00:00,Warwick Castle,Miscellaneous,Warwick,G5vHZ_7FEhzsr,https://attractions.ticketmaster.co.uk/book/1FL90-TICKETMASTER/#date=2026-09-03,CV34 4QU,52.280585,-1.585766
04/09/2026,Warwick Castle - Daily Entry,10:00:00,Warwick Castle,Miscellaneous,Warwick,G5vHZ_7FEtFsV,https://attractions.ticketmaster.co.uk/book/1FL90-TICKETMASTER/#date=2026-09-04,CV34 4QU,52.280585,-1.585766
05/09/2026,Warwick Castle - Daily Entry,10:00:00,Warwick Castle,Miscellaneous,Warwick,G5vHZ_7FEUzwk,https://attractions.ticketmaster.co.uk/book/1FL90-TICKETMASTER/#date=2026-09-05,CV34 4QU,52.280585,-1.585766
06/09/2026,Warwick Castle - Daily Entry,10:00:00,Warwick Castle,Miscellaneous,Warwick,G5vHZ_7FI7bwO,https://attractions.ticketmaster.co.uk/book/1FL90-TICKETMASTER/#date=2026-09-06,CV34 4QU,52.280585,-1.585766
07/09/2026,Warwick Castle - Daily Entry,10:00:00,Warwick Castle,Miscellaneous,Warwick,G5vHZ_7FIozwH,https://attractions.ticketmaster.co.uk/book/1FL90-TICKETMASTER/#date=2026-09-07,CV34 4QU,52.280585,-1.585766
08/09/2026,Warwick Castle - Daily Entry,10:00:00,Warwick Castle,Miscellaneous,Warwick,G5vHZ_7FILbS_,https://attractions.ticketmaster.co.uk/book/1FL90-TICKETMASTER/#date=2026-09-08,CV34 4QU,52.280585,-1.585766
11/09/2026,Evanescence 2026 World Tour,18:00:00,Utilita Arena Birmingham,Music,Birmingham,1AeGZbMGksTws75,https://www.ticketmaster.co.uk/evanescence-2026-world-tour-birmingham-11-09-2026/event/2300637C7FCB110B,B1 2AA,52.479932,-1.914924
12/09/2026,Saint Etienne,19:00:00,O2 Institute Birmingham,Music,Birmingham,G5dzZ_drtwfe5,https://www.ticketmaster.co.uk/saint-etienne-birmingham-12-09-2026/event/3E006437A9C9408B,B5 6DY,52.475756,-1.887562
12/09/2026,Jane McDonald - Living The Dream,19:30:00,Utilita Arena Birmingham,Music,Birmingham,1ANZkuNGkdtgoKs,https://www.ticketmaster.co.uk/jane-mcdonald-living-the-dream-birmingham-12-09-2026/event/23006363E9D514F1,B1 2AA,52.479932,-1.914924
16/09/2026,Piff and Pop's Magic Shoppe,19:30:00,The Alexandra,Arts & Theatre,Birmingham,1AUZkGMGkelft01,https://www.ticketmaster.co.uk/piff-and-pops-magic-shoppe-birmingham-16-09-2026/event/36006337AB52990A,B5 4DS,52.476145,-1.901239
18/09/2026,Thompson Twins' Tom Bailey,19:30:00,Town Hall Birmingham,Music,Birmingham,G5vHZbSNk59cd,https://www.ticketmaster.co.uk/thompson-twins-tom-bailey-birmingham-18-09-2026/event/1F006338C62D7B43,B3 3DQ,52.479447,-1.903587
18/09/2026,Girls Like You,19:00:00,O2 Institute3 Birmingham,Music,Birmingham,G5dzZbs9V6oMh,https://www.ticketmaster.co.uk/girls-like-you-birmingham-18-09-2026/event/3E006315F41D1DDB,B5 6DY,52.475756,-1.887562
19/09/2026,Fin Taylor,19:00:00,The Alexandra,Arts & Theatre,Birmingham,1AUZkCvGkdAWDKq,https://www.ticketmaster.co.uk/fin-taylor-birmingham-19-09-2026/event/36006381C5F7B4DD,B5 4DS,52.476145,-1.901239
20/09/2026,Phil Wang: UH OH,20:00:00,The Alexandra,Arts & Theatre,Birmingham,1AUZkCvGkdAR53v,https://www.ticketmaster.co.uk/phil-wang-uh-oh-birmingham-20-09-2026/event/36006381C5BCB481,B5 4DS,52.476145,-1.901239
21/09/2026,Good Kid - Can We Hang Out? Tour,19:00:00,O2 Institute Birmingham,Music,Birmingham,G5dzZbzG25yjY,https://www.ticketmaster.co.uk/good-kid-can-we-hang-out-birmingham-21-09-2026/event/3E0063830F2F9730,B5 6DY,52.475756,-1.887562
23/09/2026,Marillion + Haunt the Woods,18:30:00,Symphony Hall,Music,Birmingham,G5vHZbUDwhhrV,https://www.ticketmaster.co.uk/marillion-haunt-the-woods-birmingham-23-09-2026/event/1F00636EF26DB7B4,B1 2EA,52.478877,-1.910803
24/09/2026,Phil Ellis - Bath Mat,19:45:00,Glee Club,Arts & Theatre,Birmingham,G5vHZbUgT4wWd,https://www.ticketmaster.co.uk/phil-ellis-bath-mat-birmingham-24-09-2026/event/1F00636D7F572F43,B5 4TD,52.474541,-1.89662
24/09/2026,The Molotovs,19:00:00,O2 Academy2 Birmingham,Music,Birmingham,G5dzZ_dDv747J,https://www.ticketmaster.co.uk/the-molotovs-birmingham-24-09-2026/event/3E00643EC1115126,B1 1DB,52.47406,-1.89955
25/09/2026,Pirate Fest 2026 'The Cursed Cirque Tour',21:00:00,O2 Academy Birmingham,Music,Birmingham,G5dzZ_dnPxxY5,https://www.ticketmaster.co.uk/pirate-fest-2026-the-cursed-cirque-birmingham-25-09-2026/event/3E00643AA58A2C0B,B1 1DB,52.473277,-1.900215
26/09/2026,Urzila Carlson - Fatty On a Yacht,20:00:00,Symphony Hall,Arts & Theatre,Birmingham,G5vHZbMGueiiQ,https://www.ticketmaster.co.uk/urzila-carlson-fatty-on-a-yacht-birmingham-26-09-2026/event/1F0063730D0ACB1A,B1 2EA,52.478877,-1.910803
26/09/2026,I Prevail: The Violent Nature Tour UK & EUROPE 2026,18:00:00,O2 Academy Birmingham,Music,Birmingham,G5dzZbSVpGMjf,https://www.ticketmaster.co.uk/i-prevail-the-violent-nature-tour-birmingham-26-09-2026/event/3E00633D16337714,B1 1DB,52.473277,-1.900215
27/09/2026,I Prevail - The Violent Nature Tour UK & Europe 2026,18:00:00,O2 Academy Birmingham,Music,Birmingham,G5dzZbMiFVW0d,https://www.ticketmaster.co.uk/i-prevail-the-violent-nature-tour-birmingham-27-09-2026/event/3E00637B08D3D903,B1 1DB,52.473277,-1.900215
02/10/2026,Laura Smyth: Born Aggy,19:30:00,Town Hall Birmingham,Arts & Theatre,Birmingham,G5vHZbSQ_LPbl,https://www.ticketmaster.co.uk/laura-smyth-born-aggy-birmingham-02-10-2026/event/1F006336997E562B,B3 3DQ,52.479447,-1.903587
02/10/2026,The Amy Winehouse Experience,19:00:00,O2 Academy2 Birmingham,Music,Birmingham,G5dzZ_d3cFSZr,https://www.ticketmaster.co.uk/the-amy-winehouse-experience-birmingham-02-10-2026/event/3E006434AD23301E,B1 1DB,52.47406,-1.89955
02/10/2026,Dodgy + The Icicle Works,19:00:00,O2 Institute Birmingham,Music,Birmingham,G5dzZ_dh6yVJo,https://www.ticketmaster.co.uk/dodgy-the-icicle-works-birmingham-02-10-2026/event/3E006436C7E74991,B5 6DY,52.475756,-1.887562
03/10/2026,The Doors Alive,19:00:00,O2 Academy2 Birmingham,Music,Birmingham,G5dzZ_dnqzx-A,https://www.ticketmaster.co.uk/the-doors-alive-birmingham-03-10-2026/event/3E00643A9DE22845,B1 1DB,52.47406,-1.89955
03/10/2026,Antarctic Monkeys,19:00:00,O2 Academy Birmingham,Music,Birmingham,G5dzZbzt_nZUN,https://www.ticketmaster.co.uk/antarctic-monkeys-birmingham-03-10-2026/event/3E00638A59A80DA3,B1 1DB,52.473277,-1.900215
03/10/2026,Space,19:00:00,O2 Academy3 Birmingham,Music,Birmingham,G5dzZ_dnfgeCD,https://www.ticketmaster.co.uk/space-birmingham-03-10-2026/event/3E00643A94D423BB,B1 1DB,52.473268,-1.9002009
07/10/2026,Stevie Martin - Clout,19:45:00,Glee Club,Arts & Theatre,Birmingham,G5vHZ_786TEwV,https://www.ticketmaster.co.uk/stevie-martin-clout-birmingham-07-10-2026/event/1F00644407FE7CB4,B5 4TD,52.474541,-1.89662
08/10/2026,Toploader,19:00:00,TWELVE,Music,Wolverhampton,LvZ18Qf2wygc-G8Z0JB6T,https://www.universe.com/events/toploader-tickets-H4YLDM?ref=ticketmaster,WV11HP,52.587349,-2.124835
23/09/2026,Anastacia,19:00:00,University of Wolverhampton at The Civic Hall,Music,Wolverhampton,G5vHZbsVBN7ee,https://www.ticketmaster.co.uk/anastacia-wolverhampton-23-09-2026/event/1F00631D3A8C4082,WV1 1RQ,52.586653,-2.130802
02/10/2026,Europe - The Final Countdown 40th Anniversary Tour,18:00:00,University of Wolverhampton at The Civic Hall,Music,Wolverhampton,G5vHZbMpRmUPE,https://www.ticketmaster.co.uk/europe-the-final-countdown-40th-anniversary-wolverhampton-02-10-2026/event/1F006375AFBB6967,WV1 1RQ,52.586653,-2.130802
24/09/2026,Ward Thomas - Celebrating 10 years of Cartwheels,19:30:00,"Warwick Arts Centre, Coventry",Music,Coventry,G5vHZbUhOcFPV,https://www.ticketmaster.co.uk/ward-thomas-celebrating-10-years-of-coventry-24-09-2026/event/1F006366E0B48974,CV47AL,52.373743,-1.552358
01/10/2026,Al Murray - All You Need Is Guv,19:30:00,"Warwick Arts Centre, Coventry",Arts & Theatre,Coventry,G5vHZbmJNndfP,https://www.ticketmaster.co.uk/al-murray-all-you-need-is-coventry-01-10-2026/event/1F0062E9A3A83525,CV47AL,52.373743,-1.552358
06/10/2026,Tim Peake ASTRONAUTS: The Quest to Explore Space Tour 2026,20:00:00,"Warwick Arts Centre, Coventry",Miscellaneous,Coventry,G5vHZ_d2QY7x4,https://www.ticketmaster.co.uk/tim-peake-astronauts-the-quest-to-coventry-06-10-2026/event/1F006433DAC04895,CV47AL,52.373743,-1.552358
02/10/2026,The Comedy Store - Coventry,19:30:00,The Albany Theatre,Arts & Theatre,Coventry,G5vHZbPp-rsV9,https://www.ticketmaster.co.uk/the-comedy-store-coventry-coventry-02-10-2026/event/1F006255A17B1D17,CV1 3BH,52.4060266,-1.5245886
27/09/2026,John Verity Band,19:00:00,Queens Hall,Music,Nuneaton,LvZ18Q8MSFrIghYZ0EFf4,https://www.universe.com/events/john-verity-band-tickets-17PJVZ?ref=ticketmaster,CV11 5LA,52.522554,-1.473177
02/10/2026,Total Clash & Buzzkocks,19:30:00,Queens Hall,Unknown,Nuneaton,LvZ18Q2rf2mqiUOZ0anzS,https://www.universe.com/events/total-clash-buzzkocks-tickets-Z63HVG?ref=ticketmaster,CV11 5LA,52.522554,-1.473177
09/09/2026,Warwick Castle - Daily Entry,10:00:00,Warwick Castle,Miscellaneous,Warwick,G5vHZ_7FIizSP,https://attractions.ticketmaster.co.uk/book/1FL90-TICKETMASTER/#date=2026-09-09,CV34 4QU,52.280585,-1.585766
10/09/2026,Warwick Castle - Daily Entry,10:00:00,Warwick Castle,Miscellaneous,Warwick,G5vHZ_7FIBbVO,https://attractions.ticketmaster.co.uk/book/1FL90-TICKETMASTER/#date=2026-09-10,CV34 4QU,52.280585,-1.585766
11/09/2026,Warwick Castle - Daily Entry,10:00:00,Warwick Castle,Miscellaneous,Warwick,G5vHZ_7FtFFVy,https://attractions.ticketmaster.co.uk/book/1FL90-TICKETMASTER/#date=2026-09-11,CV34 4QU,52.280585,-1.585766
12/09/2026,Warwick Castle - Daily Entry,10:00:00,Warwick Castle,Miscellaneous,Warwick,G5vHZ_7Ft4Ig5,https://attractions.ticketmaster.co.uk/book/1FL90-TICKETMASTER/#date=2026-09-12,CV34 4QU,52.280585,-1.585766
13/09/2026,Warwick Castle - Daily Entry,10:00:00,Warwick Castle,Miscellaneous,Warwick,G5vHZ_7FtNbgh,https://attractions.ticketmaster.co.uk/book/1FL90-TICKETMASTER/#date=2026-09-13,CV34 4QU,52.280585,-1.585766
14/09/2026,Warwick Castle - Daily Entry,10:00:00,Warwick Castle,Miscellaneous,Warwick,G5vHZ_7FtYIgc,https://attractions.ticketmaster.co.uk/book/1FL90-TICKETMASTER/#date=2026-09-14,CV34 4QU,52.280585,-1.585766
15/09/2026,Warwick Castle - Daily Entry,10:00:00,Warwick Castle,Miscellaneous,Warwick,G5vHZ_7FtXFgg,https://attractions.ticketmaster.co.uk/book/1FL90-TICKETMASTER/#date=2026-09-15,CV34 4QU,52.280585,-1.585766
16/09/2026,Warwick Castle - Daily Entry,10:00:00,Warwick Castle,Miscellaneous,Warwick,G5vHZ_7Fn5IUe,https://attractions.ticketmaster.co.uk/book/1FL90-TICKETMASTER/#date=2026-09-16,CV34 4QU,52.280585,-1.585766
17/09/2026,Warwick Castle - Daily Entry,10:00:00,Warwick Castle,Miscellaneous,Warwick,G5vHZ_7FnbzU1,https://attractions.ticketmaster.co.uk/book/1FL90-TICKETMASTER/#date=2026-09-17,CV34 4QU,52.280585,-1.585766
18/09/2026,Warwick Castle - Daily Entry,10:00:00,Warwick Castle,Miscellaneous,Warwick,G5vHZ_7FnJFUj,https://attractions.ticketmaster.co.uk/book/1FL90-TICKETMASTER/#date=2026-09-18,CV34 4QU,52.280585,-1.585766
19/09/2026,Warwick Castle - Daily Entry,10:00:00,Warwick Castle,Miscellaneous,Warwick,G5vHZ_7FnSIM2,https://attractions.ticketmaster.co.uk/book/1FL90-TICKETMASTER/#date=2026-09-19,CV34 4QU,52.280585,-1.585766
20/09/2026,Warwick Castle - Daily Entry,10:00:00,Warwick Castle,Miscellaneous,Warwick,G5vHZ_7FlZzM-,https://attractions.ticketmaster.co.uk/book/1FL90-TICKETMASTER/#date=2026-09-20,CV34 4QU,52.280585,-1.585766
21/09/2026,Warwick Castle - Daily Entry,10:00:00,Warwick Castle,Miscellaneous,Warwick,G5vHZ_7FlCFMm,https://attractions.ticketmaster.co.uk/book/1FL90-TICKETMASTER/#date=2026-09-21,CV34 4QU,52.280585,-1.585766
22/09/2026,Warwick Castle - Daily Entry,10:00:00,Warwick Castle,Miscellaneous,Warwick,G5vHZ_7FlhIMD,https://attractions.ticketmaster.co.uk/book/1FL90-TICKETMASTER/#date=2026-09-22,CV34 4QU,52.280585,-1.585766
23/09/2026,Warwick Castle - Daily Entry,10:00:00,Warwick Castle,Miscellaneous,Warwick,G5vHZ_7FltFz2,https://attractions.ticketmaster.co.uk/book/1FL90-TICKETMASTER/#date=2026-09-23,CV34 4QU,52.280585,-1.585766
24/09/2026,Warwick Castle - Daily Entry,10:00:00,Warwick Castle,Miscellaneous,Warwick,G5vHZ_7FlUbzJ,https://attractions.ticketmaster.co.uk/book/1FL90-TICKETMASTER/#date=2026-09-24,CV34 4QU,52.280585,-1.585766
25/09/2026,Warwick Castle - Daily Entry,10:00:00,Warwick Castle,Miscellaneous,Warwick,G5vHZ_7Fidzy1,https://attractions.ticketmaster.co.uk/book/1FL90-TICKETMASTER/#date=2026-09-25,CV34 4QU,52.280585,-1.585766
26/09/2026,Warwick Castle - Daily Entry,10:00:00,Warwick Castle,Miscellaneous,Warwick,G5vHZ_7FioFy-,https://attractions.ticketmaster.co.uk/book/1FL90-TICKETMASTER/#date=2026-09-26,CV34 4QU,52.280585,-1.585766
27/09/2026,Warwick Castle - Daily Entry,10:00:00,Warwick Castle,Miscellaneous,Warwick,G5vHZ_7FirIyH,https://attractions.ticketmaster.co.uk/book/1FL90-TICKETMASTER/#date=2026-09-27,CV34 4QU,52.280585,-1.585766
28/09/2026,Warwick Castle - Daily Entry,10:00:00,Warwick Castle,Miscellaneous,Warwick,G5vHZ_7FiibBx,https://attractions.ticketmaster.co.uk/book/1FL90-TICKETMASTER/#date=2026-09-28,CV34 4QU,52.280585,-1.585766
29/09/2026,Warwick Castle - Daily Entry,10:00:00,Warwick Castle,Miscellaneous,Warwick,G5vHZ_7FiyzBX,https://attractions.ticketmaster.co.uk/book/1FL90-TICKETMASTER/#date=2026-09-29,CV34 4QU,52.280585,-1.585766
30/09/2026,Warwick Castle - Daily Entry,10:00:00,Warwick Castle,Miscellaneous,Warwick,G5vHZ_7Fc6bDj,https://attractions.ticketmaster.co.uk/book/1FL90-TICKETMASTER/#date=2026-09-30,CV34 4QU,52.280585,-1.585766
01/10/2026,Warwick Castle - Daily Entry,10:00:00,Warwick Castle,Miscellaneous,Warwick,G5vHZ_7FcfIDR,https://attractions.ticketmaster.co.uk/book/1FL90-TICKETMASTER/#date=2026-10-01,CV34 4QU,52.280585,-1.585766
02/10/2026,Warwick Castle - Daily Entry,10:00:00,Warwick Castle,Miscellaneous,Warwick,G5vHZ_7FcxFDX,https://attractions.ticketmaster.co.uk/book/1FL90-TICKETMASTER/#date=2026-10-02,CV34 4QU,52.280585,-1.585766
03/10/2026,Warwick Castle - Daily Entry,10:00:00,Warwick Castle,Miscellaneous,Warwick,G5vHZ_7FcRIH_,https://attractions.ticketmaster.co.uk/book/1FL90-TICKETMASTER/#date=2026-10-03,CV34 4QU,52.280585,-1.585766
04/10/2026,Warwick Castle - Daily Entry,10:00:00,Warwick Castle,Miscellaneous,Warwick,G5vHZ_7FcWFHB,https://attractions.ticketmaster.co.uk/book/1FL90-TICKETMASTER/#date=2026-10-04,CV34 4QU,52.280585,-1.585766
05/10/2026,Warwick Castle - Daily Entry,10:00:00,Warwick Castle,Miscellaneous,Warwick,G5vHZ_7Fm1IW8,https://attractions.ticketmaster.co.uk/book/1FL90-TICKETMASTER/#date=2026-10-05,CV34 4QU,52.280585,-1.585766
06/10/2026,Warwick Castle - Daily Entry,10:00:00,Warwick Castle,Miscellaneous,Warwick,G5vHZ_7Fm9zWb,https://attractions.ticketmaster.co.uk/book/1FL90-TICKETMASTER/#date=2026-10-06,CV34 4QU,52.280585,-1.585766
07/10/2026,Warwick Castle - Daily Entry,10:00:00,Warwick Castle,Miscellaneous,Warwick,G5vHZ_7FmPbWN,https://attractions.ticketmaster.co.uk/book/1FL90-TICKETMASTER/#date=2026-10-07,CV34 4QU,52.280585,-1.585766
08/10/2026,Warwick Castle - Daily Entry,10:00:00,Warwick Castle,Miscellaneous,Warwick,G5vHZ_7FmwIWm,https://attractions.ticketmaster.co.uk/book/1FL90-TICKETMASTER/#date=2026-10-08,CV34 4QU,52.280585,-1.585766
13/09/2026,Paul Merton & Suki Webster's Improv Show,20:00:00,Royal Spa Centre,Arts & Theatre,Leamington Spa,1AMZkoeGkdaidCR,https://www.ticketmaster.co.uk/paul-merton-suki-websters-improv-show-leamington-spa-13-09-2026/event/37006442C9B033AF,CV32 4HN,52.289792,-1.531403
01/10/2026,"Troy Hawke: Never Stop, Never Change!",19:30:00,Royal Spa Centre,Arts & Theatre,Leamington Spa,17uYvxG62pb1Azw,https://www.ticketmaster.co.uk/troy-hawke-never-stop-never-change-leamington-spa-01-10-2026/event/370062F598285E32,CV32 4HN,52.289792,-1.531403
03/10/2026,Hannah East: Express Yourself,19:30:00,Royal Spa Centre,Arts & Theatre,Leamington Spa,16djZbMFeG7UOSq,https://www.ticketmaster.co.uk/hannah-east-express-yourself-leamington-spa-03-10-2026/event/3700637202DA0CDD,CV32 4HN,52.289792,-1.531403
17/09/2026,Ginger Johnson: Show Pony,19:30:00,Swan Theatre,Arts & Theatre,Worcester,1AMZkCAGkeXWGLP,https://www.ticketmaster.co.uk/ginger-johnson-show-pony-worcester-17-09-2026/event/37006385BEF4C7E5,WR1 3ED,52.197278,-2.228599
09/10/2026,Serena Terry: Therapy,19:30:00,Town Hall Birmingham,Arts & Theatre,Birmingham,G5vHZbiI8zSbq,https://www.ticketmaster.co.uk/serena-terry-therapy-birmingham-09-10-2026/event/1F0062CA10E3361D,B3 3DQ,52.479447,-1.903587
09/10/2026,Daniel Sloss: Bitter,20:00:00,Symphony Hall,Arts & Theatre,Birmingham,G5vHZbUq2eWOi,https://www.ticketmaster.co.uk/daniel-sloss-bitter-birmingham-09-10-2026/event/1F0063674F0BD82C,B1 2EA,52.478877,-1.910803
10/10/2026,Cabaret Voltaire's Final UK Tour,19:30:00,Town Hall Birmingham,Music,Birmingham,G5vHZbgRQ2I12,https://www.ticketmaster.co.uk/cabaret-voltaires-final-uk-tour-birmingham-10-10-2026/event/1F00635BDA3E828F,B3 3DQ,52.479447,-1.903587
10/10/2026,Avatar's the Last Airbender - Film with Live Orchestra,19:30:00,Symphony Hall,Music,Birmingham,G5vHZbIDQfNgF,https://www.ticketmaster.co.uk/avatars-the-last-airbender-film-with-birmingham-10-10-2026/event/1F00628EDA523D48,B1 2EA,52.478877,-1.910803
10/10/2026,The Lemonheads,19:00:00,O2 Institute Birmingham,Music,Birmingham,G5dzZbgMxAFGo,https://www.ticketmaster.co.uk/the-lemonheads-birmingham-10-10-2026/event/3E00635DE2148311,B5 6DY,52.475756,-1.887562
10/10/2026,The World of Hans Zimmer - Premium Ticket and Hotel Experiences,18:31:00,Utilita Arena Birmingham,Music,Birmingham,1AeGZbEGkDAyYM-,https://www.eventtravel.com/the-world-of-hans-zimmer-tickets-2026?agentCodeWeblink=AF294,B1 2AA,52.479932,-1.914924
10/10/2026,The World of Hans Zimmer - a New Dimension,18:30:00,Utilita Arena Birmingham,Film,Birmingham,1AeGZbJGkB_ZZUA,https://www.ticketmaster.co.uk/the-world-of-hans-zimmer-a-birmingham-10-10-2026/event/2300626E99000D85,B1 2AA,52.479932,-1.914924
13/10/2026,Chris Williamson - Mostly Wise,19:00:00,O2 Academy Birmingham,Arts & Theatre,Birmingham,G5dzZ_71xodEi,https://www.ticketmaster.co.uk/chris-williamson-mostly-wise-birmingham-13-10-2026/event/3E006442A24439EC,B1 1DB,52.473277,-1.900215
14/10/2026,Steve Hackett - Best of Genesis & Solo Gems,18:45:00,Symphony Hall,Music,Birmingham,G5vHZbwm2gZY8,https://www.ticketmaster.co.uk/steve-hackett-best-of-genesis-solo-birmingham-14-10-2026/event/1F00632B8FD40C10,B1 2EA,52.478877,-1.910803
15/10/2026,Hannah East: Express Yourself,19:30:00,Glee Club,Arts & Theatre,Birmingham,G5vHZbwJ5cY00,https://www.ticketmaster.co.uk/hannah-east-express-yourself-birmingham-15-10-2026/event/1F0063298BB70924,B5 4TD,52.474541,-1.89662
16/10/2026,Mike Bubbins: Ideas Man,19:30:00,Town Hall Birmingham,Arts & Theatre,Birmingham,G5vHZbgJS36aO,https://www.ticketmaster.co.uk/mike-bubbins-ideas-man-birmingham-16-10-2026/event/1F006359B3487260,B3 3DQ,52.479447,-1.903587
16/10/2026,Roachford + Hue and Cry,19:30:00,Symphony Hall,Music,Birmingham,G5vHZbVD9VbpI,https://www.ticketmaster.co.uk/roachford-hue-and-cry-birmingham-16-10-2026/event/1F00634ED7D185A8,B1 2EA,52.478877,-1.910803
16/10/2026,Warren Zeiders World Tour 2026,19:00:00,O2 Academy Birmingham,Music,Birmingham,G5dzZbU22X97X,https://www.ticketmaster.co.uk/warren-zeiders-world-tour-2026-birmingham-16-10-2026/event/3E006363CFF9713E,B1 1DB,52.473277,-1.900215
16/10/2026,Westlife 25 - the Anniversary World Tour,18:30:00,Utilita Arena Birmingham,Music,Birmingham,16eGZbgr6G7U8YU,https://www.ticketmaster.co.uk/westlife-25-the-anniversary-world-tour-birmingham-16-10-2026/event/2300635787D90C36,B1 2AA,52.479932,-1.914924
17/10/2026,Fell Out Boy + Black Charade (A Tribute to My Chemical Romance),19:00:00,O2 Academy2 Birmingham,Music,Birmingham,G5dzZbznQMKQq,https://www.ticketmaster.co.uk/fell-out-boy-black-charade-a-birmingham-17-10-2026/event/3E00638A9ADD369D,B1 1DB,52.47406,-1.89955
17/10/2026,The Shamrocks,19:30:00,Symphony Hall,Music,Birmingham,G5vHZbUBeM7fs,https://www.ticketmaster.co.uk/the-shamrocks-birmingham-17-10-2026/event/1F00636E82DC4531,B1 2EA,52.478877,-1.910803
17/10/2026,The Undertones: 50th Anniversary Show,19:00:00,O2 Institute Birmingham,Music,Birmingham,G5dzZbz2oukQG,https://www.ticketmaster.co.uk/the-undertones-50th-anniversary-show-birmingham-17-10-2026/event/3E006383D134668C,B5 6DY,52.475756,-1.887562
17/10/2026,Westlife 25 - the Anniversary World Tour,18:30:00,Utilita Arena Birmingham,Music,Birmingham,16NZku9PMZA8v88A,https://www.ticketmaster.co.uk/westlife-25-the-anniversary-world-tour-birmingham-17-10-2026/event/23006357977F0FF4,B1 2AA,52.479932,-1.914924
18/10/2026,The Legends in Vegas - After Hours,19:30:00,Symphony Hall,Arts & Theatre,Birmingham,G5vHZbV2AZbQ9,https://www.ticketmaster.co.uk/the-legends-in-vegas-after-hours-birmingham-18-10-2026/event/1F006343C5018697,B1 2EA,52.478877,-1.910803
18/10/2026,Westlife 25 - the Anniversary World Tour,18:30:00,Utilita Arena Birmingham,Music,Birmingham,1kFYvN4yGA5MsZP,https://www.ticketmaster.co.uk/westlife-25-the-anniversary-world-tour-birmingham-18-10-2026/event/230063579BDF1025,B1 2AA,52.479932,-1.914924
19/10/2026,Ezhel,19:00:00,XOYO Birmingham,Music,Birmingham,1AdFZbEGklnMe43,https://www.ticketweb.uk/event/ezhel-xoyo-birmingham-tickets/14327923?REFERRAL_ID=tmfeed,B94AG,52.47501827,-1.88087599
21/10/2026,Johnathan Pie: The End Of The World According to Jonathan Pie,19:30:00,The Alexandra,Arts & Theatre,Birmingham,16UZkuyG7ZA5C5dk,https://www.ticketmaster.co.uk/johnathan-pie-the-end-of-the-birmingham-21-10-2026/event/36006379304ADA25,B5 4DS,52.476145,-1.901239
22/10/2026,Russell Howard - Don't Tell The Algorithm,19:30:00,The Alexandra,Arts & Theatre,Birmingham,1AUZkGSGkeWFFQY,https://www.ticketmaster.co.uk/russell-howard-dont-tell-the-algorithm-birmingham-22-10-2026/event/36006333BD2086B0,B5 4DS,52.476145,-1.901239
22/10/2026,Fat Freddy's Drop - 21st anniversary of Based on a True Story,19:00:00,O2 Academy Birmingham,Music,Birmingham,G5dzZbVjBjBIj,https://www.ticketmaster.co.uk/fat-freddys-drop-21st-anniversary-of-birmingham-22-10-2026/event/3E0063473A73AA1C,B1 1DB,52.473277,-1.900215
23/10/2026,Russell Howard - Don't Tell The Algorithm,19:30:00,The Alexandra,Arts & Theatre,Birmingham,1AUZkGSGkewlbZW,https://www.ticketmaster.co.uk/russell-howard-dont-tell-the-algorithm-birmingham-23-10-2026/event/36006333B2AD803D,B5 4DS,52.476145,-1.901239
23/10/2026,Christopher Hall: Pizazz,19:45:00,Glee Club,Arts & Theatre,Birmingham,G5vHZbzCetxSY,https://www.ticketmaster.co.uk/christopher-hall-pizazz-birmingham-23-10-2026/event/1F00638382A62CF0,B5 4TD,52.474541,-1.89662
24/10/2026,DR John Cooper Clarke,19:00:00,Town Hall Birmingham,Music,Birmingham,G5vHZbM3dfdgV,https://www.ticketmaster.co.uk/dr-john-cooper-clarke-birmingham-24-10-2026/event/1F00637483503D74,B3 3DQ,52.479447,-1.903587
24/10/2026,Russell Howard - Don't Tell The Algorithm,19:30:00,The Alexandra,Arts & Theatre,Birmingham,1AUZkGSGkewiFve,https://www.ticketmaster.co.uk/russell-howard-dont-tell-the-algorithm-birmingham-24-10-2026/event/36006333B2B08042,B5 4DS,52.476145,-1.901239
24/10/2026,Russell Howard - Don't Tell The Algorithm,15:30:00,The Alexandra,Arts & Theatre,Birmingham,1AUZkGSGkewlIvZ,https://www.ticketmaster.co.uk/russell-howard-dont-tell-the-algorithm-birmingham-24-10-2026/event/36006333B2AE8040,B5 4DS,52.476145,-1.901239
24/10/2026,Rachel Fairburn: Vexy Beasts,20:00:00,Glee Club,Arts & Theatre,Birmingham,G5vHZbS2O9IBj,https://www.ticketmaster.co.uk/rachel-fairburn-vexy-beasts-birmingham-24-10-2026/event/1F006333E05E8E9C,B5 4TD,52.474541,-1.89662
25/10/2026,Russell Howard - Don't Tell The Algorithm,19:30:00,The Alexandra,Arts & Theatre,Birmingham,1AUZkGSGkdA8znS,https://www.ticketmaster.co.uk/russell-howard-dont-tell-the-algorithm-birmingham-25-10-2026/event/36006333C5438AB3,B5 4DS,52.476145,-1.901239
25/10/2026,Russell Howard - Don't Tell The Algorithm,15:30:00,The Alexandra,Arts & Theatre,Birmingham,1AUZkGSGkeTHzLi,https://www.ticketmaster.co.uk/russell-howard-dont-tell-the-algorithm-birmingham-25-10-2026/event/36006333BFF387EC,B5 4DS,52.476145,-1.901239
25/10/2026,The Devil Wears Prada,18:00:00,O2 Institute Birmingham,Music,Birmingham,G5dzZbzHFApnt,https://www.ticketmaster.co.uk/the-devil-wears-prada-birmingham-25-10-2026/event/3E00638F08156AA9,B5 6DY,52.475756,-1.887562
30/10/2026,Casino Royale in Concert,19:30:00,Symphony Hall,Music,Birmingham,G5vHZbMlkoz2n,https://www.ticketmaster.co.uk/casino-royale-in-concert-birmingham-30-10-2026/event/1F00637AC64783EA,B1 2EA,52.478877,-1.910803
30/10/2026,Professor Brian Cox: Emergence World Tour,19:30:00,Utilita Arena Birmingham,Miscellaneous,Birmingham,1AeGZbSGkUMCoY5,https://www.ticketmaster.co.uk/professor-brian-cox-emergence-world-tour-birmingham-30-10-2026/event/2300633DB7391C0B,B1 2AA,52.479932,-1.914924
01/11/2026,Cody Johnson,18:00:00,Utilita Arena Birmingham,Music,Birmingham,1kFYv0o_GA1Tsuk,https://www.ticketmaster.co.uk/cody-johnson-birmingham-01-11-2026/event/230064459AFF1346,B1 2AA,52.479932,-1.914924
04/11/2026,Gipsy Kings by André Reyes,19:00:00,Symphony Hall,Music,Birmingham,G5vHZbghosFlz,https://www.ticketmaster.co.uk/gipsy-kings-by-andre-reyes-birmingham-04-11-2026/event/1F006356D1C48AF8,B1 2EA,52.478877,-1.910803
05/11/2026,Maisie Adam: Whatsherface,19:30:00,Town Hall Birmingham,Arts & Theatre,Birmingham,G5vHZbgmpE488,https://www.ticketmaster.co.uk/maisie-adam-whatsherface-birmingham-05-11-2026/event/1F00635B969D5410,B3 3DQ,52.479447,-1.903587
05/11/2026,STONE FOUNDATION Thu 05 Nov 2026 Performing Live Jam House Birmingham,18:00:00,The Jam House Birmingham,Music,Birmingham,LvZ18QbpO8Qf21YZyjxUW,https://www.universe.com/events/stone-foundation-thu-05-nov-2026-performing-live-jam-house-birmingham-tickets-RPNF09?ref=ticketmaster,B3 1QU,52.48509613,-1.904386
05/11/2026,Papa Roach - Rise of the Roach,18:00:00,Utilita Arena Birmingham,Music,Birmingham,1ANZkoAGkdg8sgm,https://www.ticketmaster.co.uk/papa-roach-rise-of-the-roach-birmingham-05-11-2026/event/23006445F5431D6E,B1 2AA,52.479932,-1.914924
16/10/2026,The Comedy Store - Great Yarmouth,20:00:00,Gorleston Pavilion,Arts & Theatre,Norfolk,1AUZka4GkdBrPv7,https://www.ticketmaster.co.uk/the-comedy-store-great-yarmouth-norfolk-16-10-2026/event/36006255FA7A5044,NR31 6PP,52.57124,-1.73266
10/10/2026,Quest fest 2026,14:00:00,KK's Steel Mill,Music,Wolverhampton,LvZ18QbuBAfl7c8ZylRZt,https://www.universe.com/events/quest-fest-2026-tickets-5F63ZP?ref=ticketmaster,WV2 4DU,52.5786863,-2.1309853
13/10/2026,Walter Trout,19:00:00,KK's Steel Mill,Music,Wolverhampton,LvZ18Q8clM9kTz8Zl3bT0,https://www.universe.com/events/walter-trout-tickets-MHBJQ7?ref=ticketmaster,WV2 4DU,52.5786863,-2.1309853
22/10/2026,The Bluetones - ‘Expecting To Fly’ 30th Anniversary Tour,19:00:00,KK's Steel Mill,Music,Wolverhampton,LvZ18Q9FiwtdRrOZwrmoh,https://www.universe.com/events/the-bluetones-expecting-to-fly-30th-anniversary-tour-tickets-8WHCVK?ref=ticketmaster,WV2 4DU,52.5786863,-2.1309853
31/10/2026,SOIL with special guests FINGER ELEVEN and ADEMA,18:30:00,KK's Steel Mill,Music,Wolverhampton,LvZ18Q27jHzAud8Z0Mx9g,https://www.universe.com/events/soil-with-special-guests-finger-eleven-and-adema-tickets-BRLKFC?ref=ticketmaster,WV2 4DU,52.5786863,-2.1309853
05/11/2026,BLACK STONE CHERRY - THE CELEBRATE TOUR,19:00:00,KK's Steel Mill,Music,Wolverhampton,LvZ18QK6pc9QPk8ZwCdLL,https://www.universe.com/events/black-stone-cherry-the-celebrate-tour-tickets-2415QM?ref=ticketmaster,WV2 4DU,52.5786863,-2.1309853
06/11/2026,L.A. GUNS Plus special guests,19:00:00,KK's Steel Mill,Music,Wolverhampton,LvZ18QpIY6PBfO8Zlgfic,https://www.universe.com/events/l-a-guns-plus-special-guests-tickets-76MK8V?ref=ticketmaster,WV2 4DU,52.5786863,-2.1309853
10/10/2026,Jonathan Pie: The End Of The World According To Jonathan Pie,19:30:00,University of Wolverhampton at The Civic Hall,Arts & Theatre,Wolverhampton,G5vHZbMNOlbNq,https://www.ticketmaster.co.uk/jonathan-pie-the-end-of-the-wolverhampton-10-10-2026/event/1F006378E0AD88DD,WV1 1RQ,52.586653,-2.130802
11/10/2026,Amon Amarth,17:30:00,University of Wolverhampton at The Civic Hall,Music,Wolverhampton,G5vHZbM3JXp6U,https://www.ticketmaster.co.uk/amon-amarth-wolverhampton-11-10-2026/event/1F006374A6F961F6,WV1 1RQ,52.586653,-2.130802
14/10/2026,The Bootleg Beatles,19:30:00,University of Wolverhampton at The Civic Hall,Music,Wolverhampton,G5vHZbgxNm67_,https://www.ticketmaster.co.uk/the-bootleg-beatles-wolverhampton-14-10-2026/event/1F006358A3B87119,WV1 1RQ,52.586653,-2.130802
22/10/2026,Jeff Wayne's Musical Version of The War of The Worlds,19:00:00,University of Wolverhampton at The Civic Hall,Arts & Theatre,Wolverhampton,G5vHZbM933F9J,https://www.ticketmaster.co.uk/jeff-waynes-musical-version-of-the-wolverhampton-22-10-2026/event/1F006375D24885E6,WV1 1RQ,52.586653,-2.130802
24/10/2026,Kevin Bloody Wilson - Fair Dinkum Funny,19:30:00,University of Wolverhampton at The Wulfrun Hall,Arts & Theatre,Wolverhampton,G5vHZbggideZ7,https://www.ticketmaster.co.uk/kevin-bloody-wilson-fair-dinkum-funny-wolverhampton-24-10-2026/event/1F00635D6C0C2004,WV1 1RQ,52.586653,-2.130802
28/10/2026,The Witcher in Concert,19:00:00,University of Wolverhampton at The Civic Hall,Arts & Theatre,Wolverhampton,G5vHZbMZ5XncC,https://www.ticketmaster.co.uk/the-witcher-in-concert-wolverhampton-28-10-2026/event/1F0063700BFAAB4E,WV1 1RQ,52.586653,-2.130802
10/10/2026,The Comedy Store - Kidderminster,20:00:00,Kidderminster Town Hall,Arts & Theatre,Kidderminster,G5vHZbwEbO-Jf,https://www.ticketmaster.co.uk/the-comedy-store-kidderminster-kidderminster-10-10-2026/event/1F006329D8821994,dy101db,52.3874,-2.24884
22/10/2026,Thomas Green - Brainstorm,20:00:00,Kidderminster Town Hall,Arts & Theatre,Kidderminster,G5vHZbzXp4sHU,https://www.ticketmaster.co.uk/thomas-green-brainstorm-kidderminster-22-10-2026/event/1F00638F96571F36,dy101db,52.3874,-2.24884
09/10/2026,Maisie Adam: Whatsherface,20:30:00,"Warwick Arts Centre, Coventry",Arts & Theatre,Coventry,G5vHZbUpqBP3G,https://www.ticketmaster.co.uk/maisie-adam-whatsherface-coventry-09-10-2026/event/1F0063659DEA548C,CV47AL,52.373743,-1.552358
17/10/2026,SUSAN CALMAN: TALL TALES,20:00:00,"Warwick Arts Centre, Coventry",Arts & Theatre,Coventry,G5vHZbzTKdAQf,https://www.ticketmaster.co.uk/susan-calman-tall-tales-coventry-17-10-2026/event/1F00638FD30C5694,CV47AL,52.373743,-1.552358
24/10/2026,Phil Wang: UH OH,20:00:00,"Warwick Arts Centre, Coventry",Arts & Theatre,Coventry,G5vHZbz5ZW9ao,https://www.ticketmaster.co.uk/phil-wang-uh-oh-coventry-24-10-2026/event/1F006382C0F57251,CV47AL,52.373743,-1.552358
10/10/2026,Moretallica,20:00:00,Queens Hall,Music,Nuneaton,LvZ18Q2clsZeYLYZloTO8,https://www.universe.com/events/moretallica-tickets-PCXB6K?ref=ticketmaster,CV11 5LA,52.522554,-1.473177
23/10/2026,Blaze Bayley - Iron Maiden Anniversary,19:00:00,Queens Hall,Music,Nuneaton,LvZ18Q3HEvFvPt8Zyt2N8,https://www.universe.com/events/blaze-bayley-iron-maiden-anniversary-tickets-ZPNV79?ref=ticketmaster,CV11 5LA,52.522554,-1.473177
06/11/2026,"Shef Leppard, Foreigner UK & Tin Man presents War of the Worlds",19:00:00,Queens Hall,Music,Nuneaton,LvZ18Q9etKaxCP8Zl50La,https://www.universe.com/events/shef-leppard-foreigner-uk-tin-man-presents-war-of-the-worlds-tickets-9ZTNSX?ref=ticketmaster,CV11 5LA,52.522554,-1.473177
09/10/2026,Warwick Castle - Daily Entry,10:00:00,Warwick Castle,Miscellaneous,Warwick,G5vHZ_7FRZFWV,https://attractions.ticketmaster.co.uk/book/1FL90-TICKETMASTER/#date=2026-10-09,CV34 4QU,52.280585,-1.585766
10/10/2026,Warwick Castle - Daily Entry,10:00:00,Warwick Castle,Miscellaneous,Warwick,G5vHZ_7FRuIXk,https://attractions.ticketmaster.co.uk/book/1FL90-TICKETMASTER/#date=2026-10-10,CV34 4QU,52.280585,-1.585766
11/10/2026,Warwick Castle - Daily Entry,10:00:00,Warwick Castle,Miscellaneous,Warwick,G5vHZ_7FRhFXL,https://attractions.ticketmaster.co.uk/book/1FL90-TICKETMASTER/#date=2026-10-11,CV34 4QU,52.280585,-1.585766
12/10/2026,Warwick Castle - Daily Entry,10:00:00,Warwick Castle,Miscellaneous,Warwick,G5vHZ_7FRIIXH,https://attractions.ticketmaster.co.uk/book/1FL90-TICKETMASTER/#date=2026-10-12,CV34 4QU,52.280585,-1.585766
13/10/2026,Warwick Castle - Daily Entry,10:00:00,Warwick Castle,Miscellaneous,Warwick,G5vHZ_7FRUFT6,https://attractions.ticketmaster.co.uk/book/1FL90-TICKETMASTER/#date=2026-10-13,CV34 4QU,52.280585,-1.585766
14/10/2026,Warwick Castle - Daily Entry,10:00:00,Warwick Castle,Miscellaneous,Warwick,G5vHZ_7FYdITG,https://attractions.ticketmaster.co.uk/book/1FL90-TICKETMASTER/#date=2026-10-14,CV34 4QU,52.280585,-1.585766
15/10/2026,Warwick Castle - Daily Entry,10:00:00,Warwick Castle,Miscellaneous,Warwick,G5vHZ_7FYobTb,https://attractions.ticketmaster.co.uk/book/1FL90-TICKETMASTER/#date=2026-10-15,CV34 4QU,52.280585,-1.585766
16/10/2026,Warwick Castle - Daily Entry,10:00:00,Warwick Castle,Miscellaneous,Warwick,G5vHZ_7FYLFTm,https://attractions.ticketmaster.co.uk/book/1FL90-TICKETMASTER/#date=2026-10-16,CV34 4QU,52.280585,-1.585766
17/10/2026,Warwick Castle - Daily Entry,10:00:00,Warwick Castle,Miscellaneous,Warwick,G5vHZ_7FYiITW,https://attractions.ticketmaster.co.uk/book/1FL90-TICKETMASTER/#date=2026-10-17,CV34 4QU,52.280585,-1.585766
18/10/2026,Warwick Castle - Daily Entry,10:00:00,Warwick Castle,Miscellaneous,Warwick,G5vHZ_7FYyyZ4,https://attractions.ticketmaster.co.uk/book/1FL90-TICKETMASTER/#date=2026-10-18,CV34 4QU,52.280585,-1.585766
19/10/2026,Warwick Castle - Daily Entry,10:00:00,Warwick Castle,Miscellaneous,Warwick,G5vHZ_7Fs6aZE,https://attractions.ticketmaster.co.uk/book/1FL90-TICKETMASTER/#date=2026-10-19,CV34 4QU,52.280585,-1.585766
20/10/2026,Warwick Castle - Daily Entry,10:00:00,Warwick Castle,Miscellaneous,Warwick,G5vHZ_7Fsf_ZS,https://attractions.ticketmaster.co.uk/book/1FL90-TICKETMASTER/#date=2026-10-20,CV34 4QU,52.280585,-1.585766
21/10/2026,Warwick Castle - Daily Entry,10:00:00,Warwick Castle,Miscellaneous,Warwick,G5vHZ_7Fs-yvd,https://attractions.ticketmaster.co.uk/book/1FL90-TICKETMASTER/#date=2026-10-21,CV34 4QU,52.280585,-1.585766
22/10/2026,Warwick Castle - Daily Entry,10:00:00,Warwick Castle,Miscellaneous,Warwick,G5vHZ_7FsRavJ,https://attractions.ticketmaster.co.uk/book/1FL90-TICKETMASTER/#date=2026-10-22,CV34 4QU,52.280585,-1.585766
23/10/2026,Warwick Castle - Daily Entry,10:00:00,Warwick Castle,Miscellaneous,Warwick,G5vHZ_7FsH_vS,https://attractions.ticketmaster.co.uk/book/1FL90-TICKETMASTER/#date=2026-10-23,CV34 4QU,52.280585,-1.585766
24/10/2026,Warwick Castle - Daily Entry,10:00:00,Warwick Castle,Miscellaneous,Warwick,G5vHZ_7FwatvX,https://attractions.ticketmaster.co.uk/book/1FL90-TICKETMASTER/#date=2026-10-24,CV34 4QU,52.280585,-1.585766
25/10/2026,Warwick Castle - Daily Entry,10:00:00,Warwick Castle,Miscellaneous,Warwick,G5vHZ_7Fw9aeo,https://attractions.ticketmaster.co.uk/book/1FL90-TICKETMASTER/#date=2026-10-25,CV34 4QU,52.280585,-1.585766
26/10/2026,Warwick Castle - Daily Entry,10:00:00,Warwick Castle,Miscellaneous,Warwick,G5vHZ_7Fw0_eL,https://attractions.ticketmaster.co.uk/book/1FL90-TICKETMASTER/#date=2026-10-26,CV34 4QU,52.280585,-1.585766
27/10/2026,Warwick Castle - Daily Entry,10:00:00,Warwick Castle,Miscellaneous,Warwick,G5vHZ_7Fwsyez,https://attractions.ticketmaster.co.uk/book/1FL90-TICKETMASTER/#date=2026-10-27,CV34 4QU,52.280585,-1.585766
28/10/2026,Warwick Castle - Daily Entry,10:00:00,Warwick Castle,Miscellaneous,Warwick,G5vHZ_7FwTtdd,https://attractions.ticketmaster.co.uk/book/1FL90-TICKETMASTER/#date=2026-10-28,CV34 4QU,52.280585,-1.585766
29/10/2026,Warwick Castle - Daily Entry,10:00:00,Warwick Castle,Miscellaneous,Warwick,G5vHZ_7FSGtdu,https://attractions.ticketmaster.co.uk/book/1FL90-TICKETMASTER/#date=2026-10-29,CV34 4QU,52.280585,-1.585766
30/10/2026,Warwick Castle - Daily Entry,10:00:00,Warwick Castle,Miscellaneous,Warwick,G5vHZ_7FSQadK,https://attractions.ticketmaster.co.uk/book/1FL90-TICKETMASTER/#date=2026-10-30,CV34 4QU,52.280585,-1.585766
31/10/2026,Warwick Castle - Daily Entry,10:00:00,Warwick Castle,Miscellaneous,Warwick,G5vHZ_7FSEtdi,https://attractions.ticketmaster.co.uk/book/1FL90-TICKETMASTER/#date=2026-10-31,CV34 4QU,52.280585,-1.585766
01/11/2026,Warwick Castle - Daily Entry,10:00:00,Warwick Castle,Miscellaneous,Warwick,G5vHZ_7FSVydH,https://attractions.ticketmaster.co.uk/book/1FL90-TICKETMASTER/#date=2026-11-01,CV34 4QU,52.280585,-1.585766
02/11/2026,Warwick Castle - Daily Entry,10:00:00,Warwick Castle,Miscellaneous,Warwick,G5vHZ_7FVe_dT,https://attractions.ticketmaster.co.uk/book/1FL90-TICKETMASTER/#date=2026-11-02,CV34 4QU,52.280585,-1.585766
03/11/2026,Warwick Castle - Daily Entry,10:00:00,Warwick Castle,Miscellaneous,Warwick,G5vHZ_7FV2y7C,https://attractions.ticketmaster.co.uk/book/1FL90-TICKETMASTER/#date=2026-11-03,CV34 4QU,52.280585,-1.585766
04/11/2026,Warwick Castle - Daily Entry,10:00:00,Warwick Castle,Miscellaneous,Warwick,G5vHZ_7FVq_7O,https://attractions.ticketmaster.co.uk/book/1FL90-TICKETMASTER/#date=2026-11-04,CV34 4QU,52.280585,-1.585766
05/11/2026,Warwick Castle - Daily Entry,10:00:00,Warwick Castle,Miscellaneous,Warwick,G5vHZ_7FVla7m,https://attractions.ticketmaster.co.uk/book/1FL90-TICKETMASTER/#date=2026-11-05,CV34 4QU,52.280585,-1.585766
06/11/2026,Warwick Castle - Daily Entry,10:00:00,Warwick Castle,Miscellaneous,Warwick,G5vHZ_7FVzt7D,https://attractions.ticketmaster.co.uk/book/1FL90-TICKETMASTER/#date=2026-11-06,CV34 4QU,52.280585,-1.585766
07/11/2026,Warwick Castle - Daily Entry,10:00:00,Warwick Castle,Miscellaneous,Warwick,G5vHZ_7FgkaAC,https://attractions.ticketmaster.co.uk/book/1FL90-TICKETMASTER/#date=2026-11-07,CV34 4QU,52.280585,-1.585766
16/10/2026,Hannah East: Express Yourself,19:30:00,Huntingdon Hall,Arts & Theatre,Worcester,G5vHZbwJ64OxB,https://www.ticketmaster.co.uk/hannah-east-express-yourself-worcester-16-10-2026/event/1F006329875608BA,WR1 3LD,52.192034,-2.222239
06/11/2026,Paul Merton & Suki Webster's Improv Show,19:30:00,Huntingdon Hall,Arts & Theatre,Worcester,G5vHZ_7K5Pgk2,https://www.ticketmaster.co.uk/paul-merton-suki-websters-improv-show-worcester-06-11-2026/event/1F006444CB97518F,WR1 3LD,52.192034,-2.222239
07/11/2026,The Proclaimers,19:30:00,Symphony Hall,Music,Birmingham,G5vHZbMfN7ijc,https://www.ticketmaster.co.uk/the-proclaimers-birmingham-07-11-2026/event/1F0063752312C72D,B1 2EA,52.478877,-1.910803
07/11/2026,overpass,19:00:00,O2 Academy Birmingham,Music,Birmingham,G5dzZ_eUKleh5,https://www.ticketmaster.co.uk/overpass-birmingham-07-11-2026/event/3E00642D93AC26CB,B1 1DB,52.473277,-1.900215
08/11/2026,Michael Starring Ben,19:30:00,Symphony Hall,Music,Birmingham,G5vHZbzm3fNvk,https://www.ticketmaster.co.uk/michael-starring-ben-birmingham-08-11-2026/event/1F00638B92523046,B1 2EA,52.478877,-1.910803
10/11/2026,The Australian Pink Floyd Show,18:30:00,Symphony Hall,Music,Birmingham,G5vHZbz6s7FJh,https://www.ticketmaster.co.uk/the-australian-pink-floyd-show-birmingham-10-11-2026/event/1F006381F110899B,B1 2EA,52.478877,-1.910803
11/11/2026,Mike Wozniak: The Bench,19:30:00,Town Hall Birmingham,Arts & Theatre,Birmingham,G5vHZbUmb80lG,https://www.ticketmaster.co.uk/mike-wozniak-the-bench-birmingham-11-11-2026/event/1F00636B98424ACC,B3 3DQ,52.479447,-1.903587
11/11/2026,The Australian Pink Floyd Show,18:30:00,Symphony Hall,Music,Birmingham,G5vHZbz6U3zV6,https://www.ticketmaster.co.uk/the-australian-pink-floyd-show-birmingham-11-11-2026/event/1F006381F64B8D07,B1 2EA,52.478877,-1.910803
11/11/2026,Bill Bailey: Vaudevillean,20:00:00,Utilita Arena Birmingham,Arts & Theatre,Birmingham,1ANZkugGkdmqekw,https://www.ticketmaster.co.uk/bill-bailey-vaudevillean-birmingham-11-11-2026/event/23006375EE7421B2,B1 2AA,52.479932,-1.914924
12/11/2026,Boyzlife Featuring Keith Duffy & Brian McFadden,19:30:00,Symphony Hall,Music,Birmingham,G5vHZbMwiypRB,https://www.ticketmaster.co.uk/boyzlife-featuring-keith-duffy-brian-mcfadden-birmingham-12-11-2026/event/1F00637CACE56BFA,B1 2EA,52.478877,-1.910803
12/11/2026,Picture This,19:00:00,O2 Academy Birmingham,Music,Birmingham,G5dzZbUDq0toC,https://www.ticketmaster.co.uk/picture-this-birmingham-12-11-2026/event/3E00636EDD92944E,B1 1DB,52.473277,-1.900215
13/11/2026,Just Radiohead,19:00:00,O2 Academy2 Birmingham,Music,Birmingham,G5dzZbU3q709n,https://www.ticketmaster.co.uk/just-radiohead-birmingham-13-11-2026/event/3E0063649D1245EA,B1 1DB,52.47406,-1.89955
14/11/2026,Thomas Green - Brainstorm,20:00:00,Town Hall Birmingham,Arts & Theatre,Birmingham,G5vHZbzMg0ETp,https://www.ticketmaster.co.uk/thomas-green-brainstorm-birmingham-14-11-2026/event/1F00638DF5927FD6,B3 3DQ,52.479447,-1.903587
16/11/2026,Jack Savoretti,18:30:00,Symphony Hall,Music,Birmingham,G5vHZ_dCzDSqW,https://www.ticketmaster.co.uk/jack-savoretti-birmingham-16-11-2026/event/1F006433B8EF377D,B1 2EA,52.478877,-1.910803
17/11/2026,Jah Lil,18:00:00,O2 Institute2 Birmingham,Music,Birmingham,G5dzZb0MfxNlj,https://www.ticketmaster.co.uk/jah-lil-birmingham-17-11-2026/event/3E00624DD48A3ADC,B5 6DY,52.475756,-1.887562
20/11/2026,SUSAN CALMAN: TALL TALES,19:30:00,Town Hall Birmingham,Arts & Theatre,Birmingham,G5vHZbM-7pGE9,https://www.ticketmaster.co.uk/susan-calman-tall-tales-birmingham-20-11-2026/event/1F0063784458C9D7,B3 3DQ,52.479447,-1.903587
20/11/2026,Jools Holland and His Rhythm & Blues Orchestra,19:30:00,Symphony Hall,Music,Birmingham,G5vHZ_ewR53kq,https://www.ticketmaster.co.uk/jools-holland-and-his-rhythm-blues-birmingham-20-11-2026/event/1F00642CAF2D219D,B1 2EA,52.478877,-1.910803
20/11/2026,Bloc Party & Interpol Co-Headline Tour,18:00:00,Utilita Arena Birmingham,Music,Birmingham,1AeGZbgGkDhVxZI,https://www.ticketmaster.co.uk/bloc-party-interpol-coheadline-tour-birmingham-20-11-2026/event/2300635EDBD22028,B1 2AA,52.479932,-1.914924
21/11/2026,Jools Holland and His Rhythm & Blues Orchestra,19:30:00,Symphony Hall,Music,Birmingham,G5vHZ_ewSyxEy,https://www.ticketmaster.co.uk/jools-holland-and-his-rhythm-blues-birmingham-21-11-2026/event/1F00642CB3E629F9,B1 2EA,52.478877,-1.910803
21/11/2026,Embrace,19:00:00,O2 Academy Birmingham,Music,Birmingham,G5dzZ_drSsV_L,https://www.ticketmaster.co.uk/embrace-birmingham-21-11-2026/event/3E006437B3C7465F,B1 1DB,52.473277,-1.900215
25/11/2026,Bellowhead,18:30:00,Symphony Hall,Music,Birmingham,G5vHZbM2tQ_xB,https://www.ticketmaster.co.uk/bellowhead-birmingham-25-11-2026/event/1F006373E96998BA,B1 2EA,52.478877,-1.910803
26/11/2026,Zimmer90: ARTHOUSE TOUR 2026,19:00:00,O2 Institute2 Birmingham,Music,Birmingham,G5dzZ_dM4rVDg,https://www.ticketmaster.co.uk/zimmer90-arthouse-tour-2026-birmingham-26-11-2026/event/3E00643DD57B4EF5,B5 6DY,52.475756,-1.887562
28/11/2026,Squeeze plus Very Special Guest Billy Bragg,18:00:00,Utilita Arena Birmingham,Music,Birmingham,1ANZkugGkdxcsXl,https://www.ticketmaster.co.uk/squeeze-plus-very-special-guest-billy-birmingham-28-11-2026/event/23006375E2B71FAB,B1 2AA,52.479932,-1.914924
29/11/2026,Adam Rowe - Fashionism,19:30:00,The Alexandra,Arts & Theatre,Birmingham,16UZkub0dZA26dA7,https://www.ticketmaster.co.uk/adam-rowe-fashionism-birmingham-29-11-2026/event/36006358903E6243,B5 4DS,52.476145,-1.901239
02/12/2026,Kevin Bridges: Here If You Need Me,20:00:00,Utilita Arena Birmingham,Arts & Theatre,Birmingham,1AeGZbMGkmuDs7_,https://www.ticketmaster.co.uk/kevin-bridges-here-if-you-need-birmingham-02-12-2026/event/2300637B8DEF1119,B1 2AA,52.479932,-1.914924
03/12/2026,Flo & Joan - With Feeling,19:30:00,Town Hall Birmingham,Arts & Theatre,Birmingham,G5vHZbz5nXzyd,https://www.ticketmaster.co.uk/flo-joan-with-feeling-birmingham-03-12-2026/event/1F006382EAFB8E43,B3 3DQ,52.479447,-1.903587
05/12/2026,The Tumbling Paddies,19:00:00,O2 Institute Birmingham,Music,Birmingham,G5dzZbUBXm99O,https://www.ticketmaster.co.uk/the-tumbling-paddies-birmingham-05-12-2026/event/3E00636EBEB975E0,B5 6DY,52.475756,-1.887562
20/11/2026,Hits Radio Live 2026,18:00:00,bp pulse LIVE,Music,Birmingham,1kFYvNjzGACuo1y,https://www.ticketmaster.co.uk/hits-radio-live-2026-birmingham-20-11-2026/event/230063738E3512B9,B401NT,52.453057,-1.720073
21/11/2026,Deep Purple,17:30:00,bp pulse LIVE,Music,Birmingham,16eGZbMGFG7c3If,https://www.ticketmaster.co.uk/deep-purple-birmingham-21-11-2026/event/2300637308B52A14,B401NT,52.453057,-1.720073
04/12/2026,The Comedy Store - Great Yarmouth,20:00:00,Gorleston Pavilion,Arts & Theatre,Norfolk,16dbZbPfaG7cAFf,https://www.ticketmaster.co.uk/the-comedy-store-great-yarmouth-norfolk-04-12-2026/event/3600625509B45214,NR31 6PP,52.57124,-1.73266
21/11/2026,Little Angels - Big Bad and Back Tour 2026,19:00:00,KK's Steel Mill,Music,Wolverhampton,LvZ18QbF6zLvefYZylEuC,https://www.universe.com/events/little-angels-big-bad-and-back-tour-2026-tickets-FXYJ36?ref=ticketmaster,WV2 4DU,52.5786863,-2.1309853
22/11/2026,Paul Merton & Suki Webster's Improv Show,20:00:00,University of Wolverhampton at The Wulfrun Hall,Arts & Theatre,Wolverhampton,G5vHZ_73uYsgh,https://www.ticketmaster.co.uk/paul-merton-suki-websters-improv-show-wolverhampton-22-11-2026/event/1F0064448DC31D5B,WV1 1RQ,52.586653,-2.130802
05/12/2026,The Comedy Store - Kidderminster,20:00:00,Kidderminster Town Hall,Arts & Theatre,Kidderminster,G5vHZbwEO9sn2,https://www.ticketmaster.co.uk/the-comedy-store-kidderminster-kidderminster-05-12-2026/event/1F006329E05F1A8F,dy101db,52.3874,-2.24884
12/11/2026,Mike Wozniak: The Bench,19:30:00,"Warwick Arts Centre, Coventry",Arts & Theatre,Coventry,G5vHZbUgievxB,https://www.ticketmaster.co.uk/mike-wozniak-the-bench-coventry-12-11-2026/event/1F00636D6C0818BA,CV47AL,52.373743,-1.552358
14/11/2026,Ginger Johnson: Show Pony,19:30:00,"Warwick Arts Centre, Coventry",Arts & Theatre,Coventry,G5vHZbzNt5U-1,https://www.ticketmaster.co.uk/ginger-johnson-show-pony-coventry-14-11-2026/event/1F006388E92F684A,CV47AL,52.373743,-1.552358
20/11/2026,Flo & Joan: With Feeling,19:30:00,"Warwick Arts Centre, Coventry",Arts & Theatre,Coventry,G5vHZ_79uqgkt,https://www.ticketmaster.co.uk/flo-joan-with-feeling-coventry-20-11-2026/event/1F006445CD7751A9,CV47AL,52.373743,-1.552358
27/11/2026,Jonathan Pie: The End Of The World According To Jonathan Pie,19:30:00,"Warwick Arts Centre, Coventry",Arts & Theatre,Coventry,G5vHZbyePCNdf,https://www.ticketmaster.co.uk/jonathan-pie-the-end-of-the-coventry-27-11-2026/event/1F006390A53A30D4,CV47AL,52.373743,-1.552358
20/11/2026,The Comedy Store - Coventry,19:30:00,The Albany Theatre,Arts & Theatre,Coventry,G5vHZbPpjNsmG,https://www.ticketmaster.co.uk/the-comedy-store-coventry-coventry-20-11-2026/event/1F0062559C8F1B8C,CV1 3BH,52.4060266,-1.5245886
13/11/2026,Bill Bailey: Vaudevillean,20:00:00,Coventry Building Society Arena,Arts & Theatre,Coventry,1AMZkugGkd_QFlE,https://www.ticketmaster.co.uk/bill-bailey-vaudevillean-coventry-13-11-2026/event/37006375D9688AE7,CV6 6GE,52.448267,-1.497429
13/11/2026,Bill Bailey,20:00:00,Coventry Building Society Arena,Unknown,Coventry,Z9qgVMyxjZBYPIEzJMnSJZeav,https://www.eticketing.co.uk/cbsarena/EDP/Event/Index/180,CV6 6GE,52.448267,-1.497429
27/11/2026,Cockney Rejects,19:30:00,Queens Hall,Music,Nuneaton,LvZ18QpxWTTisMOZ0MdFx,https://www.universe.com/events/cockney-rejects-tickets-WCH0MR?ref=ticketmaster,CV11 5LA,52.522554,-1.473177
05/12/2026,King Awesome,20:00:00,Queens Hall,Music,Nuneaton,LvZ18Q9c6LczRNYZyOhH7,https://www.universe.com/events/king-awesome-tickets-L59J80?ref=ticketmaster,CV11 5LA,52.522554,-1.473177
08/11/2026,Warwick Castle - Daily Entry,10:00:00,Warwick Castle,Miscellaneous,Warwick,G5vHZ_7FgKtAj,https://attractions.ticketmaster.co.uk/book/1FL90-TICKETMASTER/#date=2026-11-08,CV34 4QU,52.280585,-1.585766
09/11/2026,Warwick Castle - Daily Entry,10:00:00,Warwick Castle,Miscellaneous,Warwick,G5vHZ_7Fg-aAY,https://attractions.ticketmaster.co.uk/book/1FL90-TICKETMASTER/#date=2026-11-09,CV34 4QU,52.280585,-1.585766
10/11/2026,Warwick Castle - Daily Entry,10:00:00,Warwick Castle,Miscellaneous,Warwick,G5vHZ_7FgmyAH,https://attractions.ticketmaster.co.uk/book/1FL90-TICKETMASTER/#date=2026-11-10,CV34 4QU,52.280585,-1.585766
11/11/2026,Warwick Castle - Daily Entry,10:00:00,Warwick Castle,Miscellaneous,Warwick,G5vHZ_7FgDyka,https://attractions.ticketmaster.co.uk/book/1FL90-TICKETMASTER/#date=2026-11-11,CV34 4QU,52.280585,-1.585766
12/11/2026,Warwick Castle - Daily Entry,10:00:00,Warwick Castle,Miscellaneous,Warwick,G5vHZ_7FUa_kh,https://attractions.ticketmaster.co.uk/book/1FL90-TICKETMASTER/#date=2026-11-12,CV34 4QU,52.280585,-1.585766
13/11/2026,Warwick Castle - Daily Entry,10:00:00,Warwick Castle,Miscellaneous,Warwick,G5vHZ_7FUpykx,https://attractions.ticketmaster.co.uk/book/1FL90-TICKETMASTER/#date=2026-11-13,CV34 4QU,52.280585,-1.585766
14/11/2026,Warwick Castle - Daily Entry,10:00:00,Warwick Castle,Miscellaneous,Warwick,G5vHZ_7FU0_kS,https://attractions.ticketmaster.co.uk/book/1FL90-TICKETMASTER/#date=2026-11-14,CV34 4QU,52.280585,-1.585766
15/11/2026,Warwick Castle - Daily Entry,10:00:00,Warwick Castle,Miscellaneous,Warwick,G5vHZ_7FUsyky,https://attractions.ticketmaster.co.uk/book/1FL90-TICKETMASTER/#date=2026-11-15,CV34 4QU,52.280585,-1.585766
16/11/2026,Warwick Castle - Daily Entry,10:00:00,Warwick Castle,Miscellaneous,Warwick,G5vHZ_7FUT_6A,https://attractions.ticketmaster.co.uk/book/1FL90-TICKETMASTER/#date=2026-11-16,CV34 4QU,52.280585,-1.585766
17/11/2026,Warwick Castle - Daily Entry,10:00:00,Warwick Castle,Miscellaneous,Warwick,G5vHZ_7FMGy6f,https://attractions.ticketmaster.co.uk/book/1FL90-TICKETMASTER/#date=2026-11-17,CV34 4QU,52.280585,-1.585766
18/11/2026,Warwick Castle - Daily Entry,10:00:00,Warwick Castle,Miscellaneous,Warwick,G5vHZ_7FMQt6J,https://attractions.ticketmaster.co.uk/book/1FL90-TICKETMASTER/#date=2026-11-18,CV34 4QU,52.280585,-1.585766
19/11/2026,Warwick Castle - Daily Entry,10:00:00,Warwick Castle,Miscellaneous,Warwick,G5vHZ_7FMI_6V,https://attractions.ticketmaster.co.uk/book/1FL90-TICKETMASTER/#date=2026-11-19,CV34 4QU,52.280585,-1.585766
20/11/2026,Warwick Castle - Daily Entry,10:00:00,Warwick Castle,Miscellaneous,Warwick,G5vHZ_7FMgtF6,https://attractions.ticketmaster.co.uk/book/1FL90-TICKETMASTER/#date=2026-11-20,CV34 4QU,52.280585,-1.585766
15/11/2026,Flo & Joan - With Feeling,19:30:00,Swan Theatre,Arts & Theatre,Worcester,1AdjZbMGkmKdAfA,https://www.ticketmaster.co.uk/flo-joan-with-feeling-worcester-15-11-2026/event/3700637B930C5505,WR1 3ED,52.197278,-2.228599
09/12/2026,Pete Tong Presents Ibiza Classics,18:00:00,Utilita Arena Birmingham,Music,Birmingham,1AeGZbzGkmQwvuf,https://www.ticketmaster.co.uk/pete-tong-presents-ibiza-classics-birmingham-09-12-2026/event/2300638B9AC81354,B1 2AA,52.479932,-1.914924
12/12/2026,The Dualers,19:00:00,O2 Academy Birmingham,Music,Birmingham,G5dzZbSNY4F5P,https://www.ticketmaster.co.uk/the-dualers-birmingham-12-12-2026/event/3E006338F05482E5,B1 1DB,52.473277,-1.900215
12/12/2026,The Darkness,18:00:00,Utilita Arena Birmingham,Music,Birmingham,1ANZkuwGkdQovne,https://www.ticketmaster.co.uk/the-darkness-birmingham-12-12-2026/event/23006372DA441A82,B1 2AA,52.479932,-1.914924
13/12/2026,TOYAH - Toyah's Christmas Party,19:30:00,Town Hall Birmingham,Music,Birmingham,G5vHZbzKSGtc0,https://www.ticketmaster.co.uk/toyah-toyahs-christmas-party-birmingham-13-12-2026/event/1F006384F3329B64,B3 3DQ,52.479447,-1.903587
15/12/2026,The Bootleg Beatles,19:30:00,Symphony Hall,Music,Birmingham,G5vHZ_dhUT0Bj,https://www.ticketmaster.co.uk/the-bootleg-beatles-birmingham-15-12-2026/event/1F006436F6FE4E9C,B1 2EA,52.478877,-1.910803
12/12/2026,Ocean Colour Scene,18:00:00,bp pulse LIVE,Music,Birmingham,1AeGZbVGkn_u-9j,https://www.ticketmaster.co.uk/ocean-colour-scene-birmingham-12-12-2026/event/2300634A993615DC,B401NT,52.453057,-1.720073
27/12/2026,"Bad Manners, Max Splodge",19:00:00,KK's Steel Mill,Music,Wolverhampton,1AdFZbJGknzDdKt,https://www.ticketweb.uk/event/bad-manners-max-splodge-kks-steel-mill-tickets/14281343?REFERRAL_ID=tmfeed,WV2 4DU,52.5786863,-2.1309853
19/12/2026,Dementia Aware Festivities Coventry 2026,15:00:00,The Arches,Music,Coventry,LvZ18Q4OUBS838OZypjfq,https://www.universe.com/events/dementia-aware-festivities-coventry-2026-tickets-CJDWPL?ref=ticketmaster,CV1 3JQ,52.410261,-1.527121
18/12/2026,Ultimate Coldplay,20:00:00,Queens Hall,Music,Nuneaton,LvZ18QprexeuCYOZy2LHd,https://www.universe.com/events/ultimate-coldplay-tickets-3LTFDQ?ref=ticketmaster,CV11 5LA,52.522554,-1.473177
19/12/2026,Christmas Chaos at the Crew!,19:00:00,Queens Hall,Unknown,Nuneaton,LvZ18QbF1W-9uHZZ0W995,https://www.universe.com/events/christmas-chaos-at-the-crew-tickets-1VNXPH?ref=ticketmaster,CV11 5LA,52.522554,-1.473177
13/01/2027,Greg Davies Full Fat Legend,19:30:00,Symphony Hall,Arts & Theatre,Birmingham,G5vHZbzpXsbzH,https://www.ticketmaster.co.uk/greg-davies-full-fat-legend-birmingham-13-01-2027/event/1F006385BEC58E3C,B1 2EA,52.478877,-1.910803
14/01/2027,Greg Davies Full Fat Legend,19:30:00,Symphony Hall,Arts & Theatre,Birmingham,G5vHZbzpyvzn5,https://www.ticketmaster.co.uk/greg-davies-full-fat-legend-birmingham-14-01-2027/event/1F006385B9078A8B,B1 2EA,52.478877,-1.910803
23/03/2027,Milos,19:30:00,Town Hall Birmingham,Music,Birmingham,G5vHZblQYbsSC,https://www.ticketmaster.co.uk/milos-birmingham-23-03-2027/event/1F0062B6B0631CCE,B3 3DQ,52.479447,-1.903587
02/04/2027,Romesh Ranganathan Will Change Your Life,20:00:00,Utilita Arena Birmingham,Arts & Theatre,Birmingham,1AeGZbUGkV5MoUG,https://www.ticketmaster.co.uk/romesh-ranganathan-will-change-your-life-birmingham-02-04-2027/event/2300636D0BDD1D8C,B1 2AA,52.479932,-1.914924
03/04/2027,Romesh Ranganathan Will Change Your Life,20:00:00,Utilita Arena Birmingham,Arts & Theatre,Birmingham,1AeGZbUGkV5MsUC,https://www.ticketmaster.co.uk/romesh-ranganathan-will-change-your-life-birmingham-03-04-2027/event/2300636D0BDF1D8E,B1 2AA,52.479932,-1.914924
01/05/2027,John Bishop - Let's Go Round Again,19:30:00,Utilita Arena Birmingham,Arts & Theatre,Birmingham,1ANZk8UGkdgS-_c,https://www.ticketmaster.co.uk/john-bishop-lets-go-round-again-birmingham-01-05-2027/event/23006436F5CE166D,B1 2AA,52.479932,-1.914924
22/05/2027,"Troy Hawke: Never Stop, Never Change!",19:30:00,Symphony Hall,Arts & Theatre,Birmingham,G5vHZbRplSoCY,https://www.ticketmaster.co.uk/troy-hawke-never-stop-never-change-birmingham-22-05-2027/event/1F0062F5ABCD13B0,B1 2EA,52.478877,-1.910803
04/09/2027,Alan Carr: Have I Said Too Much?,19:30:00,University of Wolverhampton at The Civic Hall,Arts & Theatre,Wolverhampton,G5vHZbz2iHbzf,https://www.ticketmaster.co.uk/alan-carr-have-i-said-too-wolverhampton-04-09-2027/event/1F006383ECF18E14,WV1 1RQ,52.586653,-2.130802
05/09/2027,Alan Carr: Have I Said Too Much?,19:30:00,University of Wolverhampton at The Civic Hall,Arts & Theatre,Wolverhampton,G5vHZbzKWw1kI,https://www.ticketmaster.co.uk/alan-carr-have-i-said-too-wolverhampton-05-09-2027/event/1F006384FDC8A1A8,WV1 1RQ,52.586653,-2.130802
01/10/2027,Alan Carr: Have I Said Too Much?,20:00:00,"Warwick Arts Centre, Coventry",Arts & Theatre,Coventry,G5vHZbz3tKkuz,https://www.ticketmaster.co.uk/alan-carr-have-i-said-too-coventry-01-10-2027/event/1F006384A94C6378,CV47AL,52.373743,-1.552358
02/10/2027,Alan Carr: Have I Said Too Much?,20:00:00,"Warwick Arts Centre, Coventry",Arts & Theatre,Coventry,G5vHZbz3tKpuB,https://www.ticketmaster.co.uk/alan-carr-have-i-said-too-coventry-02-10-2027/event/1F006384A94D637A,CV47AL,52.373743,-1.552358
