Date,Name,Time,Venue Name,Type,City,ID,url,PostalCode,Latitude,Longitude
11/02/2026,Stardew Valley: Symphony of Seasons,19:00:00,O2 Apollo Manchester,Arts & Theatre,Manchester,16UZkkkJaZAueddk,https://www.ticketmaster.co.uk/stardew-valley-symphony-of-seasons-manchester-11-02-2026/event/36006186989C1225,M12 6AP,53.469422,-2.221964
12/02/2026,Stardew Valley: Symphony Of Seasons,19:00:00,O2 Apollo Manchester,Arts & Theatre,Manchester,1AdbZbpGkTJNKGH,https://www.ticketmaster.co.uk/stardew-valley-symphony-of-seasons-manchester-12-02-2026/event/3600616FE68D333C,M12 6AP,53.469422,-2.221964
19/02/2026,The Next Step,17:30:00,O2 Apollo Manchester,Arts & Theatre,Manchester,1AdbZbVGkTZmMIG,https://www.ticketmaster.co.uk/the-next-step-manchester-19-02-2026/event/3600634FC0BB7A0C,M12 6AP,53.469422,-2.221964
19/02/2026,The Next Step,12:00:00,O2 Apollo Manchester,Arts & Theatre,Manchester,1kuOvNf_GAupU63,https://www.ticketmaster.co.uk/the-next-step-manchester-19-02-2026/event/360063519D5B61D2,M12 6AP,53.469422,-2.221964
25/02/2026,Jordan Davis - Ain't Enough Road Tour,18:30:00,O2 Apollo Manchester,Music,Manchester,1adbZbYp3bOZd2uv,https://www.ticketmaster.co.uk/jordan-davis-aint-enough-road-tour-manchester-25-02-2026/event/3600630592620EC0,M12 6AP,53.469422,-2.221964
26/02/2026,Jordan Davis - Ain't Enough Road Tour,18:30:00,O2 Apollo Manchester,Music,Manchester,1AUZkGAGkd-bsrV,https://www.ticketmaster.co.uk/jordan-davis-aint-enough-road-tour-manchester-26-02-2026/event/36006305E16317B4,M12 6AP,53.469422,-2.221964
27/02/2026,Mogwai,19:00:00,O2 Apollo Manchester,Music,Manchester,1AdbZbwGkmEOouT,https://www.ticketmaster.co.uk/mogwai-manchester-27-02-2026/event/3600632BA781137F,M12 6AP,53.469422,-2.221964
28/02/2026,Talking Sopranos,19:30:00,O2 Apollo Manchester,Arts & Theatre,Manchester,17uOvxG61NhZfgz,https://www.ticketmaster.co.uk/talking-sopranos-manchester-28-02-2026/event/360062A8DB014D78,M12 6AP,53.469422,-2.221964
09/03/2026,An Evening With David Byrne - Who is the Sky Tour,19:00:00,O2 Apollo Manchester,Music,Manchester,17uOvxG6GKIxSv_,https://www.ticketmaster.co.uk/an-evening-with-david-byrne-who-manchester-09-03-2026/event/360062C4E88B3059,M12 6AP,53.469422,-2.221964
10/03/2026,An Evening With David Byrne - Who is the Sky Tour,19:00:00,O2 Apollo Manchester,Music,Manchester,17uOvxG6GEitdiQ,https://www.ticketmaster.co.uk/an-evening-with-david-byrne-who-manchester-10-03-2026/event/360062C9ECA43B1A,M12 6AP,53.469422,-2.221964
11/03/2026,An Evening With David Byrne - Who is the Sky Tour,19:00:00,O2 Apollo Manchester,Music,Manchester,17uOvxG6GEgfNTj,https://www.ticketmaster.co.uk/an-evening-with-david-byrne-who-manchester-11-03-2026/event/360062C9F5523FDC,M12 6AP,53.469422,-2.221964
10/02/2026,Saba,19:30:00,Manchester Club Academy,Music,Manchester,G5vHZbwRbcoVu,https://www.ticketmaster.co.uk/saba-manchester-10-02-2026/event/1F00632BD8B51D0D,M13 9PR,53.464386,-2.232225
10/02/2026,Visions Of Atlantis + Warkings,18:30:00,Manchester Academy 2,Music,Manchester,LvZ18Q3hCA4jjUYZ0aspa,https://www.universe.com/events/visions-of-atlantis-warkings-tickets-KTSX8R?ref=ticketmaster,M13 9PR,53.464386,-2.232225
12/02/2026,The Cost,19:30:00,Manchester Academy 3,Music,Manchester,LvZ18Q3h2pISgXYZw2166,https://www.universe.com/events/the-cost-tickets-4SKX3R?ref=ticketmaster,M13 9PR,53.464386,-2.232225
13/02/2026,Pure Reason Revolution,19:00:00,Manchester Club Academy,Music,Manchester,17GOvOG62NLNvyF,https://www.ticketweb.uk/event/pure-reason-revolution-manchester-club-academy-tickets/13796313?REFERRAL_ID=tmfeed,M13 9PR,53.464386,-2.232225
13/02/2026,Ashnikko: Smoochies Tour,19:00:00,Manchester Academy,Music,Manchester,G5vHZbYQpn8RJ,https://www.ticketmaster.co.uk/ashnikko-smoochies-tour-manchester-13-02-2026/event/1F00630696A90BE6,M13 9PR,53.464386,-2.232225
14/02/2026,Ashnikko: Smoochies Tour,19:00:00,Manchester Academy,Music,Manchester,G5vHZbY9mh-gV,https://www.ticketmaster.co.uk/ashnikko-smoochies-tour-manchester-14-02-2026/event/1F006305EE6E1D74,M13 9PR,53.464386,-2.232225
15/02/2026,Avatar: A Night To Be Torn Apart,18:00:00,Manchester Academy,Music,Manchester,G5vHZbtQ9Mok8,https://www.ticketmaster.co.uk/avatar-a-night-to-be-torn-manchester-15-02-2026/event/1F00629697DD1190,M13 9PR,53.464386,-2.232225
17/02/2026,Dec-10,20:00:00,Manchester Academy 3,Music,Manchester,G5vHZ_eUOzsYU,https://www.ticketmaster.co.uk/december-10-manchester-17-02-2026/event/1F00642DA0E31C36,M13 9PR,53.464386,-2.232225
17/02/2026,December 10 - Early Show,17:00:00,Manchester Academy 3,Music,Manchester,G5vHZ_eUWreVq,https://www.ticketmaster.co.uk/december-10-early-show-manchester-17-02-2026/event/1F00642DBD782D1D,M13 9PR,53.464386,-2.232225
19/02/2026,The Useless Hotline: Now Hiring!,19:30:00,Manchester Academy,Arts & Theatre,Manchester,G5vHZbSn3XpiI,https://www.ticketmaster.co.uk/the-useless-hotline-now-hiring-manchester-19-02-2026/event/1F00633A92F96B28,M13 9PR,53.464386,-2.232225
19/02/2026,La Dispute,19:30:00,Manchester Club Academy,Music,Manchester,G5vHZbYSt5xEe,https://www.ticketmaster.co.uk/la-dispute-manchester-19-02-2026/event/1F00630CE92E29C2,M13 9PR,53.464386,-2.232225
20/02/2026,Michael Marcagi,19:30:00,Manchester Academy 2,Music,Manchester,17GOvxG6GM5JN8N,https://www.ticketweb.uk/event/michael-marcagi-manchester-academy-2-tickets/13811944?REFERRAL_ID=tmfeed,M13 9PR,53.464386,-2.232225
21/02/2026,Alex Spencer,19:30:00,Manchester Academy 2,Music,Manchester,G5vHZbS6N_bGv,https://www.ticketmaster.co.uk/alex-spencer-manchester-21-02-2026/event/1F006331E3658301,M13 9PR,53.464386,-2.232225
21/02/2026,Kezia Gill,19:30:00,Manchester Club Academy,Music,Manchester,G5vHZbcdx-dPw,https://www.ticketmaster.co.uk/kezia-gill-manchester-21-02-2026/event/1F0062D0E2843972,M13 9PR,53.464386,-2.232225
22/02/2026,KATAKLYSM,19:00:00,Manchester Academy 2,Music,Manchester,LvZ18QCz37S45XZZl9qCV,https://www.universe.com/events/kataklysm-tickets-BY0FCM?ref=ticketmaster,M13 9PR,53.464386,-2.232225
25/02/2026,Heaven Shall Burn,19:30:00,Manchester Academy 2,Music,Manchester,G5vHZbR9Mie46,https://www.ticketmaster.co.uk/heaven-shall-burn-manchester-25-02-2026/event/1F0062F5F7B02547,M13 9PR,53.464386,-2.232225
25/02/2026,Airbourne,19:00:00,Manchester Academy,Music,Manchester,G5vHZbiKmn0Pd,https://www.ticketmaster.co.uk/airbourne-manchester-25-02-2026/event/1F0062C4EEAA4943,M13 9PR,53.464386,-2.232225
26/02/2026,Sikth Ê Death of a Dead Day Â 20th Anniversary Performance,19:30:00,Manchester Academy 2,Music,Manchester,17GOvxG6Gm7GoO9,https://www.ticketweb.uk/event/sikth-death-of-a-manchester-academy-2-tickets/13806384?REFERRAL_ID=tmfeed,M13 9PR,53.464386,-2.232225
26/02/2026,SL,19:30:00,Manchester Club Academy,Music,Manchester,17GOvxG6u3sVx09,https://www.ticketweb.uk/event/sl-manchester-club-academy-tickets/13828534?REFERRAL_ID=tmfeed,M13 9PR,53.464386,-2.232225
26/02/2026,Peter Capaldi,19:30:00,Manchester Academy 3,Music,Manchester,1AwZkuyGkdf68EE,https://www.ticketweb.uk/event/peter-capaldi-manchester-academy-3-tickets/14720303?REFERRAL_ID=tmfeed,M13 9PR,53.464386,-2.232225
26/02/2026,grandson,19:00:00,Manchester Academy,Music,Manchester,G5vHZbYUV6da7,https://www.ticketmaster.co.uk/grandson-manchester-26-02-2026/event/1F00630DB41C3244,M13 9PR,53.464386,-2.232225
27/02/2026,Creedence Clearwater Review Tribute Show,19:30:00,Manchester Club Academy,Music,Manchester,1AdFZbPGklQosNp,https://www.ticketweb.uk/event/creedence-clearwater-review-tribute-show-manchester-club-academy-tickets/14247433?REFERRAL_ID=tmfeed,M13 9PR,53.464386,-2.232225
27/02/2026,Franz Ferdinand,19:00:00,Manchester Academy,Music,Manchester,G5vHZbiMKJo7S,https://www.ticketmaster.co.uk/franz-ferdinand-manchester-27-02-2026/event/1F0062CDD3991133,M13 9PR,53.464386,-2.232225
28/02/2026,Chinchilla,19:30:00,Manchester Academy 2,Music,Manchester,G5vHZbUrBA6x7,https://www.ticketmaster.co.uk/chinchilla-manchester-28-02-2026/event/1F006367BA147884,M13 9PR,53.464386,-2.232225
28/02/2026,The Haunt & HIMALAYAS,19:30:00,Manchester Academy 3,Music,Manchester,G5vHZbz8v9G7D,https://www.ticketmaster.co.uk/the-haunt-himalayas-manchester-28-02-2026/event/1F006384015CC13B,M13 9PR,53.464386,-2.232225
01/03/2026,Kim Dracula,19:00:00,Manchester Academy 2,Music,Manchester,G5vHZbSEa1z5t,https://www.ticketmaster.co.uk/kim-dracula-manchester-01-03-2026/event/1F006339C92B82E9,M13 9PR,53.464386,-2.232225
03/03/2026,Willow Avalon,19:30:00,Manchester Academy 2,Music,Manchester,G5vHZbcEPW7AR,https://www.ticketmaster.co.uk/willow-avalon-manchester-03-03-2026/event/1F0062D9E5F4416F,M13 9PR,53.464386,-2.232225
05/03/2026,Less Than Jake - Winter Circus,18:00:00,Manchester Academy,Music,Manchester,G5vHZbRdq9IlE,https://www.ticketmaster.co.uk/less-than-jake-winter-circus-manchester-05-03-2026/event/1F0062F0DD5E8AE7,M13 9PR,53.464386,-2.232225
05/03/2026,Calum Bowie,19:30:00,Manchester Academy 3,Music,Manchester,G5vHZbgdwx_FV,https://www.ticketmaster.co.uk/calum-bowie-manchester-05-03-2026/event/1F006350F2899234,M13 9PR,53.464386,-2.232225
06/03/2026,Naethan Apollo,19:30:00,Manchester Academy 3,Music,Manchester,G5vHZbVIruQ2O,https://www.ticketmaster.co.uk/naethan-apollo-manchester-06-03-2026/event/1F00634A1E35A3E0,M13 9PR,53.464386,-2.232225
06/03/2026,Couch,19:30:00,Manchester Academy 2,Music,Manchester,LvZ18QFN0VkFdPOZ00gDi,https://www.universe.com/events/couch-tickets-CG3X5Z?ref=ticketmaster,M13 9PR,53.464386,-2.232225
07/03/2026,Hot Mulligan,19:00:00,Manchester Academy,Music,Manchester,G5vHZbSDRdypE,https://www.ticketmaster.co.uk/hot-mulligan-manchester-07-03-2026/event/1F00633EEF0F95A7,M13 9PR,53.464386,-2.232225
27/02/2026,Eric Rushton: Innkeeper,19:30:00,Manchester Fairfield Social Club,Arts & Theatre,Manchester,1AMZkukGkdQtnVY,https://www.ticketmaster.co.uk/eric-rushton-innkeeper-manchester-27-02-2026/event/37006346DAA6AD30,M12 6HR,53.47411,-2.22063
28/02/2026,Ron Sexsmith,19:00:00,RNCM Theatre,Music,Manchester,G5vHZbwgz5Z-G,https://www.ticketmaster.co.uk/ron-sexsmith-manchester-28-02-2026/event/1F00632D782C084C,M13 9RD,53.46857,-2.236948
01/03/2026,Lucy Rose,19:00:00,RNCM Concert Hall,Music,Manchester,G5vHZbP3JOscy,https://www.ticketmaster.co.uk/lucy-rose-manchester-01-03-2026/event/1F006254A6831B79,M13 9RD,53.468575,-2.236963
07/03/2026,Madison Cunningham,19:00:00,RNCM Concert Hall,Music,Manchester,G5vHZbSNiUbNg,https://www.ticketmaster.co.uk/madison-cunningham-manchester-07-03-2026/event/1F006338ECD988F5,M13 9RD,53.468575,-2.236963
19/02/2026,Profiler,19:00:00,The Star and Garter,Music,Manchester,LvZ18QKhbT5ftt8ZlPDoE,https://www.universe.com/events/profiler-tickets-DMJ7NG?ref=ticketmaster,M1 2QF,53.475865,-2.22647
10/03/2026,Lost Society,19:00:00,The Star and Garter,Music,Manchester,LvZ18QKO1lHKyMYZlBsvw,https://www.universe.com/events/lost-society-tickets-BWZ1V9?ref=ticketmaster,M1 2QF,53.475865,-2.22647
11/02/2026,Lexie Carroll,19:00:00,Manchester The Deaf Institute.,Music,Manchester,G5vHZbULBOBye,https://www.ticketmaster.co.uk/lexie-carroll-manchester-11-02-2026/event/1F006367FA83AE42,M1 7HE,53.47014,-2.236159
14/02/2026,beaux,19:00:00,Manchester The Deaf Institute.,Music,Manchester,G5vHZbSQWdMdR,https://www.ticketmaster.co.uk/beaux-manchester-14-02-2026/event/1F006336BD0F70EF,M1 7HE,53.47014,-2.236159
16/02/2026,Rocket,19:30:00,Manchester The Deaf Institute.,Music,Manchester,G5vHZbSeRDpV0,https://www.ticketmaster.co.uk/rocket-manchester-16-02-2026/event/1F006330AFED6D24,M1 7HE,53.47014,-2.236159
17/02/2026,DeathbyRomy,19:00:00,Manchester The Deaf Institute.,Music,Manchester,G5vHZbg0d41Kg,https://www.ticketmaster.co.uk/deathbyromy-manchester-17-02-2026/event/1F0063590354A4F5,M1 7HE,53.47014,-2.236159
20/02/2026,"Pool Kids, Sydney Sprague",19:00:00,Manchester The Deaf Institute.,Music,Manchester,1AwZkGkGkeXGvZt,https://www.ticketweb.uk/event/pool-kids-sydney-sprague-the-deaf-institute-tickets/13935434?REFERRAL_ID=tmfeed,M1 7HE,53.47014,-2.236159
26/02/2026,Eileen Alister,19:00:00,Manchester The Deaf Institute.,Music,Manchester,17GOvxG65S8i-jw,https://www.ticketweb.uk/event/eileen-alister-the-deaf-institute-tickets/13764174?REFERRAL_ID=tmfeed,M1 7HE,53.47014,-2.236159
04/03/2026,Cruz Beckham,19:00:00,Manchester The Deaf Institute.,Music,Manchester,G5vHZ_exJ8-EI,https://www.ticketmaster.co.uk/cruz-beckham-manchester-04-03-2026/event/1F006428A64219E8,M1 7HE,53.47014,-2.236159
08/03/2026,Folk Bitch Trio,19:00:00,Manchester The Deaf Institute.,Music,Manchester,G5vHZbVlUjbT7,https://www.ticketmaster.co.uk/folk-bitch-trio-manchester-08-03-2026/event/1F00634AF6718FC4,M1 7HE,53.47014,-2.236159
10/03/2026,Lauren Ash,19:00:00,Manchester The Deaf Institute.,Music,Manchester,LvZ18Q3UPa9F1rZvC5ypr,https://www.universe.com/events/lauren-ash-tickets-MCGTYJ?ref=ticketmaster,M1 7HE,53.47014,-2.236159
11/03/2026,Haunted House Presents: Savage Ga$p & KAMAARA + Grim Salvo,19:30:00,Manchester The Deaf Institute.,Music,Manchester,G5vHZ_eBUbN0P,https://www.ticketmaster.co.uk/haunted-house-presents-savage-gap-kamaara-manchester-11-03-2026/event/1F00642EB6623925,M1 7HE,53.47014,-2.236159
24/02/2026,Marti Perramon,19:00:00,"The Lodge, Manchester",Music,Manchester,G5vHZbgkDL9TW,https://www.ticketmaster.co.uk/marti-perramon-manchester-24-02-2026/event/1F006351BB7D7FFD,M1 7HE,53.470669,-2.23567
21/02/2026,"The Mouse Outfit | Manchester, Bread Shed",19:30:00,The Bread Shed,Music,Manchester,LvZ18Q8SCxwrOEYZ08dvW,https://www.universe.com/events/the-mouse-outfit-manchester-bread-shed-tickets-69FK8L?ref=ticketmaster,M1 7HL,53.471049,-2.235726
19/02/2026,2026 Lloyds National Track Championships - Session 2,17:30:00,National Cycling Centre,Sports,Manchester,G5vHZbgxERM89,https://www.ticketmaster.co.uk/2026-lloyds-national-track-championships-session-manchester-19-02-2026/event/1F006358A7BF7417,M11 4DQ,53.4864,-2.196855
19/02/2026,2026 Lloyds National Track Championships - Championship Pass,,National Cycling Centre,Sports,Manchester,G5vHZbgxMRzkj,https://www.ticketmaster.co.uk/2026-lloyds-national-track-championships-championship-manchester-19-02-2026/event/1F006358B7BF819C,M11 4DQ,53.4864,-2.196855
19/02/2026,2026 Lloyds National Track Championships - Session 1,13:00:00,National Cycling Centre,Sports,Manchester,G5vHZbgxqckSQ,https://www.ticketmaster.co.uk/2026-lloyds-national-track-championships-session-manchester-19-02-2026/event/1F0063589DB46CDA,M11 4DQ,53.4864,-2.196855
20/02/2026,2026 Lloyds National Track Championships - Session 3,10:30:00,National Cycling Centre,Sports,Manchester,G5vHZbgk-ikQR,https://www.ticketmaster.co.uk/2026-lloyds-national-track-championships-session-manchester-20-02-2026/event/1F006351A1B066AF,M11 4DQ,53.4864,-2.196855
20/02/2026,2026 Lloyds National Track Championships - Session 4,17:30:00,National Cycling Centre,Sports,Manchester,G5vHZbgpPfkQy,https://www.ticketmaster.co.uk/2026-lloyds-national-track-championships-session-manchester-20-02-2026/event/1F006355A55066B9,M11 4DQ,53.4864,-2.196855
21/02/2026,2026 Lloyds National Track Championships - Session 5,10:00:00,National Cycling Centre,Sports,Manchester,G5vHZbg9pbb0y,https://www.ticketmaster.co.uk/2026-lloyds-national-track-championships-session-manchester-21-02-2026/event/1F006355D6618939,M11 4DQ,53.4864,-2.196855
21/02/2026,2026 Lloyds National Track Championships - Session 6,17:00:00,National Cycling Centre,Sports,Manchester,G5vHZbgqTkSyc,https://www.ticketmaster.co.uk/2026-lloyds-national-track-championships-session-manchester-21-02-2026/event/1F0063577F1B3E6D,M11 4DQ,53.4864,-2.196855
22/02/2026,2026 Lloyds National Track Championships - Session 8,15:15:00,National Cycling Centre,Sports,Manchester,G5vHZbgrDYMoZ,https://www.ticketmaster.co.uk/2026-lloyds-national-track-championships-session-manchester-22-02-2026/event/1F006357BBC37440,M11 4DQ,53.4864,-2.196855
22/02/2026,2026 Lloyds National Track Championships - Session 7,08:30:00,National Cycling Centre,Sports,Manchester,G5vHZbgrtMJ-3,https://www.ticketmaster.co.uk/2026-lloyds-national-track-championships-session-manchester-22-02-2026/event/1F006357A9DE6852,M11 4DQ,53.4864,-2.196855
12/02/2026,Young Voices In Concert,17:30:00,Co-op Live,Arts & Theatre,Manchester,1AdjZbVGkTxlFrf,https://www.ticketmaster.co.uk/young-voices-in-concert-manchester-12-02-2026/event/3700634FE2AC8794,M11 3DU,53.48661136,-2.1995797
12/02/2026,Young Voices Babes in Arms,20:00:00,Co-op Live,Unknown,Manchester,Za5ju3rKuqZDdnaV63hD-FnIoyr6MEbovp,,M11 3DU,53.48661136,-2.1995797
12/02/2026,Young Voices Premium,20:00:00,Co-op Live,Unknown,Manchester,Za5ju3rKuqZDv85mCcb-qaqag7xGsbQ0Ng,,M11 3DU,53.48661136,-2.1995797
13/02/2026,Young Voices In Concert,17:30:00,Co-op Live,Arts & Theatre,Manchester,1AdjZbVGkT0jzN2,https://www.ticketmaster.co.uk/young-voices-in-concert-manchester-13-02-2026/event/3700634FE47388CF,M11 3DU,53.48661136,-2.1995797
13/02/2026,Young Voices Babes in Arms,20:00:00,Co-op Live,Unknown,Manchester,Za5ju3rKuqZBdjizPfYyZNBl7lN11IfsU,,M11 3DU,53.48661136,-2.1995797
13/02/2026,Young Voices Premium,20:00:00,Co-op Live,Unknown,Manchester,Za5ju3rKuqZDefExB71vyABBHPE6MOrF9E,,M11 3DU,53.48661136,-2.1995797
14/02/2026,Deftones,18:30:00,Co-op Live,Music,Manchester,17uYvxG6C2xX9zj,https://www.ticketmaster.co.uk/deftones-manchester-14-02-2026/event/370062E3E2F97E1C,M11 3DU,53.48661136,-2.1995797
14/02/2026,Deftones Premium,20:00:00,Co-op Live,Unknown,Manchester,Za5ju3rKuqZBq0GV3iatAKtI5oEt9J5yu,,M11 3DU,53.48661136,-2.1995797
14/02/2026,Fast Track: Deftones,18:30:00,Co-op Live,Unknown,Manchester,Za5ju3rKuqZDvQvKTkY5Pe2lKvJJVfblDC,,M11 3DU,53.48661136,-2.1995797
17/02/2026,RAYE - THIS TOUR MAY CONTAIN NEW MUSIC,19:30:00,Co-op Live,Music,Manchester,1AMZkGsGkdbLBzU,https://www.ticketmaster.co.uk/raye-this-tour-may-contain-new-manchester-17-02-2026/event/37006331D87FAE36,M11 3DU,53.48661136,-2.1995797
17/02/2026,Raye Premium,19:30:00,Co-op Live,Unknown,Manchester,Za5ju3rKuqZDeis8nP2G-ZrQHvzXm1NZ7D,,M11 3DU,53.48661136,-2.1995797
17/02/2026,Fast Track: Raye,18:30:00,Co-op Live,Unknown,Manchester,Za5ju3rKuqZDeo7gnqW1Pdlyy9or2wYaw0,,M11 3DU,53.48661136,-2.1995797
18/02/2026,RAYE - THIS TOUR MAY CONTAIN NEW MUSIC,19:30:00,Co-op Live,Music,Manchester,1AMZkGMGkdaDyU5,https://www.ticketmaster.co.uk/raye-this-tour-may-contain-new-manchester-18-02-2026/event/37006337C9EF9D8B,M11 3DU,53.48661136,-2.1995797
18/02/2026,Raye Premium,19:30:00,Co-op Live,Unknown,Manchester,Za5ju3rKuqZBeQA43YTP7rniHHd_op8kw,,M11 3DU,53.48661136,-2.1995797
18/02/2026,Fast Track: Raye 18.02,18:30:00,Co-op Live,Unknown,Manchester,Za5ju3rKuqZDdY9wO-bQcefawBpg-AryVq,,M11 3DU,53.48661136,-2.1995797
20/02/2026,Florence + The Machine: The Everybody Scream Tour,18:30:00,Co-op Live,Music,Manchester,1AdjZbsGkwHOoht,https://www.ticketmaster.co.uk/florence-the-machine-the-everybody-scream-manchester-20-02-2026/event/3700631CBC8116E9,M11 3DU,53.48661136,-2.1995797
20/02/2026,Florence + The Machine Premium,18:30:00,Co-op Live,Unknown,Manchester,Za5ju3rKuqZBvvKIcRaPCkndoGESXS1vQ,,M11 3DU,53.48661136,-2.1995797
20/02/2026,Fast Track: Florence and the Machine,18:30:00,Co-op Live,Unknown,Manchester,Za5ju3rKuqZDvIwL1rtZACw5vDzyq4ll78,,M11 3DU,53.48661136,-2.1995797
21/02/2026,James Arthur,20:00:00,Co-op Live,Music,Manchester,1AdjZbJGkR-Z6p6,https://www.ticketmaster.co.uk/james-arthur-manchester-21-02-2026/event/3700626BE1007587,M11 3DU,53.48661136,-2.1995797
21/02/2026,James Arthur Premium,20:00:00,Co-op Live,Unknown,Manchester,Za5ju3rKuqZB9t4APzi4Fh5daY3dER-Fe,,M11 3DU,53.48661136,-2.1995797
21/02/2026,Fast Track: James Arthur,18:30:00,Co-op Live,Unknown,Manchester,Za5ju3rKuqZDe-Qg2IKkP6AaLkiwrX2l2z,,M11 3DU,53.48661136,-2.1995797
28/02/2026,The BRIT Awards 2026 with Mastercard,20:15:00,Co-op Live,Music,Manchester,1AMZkCeGkdzGIyU,https://www.ticketmaster.co.uk/the-brit-awards-2026-with-mastercard-manchester-28-02-2026/event/37006382F8328E76,M11 3DU,53.48661136,-2.1995797
28/02/2026,The Brits Premium Packages,20:00:00,Co-op Live,Unknown,Manchester,Za5ju3rKuqZBRi9ZaVPPuC1rio-em6GUM,,M11 3DU,53.48661136,-2.1995797
28/02/2026,The BRIT Awards 2026 with Mastercard,20:15:00,Co-op Live,Unknown,Manchester,Za5ju3rKuqZDdsUFaiBXqGKbDisK6Tk8MV,,M11 3DU,53.48661136,-2.1995797
04/03/2026,Laufey,19:30:00,Co-op Live,Music,Manchester,1AMZkGNGkeS0vzB,https://www.ticketmaster.co.uk/laufey-manchester-04-03-2026/event/37006323B3901E3A,M11 3DU,53.48661136,-2.1995797
04/03/2026,Fast Track: Laufey,18:30:00,Co-op Live,Unknown,Manchester,Za5ju3rKuqZDvHMLFxfw-kcl0N7F9fE8bV,,M11 3DU,53.48661136,-2.1995797
04/03/2026,Laufey Premium,19:30:00,Co-op Live,Unknown,Manchester,Za5ju3rKuqZDvNyPJXJQ4aObxdXEYSmIeO,,M11 3DU,53.48661136,-2.1995797
06/03/2026,Harry Styles - One Night Only,18:30:00,Co-op Live,Music,Manchester,1kuYv08wGA1JJnr,https://www.ticketmaster.co.uk/harry-styles-one-night-only-manchester-06-03-2026/event/370064432A9A6A9E,M11 3DU,53.48661136,-2.1995797
06/03/2026,Harry Styles Premium,18:30:00,Co-op Live,Unknown,Manchester,Za5ju3rKuqZDvQtOgqYaoCkbgKqv0lVAsC,,M11 3DU,53.48661136,-2.1995797
07/03/2026,MGK: Lost Americana Tour,18:30:00,Co-op Live,Music,Manchester,1AMZkG-GkdrPbqR,https://www.ticketmaster.co.uk/mgk-lost-americana-tour-manchester-07-03-2026/event/37006321DE95876F,M11 3DU,53.48661136,-2.1995797
07/03/2026,Fast Track: MGK,18:30:00,Co-op Live,Unknown,Manchester,Za5ju3rKuqZDd_bBEkjTyFM1xYM8v4LYaE,,M11 3DU,53.48661136,-2.1995797
07/03/2026,mgk Premium,19:30:00,Co-op Live,Unknown,Manchester,Za5ju3rKuqZDeNkKophFs5SQe-8UstQeOS,,M11 3DU,53.48661136,-2.1995797
13/02/2026,Mystery Skulls,18:00:00,"FAC251 The Factory, Manchester",Music,Manchester,LvZ18Q3hK4EkyBYvNhANt,https://www.universe.com/events/mystery-skulls-tickets-CY7KFG?ref=ticketmaster,M1 7EN,53.473962,-2.23731
11/02/2026,Sassy 009,19:30:00,YES Basement,Music,Manchester,LvZ18Q8uXuHhDc8Zl_cks,https://www.universe.com/events/sassy-009-tickets-D3SFGM?ref=ticketmaster,M1 7DB,53.47411,-2.23833
13/02/2026,EBI SODA,19:30:00,YES Basement,Music,Manchester,LvZ18QGRzBOMK18ZnIv_f,https://www.universe.com/events/ebi-soda-tickets-W1Q2HL?ref=ticketmaster,M1 7DB,53.47411,-2.23833
14/02/2026,Pixel Grip,19:30:00,YES Basement,Music,Manchester,LvZ18Q8ubVRMcLZZ0x0Aq,https://www.universe.com/events/pixel-grip-tickets-QCG390?ref=ticketmaster,M1 7DB,53.47411,-2.23833
19/02/2026,Tei Shi,19:30:00,YES Basement,Music,Manchester,1AdFZbsGklPuOzV,https://www.ticketweb.uk/event/tei-shi-yes-basement-tickets/14518123?REFERRAL_ID=tmfeed,M1 7DB,53.47411,-2.23833
21/02/2026,JD Cliffe,19:00:00,YES Basement,Music,Manchester,G5vHZbzjKHy5v,https://www.ticketmaster.co.uk/jd-cliffe-manchester-21-02-2026/event/1F00638713F392C1,M1 7DB,53.47411,-2.23833
22/02/2026,Boko Yout,19:30:00,YES Basement,Music,Manchester,LvZ18Q3-BIykugOvjPD7h,https://www.universe.com/events/boko-yout-tickets-KGWS76?ref=ticketmaster,M1 7DB,53.47411,-2.23833
24/02/2026,Whitelands,19:30:00,YES Basement,Music,Manchester,LvZ18Q8xQu6aiLOZltrrT,https://www.universe.com/events/whitelands-tickets-QM0635?ref=ticketmaster,M1 7DB,53.47411,-2.23833
26/02/2026,Voka Gentle,19:30:00,YES Basement,Music,Manchester,LvZ18Q8irlDSRPYZ0lfEm,https://www.universe.com/events/voka-gentle-tickets-2XN0WQ?ref=ticketmaster,M1 7DB,53.47411,-2.23833
12/02/2026,Stealing Sheep,19:30:00,YES (Pink Room),Music,Manchester,1AwZkGUGkeRAxwQ,https://www.ticketweb.uk/event/stealing-sheep-yes-pink-room-tickets/14574933?REFERRAL_ID=tmfeed,M1 7DB,53.474109,-2.238335
28/02/2026,"Mood Swings: Junk Drawer, Casual Smart + Big Long Sun",19:00:00,YES Basement,Music,Manchester,LvZ18Q4XgcrvjR8ZlJ65v,https://www.universe.com/events/mood-swings-junk-drawer-casual-smart-big-long-sun-tickets-9TYF1C?ref=ticketmaster,M1 7DB,53.47411,-2.23833
17/02/2026,"Wavves, WHTVRMNS",19:30:00,YES (Pink Room),Music,Manchester,17GOvxG6uNefZJv,https://www.ticketweb.uk/event/wavves-whtvrmns-yes-pink-room-tickets/13837254?REFERRAL_ID=tmfeed,M1 7DB,53.474109,-2.238335
20/02/2026,Adult DVD,19:00:00,YES (Pink Room),Music,Manchester,1AdFZbSGkntKxGq,https://www.ticketweb.uk/event/adult-dvd-yes-pink-room-tickets/14586633?REFERRAL_ID=tmfeed,M1 7DB,53.474109,-2.238335
05/03/2026,Shale,19:00:00,YES Basement,Music,Manchester,G5vHZbUQEvPER,https://www.ticketmaster.co.uk/shale-manchester-05-03-2026/event/1F006366A70659EF,M1 7DB,53.47411,-2.23833
27/02/2026,"Island Records Presents: Keo, Dermot Henry, Sinéad Ashiokai",19:00:00,YES (Pink Room),Music,Manchester,G5vHZ_dURW0x5,https://www.ticketmaster.co.uk/island-records-presents-keo-dermot-henry-manchester-27-02-2026/event/1F00643DAFF6488B,M1 7DB,53.474109,-2.238335
07/03/2026,TVAM + The Sick Man Of Europe,19:00:00,YES Basement,Music,Manchester,LvZ18Q8csuw14lZZl5bPa,https://www.universe.com/events/tvam-the-sick-man-of-europe-tickets-3RH59K?ref=ticketmaster,M1 7DB,53.47411,-2.23833
07/03/2026,The Man The Myth The Meatslab,19:00:00,YES Basement,Music,Manchester,LvZ18QKhqARAnwOZlUYTU,https://www.universe.com/events/the-man-the-myth-the-meatslab-tickets-061QN5?ref=ticketmaster,M1 7DB,53.47411,-2.23833
28/02/2026,SWIM,19:00:00,YES (Pink Room),Music,Manchester,LvZ18QoUSrJ4o8YvNdHC2,https://www.universe.com/events/swim-tickets-VSJGW6?ref=ticketmaster,M1 7DB,53.474109,-2.238335
08/03/2026,Blue Lake,19:30:00,YES Basement,Unknown,Manchester,LvZ18Q8uwYz1I9YZlBaoL,https://www.universe.com/events/blue-lake-tickets-1WT4PR?ref=ticketmaster,M1 7DB,53.47411,-2.23833
06/03/2026,Pastel,19:00:00,YES (Pink Room),Music,Manchester,G5vHZbz2ZBMdp,https://www.ticketmaster.co.uk/pastel-manchester-06-03-2026/event/1F006383C0EB70D6,M1 7DB,53.474109,-2.238335
09/03/2026,The Antlers,19:30:00,YES (Pink Room),Music,Manchester,1AwZkGKGkeTcZnX,https://www.ticketweb.uk/event/the-antlers-yes-pink-room-tickets/13963964?REFERRAL_ID=tmfeed,M1 7DB,53.474109,-2.238335
11/03/2026,Clark,19:30:00,YES (Pink Room),Music,Manchester,1AdFZbsGklcLZBf,https://www.ticketweb.uk/event/clark-yes-pink-room-tickets/14518443?REFERRAL_ID=tmfeed,M1 7DB,53.474109,-2.238335
27/02/2026,Cosmic Gate - Manchester,22:00:00,Joshua Brooks,Music,Manchester,LvZ18Q39_0nbhb8vjZ6eE,https://www.universe.com/events/cosmic-gate-manchester-tickets-VSP2FC?ref=ticketmaster,M1 6NG,53.474694,-2.238052
12/02/2026,HotWax,19:00:00,Manchester Gorilla,Music,Manchester,G5vHZbgd1D6S7,https://www.ticketmaster.co.uk/hotwax-manchester-12-02-2026/event/1F006350CAEC7CC4,M1 5WW,53.473982,-2.243351
14/02/2026,Coach Party,19:00:00,Manchester Gorilla,Music,Manchester,17GOvxG6GlvFOSx,https://www.ticketweb.uk/event/coach-party-gorilla-tickets/13802974?REFERRAL_ID=tmfeed,M1 5WW,53.473982,-2.243351
15/02/2026,Sorry,19:00:00,Manchester Gorilla,Music,Manchester,G5vHZbsUm1dYc,https://www.ticketmaster.co.uk/sorry-manchester-15-02-2026/event/1F00631DAE283C2D,M1 5WW,53.473982,-2.243351
17/02/2026,Shawn James,19:00:00,Manchester Gorilla,Music,Manchester,G5vHZbgSEVbUP,https://www.ticketmaster.co.uk/shawn-james-manchester-17-02-2026/event/1F00635CE7D18DA5,M1 5WW,53.473982,-2.243351
18/02/2026,Die Spitz,19:00:00,Manchester Gorilla,Music,Manchester,G5vHZbVLLiI-G,https://www.ticketmaster.co.uk/die-spitz-manchester-18-02-2026/event/1F006347DFB2884C,M1 5WW,53.473982,-2.243351
22/02/2026,Courtney Marie Andrews,19:00:00,Manchester Gorilla,Music,Manchester,1AdFZbwGknDv8XN,https://www.ticketweb.uk/event/courtney-marie-andrews-gorilla-tickets/14550483?REFERRAL_ID=tmfeed,M1 5WW,53.473982,-2.243351
04/03/2026,Bad Suns,19:00:00,Manchester Gorilla,Music,Manchester,G5vHZbV6S0ygf,https://www.ticketmaster.co.uk/bad-suns-manchester-04-03-2026/event/1F006341F3939D54,M1 5WW,53.473982,-2.243351
06/03/2026,Sam Gellaitry,18:30:00,Manchester Gorilla,Music,Manchester,G5vHZbz164KCO,https://www.ticketmaster.co.uk/sam-gellaitry-manchester-06-03-2026/event/1F006382875533A0,M1 5WW,53.473982,-2.243351
07/03/2026,LYNY,19:00:00,Manchester Gorilla,Music,Manchester,G5vHZ_deytdnU,https://www.ticketmaster.co.uk/lyny-manchester-07-03-2026/event/1F006430B9A43AB6,M1 5WW,53.473982,-2.243351
08/03/2026,Striking Matches,19:00:00,Manchester Gorilla,Music,Manchester,1AwZkubGkdzGKeQ,https://www.ticketweb.uk/event/striking-matches-gorilla-tickets/14643313?REFERRAL_ID=tmfeed,M1 5WW,53.473982,-2.243351
10/03/2026,KiLLOWEN,19:00:00,Manchester Gorilla,Music,Manchester,G5vHZbgqJ7-Pf,https://www.ticketmaster.co.uk/killowen-manchester-10-03-2026/event/1F00635766121954,M1 5WW,53.473982,-2.243351
11/02/2026,The Beaches - No Hard Feelings Tour,19:00:00,O2 Ritz Manchester,Music,Manchester,G5dzZ_eDy5AB3,https://www.ticketmaster.co.uk/the-beaches-no-hard-feelings-tour-manchester-11-02-2026/event/3E00642EF92C5E92,M1 5NQ,53.474423,-2.243098
12/02/2026,Kula Shaker,19:00:00,O2 Ritz Manchester,Music,Manchester,G5dzZbwlUdsVA,https://www.ticketmaster.co.uk/kula-shaker-manchester-12-02-2026/event/3E00632AF60F1D05,M1 5NQ,53.474423,-2.243098
13/02/2026,Swiftogeddon - The Taylor Themed Club Night,23:00:00,O2 Ritz Manchester,Music,Manchester,G5dzZbgBTIpLZ,https://www.ticketmaster.co.uk/swiftogeddon-the-taylor-themed-club-night-manchester-13-02-2026/event/3E00635EBFA167C0,M1 5NQ,53.474423,-2.243098
13/02/2026,Smith/Kotzen - Black Light / White Noise Tour,18:00:00,O2 Ritz Manchester,Music,Manchester,G5dzZbiwMpYWL,https://www.ticketmaster.co.uk/smithkotzen-black-light-white-noise-tour-manchester-13-02-2026/event/3E0062CCB75B0F5F,M1 5NQ,53.474423,-2.243098
13/02/2026,Swiftogeddon - The Taylor Themed Club Night - Manchester,23:00:00,O2 Ritz Manchester,Music,Manchester,LvZ18Q8cF_weWV8uGXQn2,https://www.universe.com/events/swiftogeddon-the-taylor-themed-club-night-manchester-tickets-X2FW81?ref=ticketmaster,M1 5NQ,53.474423,-2.243098
14/02/2026,Seattle's Finest with Nirvana Uk and Brain of J,19:00:00,O2 Ritz Manchester,Music,Manchester,G5dzZbsUmgozy,https://www.ticketmaster.co.uk/seattles-finest-with-nirvana-uk-and-manchester-14-02-2026/event/3E00631DAED51E39,M1 5NQ,53.474423,-2.243098
14/02/2026,Seattle's Finest,19:00:00,O2 Ritz Manchester,Music,Manchester,LvZ18Q5edK-PixZZIfO6m,https://www.universe.com/events/seattles-finest-tickets-6Y4LS5?ref=ticketmaster,M1 5NQ,53.474423,-2.243098
17/02/2026,Counterparts - Heaven Let Them Die 2026,18:30:00,O2 Ritz Manchester,Music,Manchester,G5dzZbm2cJscI,https://www.ticketmaster.co.uk/counterparts-heaven-let-them-die-2026-manchester-17-02-2026/event/3E0062E3ED9B1B68,M1 5NQ,53.474423,-2.243098
20/02/2026,The Paper Kites,19:00:00,O2 Ritz Manchester,Music,Manchester,G5dzZbw93LepD,https://www.ticketmaster.co.uk/the-paper-kites-manchester-20-02-2026/event/3E006325D27C25BB,M1 5NQ,53.474423,-2.243098
21/02/2026,Sylosis,18:00:00,O2 Ritz Manchester,Music,Manchester,G5dzZbiEwMwtw,https://www.ticketmaster.co.uk/sylosis-manchester-21-02-2026/event/3E0062C9F2DF2A72,M1 5NQ,53.474423,-2.243098
25/02/2026,Buckcherry + Michael Monroe,18:30:00,O2 Ritz Manchester,Music,Manchester,G5dzZbSQzs03B,https://www.ticketmaster.co.uk/buckcherry-michael-monroe-manchester-25-02-2026/event/3E006336B8C644BA,M1 5NQ,53.474423,-2.243098
27/02/2026,The Covasettes,18:00:00,O2 Ritz Manchester,Music,Manchester,G5dzZbsShWxdT,https://www.ticketmaster.co.uk/the-covasettes-manchester-27-02-2026/event/3E00631CDBF620FF,M1 5NQ,53.474423,-2.243098
04/03/2026,Samantha Fish - Paper Doll World Tour,19:00:00,O2 Ritz Manchester,Music,Manchester,G5dzZbR5l6W7o,https://www.ticketmaster.co.uk/samantha-fish-paper-doll-world-tour-manchester-04-03-2026/event/3E0062F2EB1FD111,M1 5NQ,53.474423,-2.243098
06/03/2026,Poppy - Constantly Nowhere Tour,18:00:00,O2 Ritz Manchester,Music,Manchester,G5dzZbgjkNXnk,https://www.ticketmaster.co.uk/poppy-constantly-nowhere-tour-manchester-06-03-2026/event/3E006357068FEA86,M1 5NQ,53.474423,-2.243098
07/03/2026,Keo,19:00:00,O2 Ritz Manchester,Music,Manchester,G5dzZbgR-8UQ_,https://www.ticketmaster.co.uk/keo-manchester-07-03-2026/event/3E00635BE1436699,M1 5NQ,53.474423,-2.243098
20/02/2026,Oxventure,19:30:00,HOME Manchester,Arts & Theatre,Manchester,G5vHZbl0LAog9,https://www.ticketmaster.co.uk/oxventure-manchester-20-02-2026/event/1F0062B91F151D57,M15 4FN,53.47398,-2.24569
17/02/2026,Mike Oldfield's Tubular Bells: The Best Of Tubular Bells,19:30:00,Bridgewater Hall,Music,Manchester,G5vHZbi1m1-vu,https://www.ticketmaster.co.uk/mike-oldfields-tubular-bells-the-best-manchester-17-02-2026/event/1F0062C2AE2A104D,M2 3WS,53.475741,-2.244913
20/02/2026,Disney in Concert: The Sound of Magic,19:30:00,Bridgewater Hall,Miscellaneous,Manchester,G5vHZbJmAjOyT,https://www.ticketmaster.co.uk/disney-in-concert-the-sound-of-manchester-20-02-2026/event/1F00626B85720E7F,M2 3WS,53.475741,-2.244913
22/02/2026,Nathan Carter & His Band,19:00:00,Bridgewater Hall,Music,Manchester,G5vHZbcRfl7Mm,https://www.ticketmaster.co.uk/nathan-carter-his-band-manchester-22-02-2026/event/1F0062DBD4AC4DEE,M2 3WS,53.475741,-2.244913
02/03/2026,"Earth, Wind & Fire Experience By Al McKay",19:30:00,Bridgewater Hall,Music,Manchester,G5vHZbw3Gsvxv,https://www.ticketmaster.co.uk/earth-wind-fire-experience-by-al-manchester-02-03-2026/event/1F0063248CC41881,M2 3WS,53.475741,-2.244913
06/03/2026,congratulations,19:30:00,Night and Day,Music,Manchester,1AwZkGyGkdSd3kl,https://www.ticketweb.uk/event/congratulations-night-day-cafe-tickets/14584113?REFERRAL_ID=tmfeed,M1 1JN,53.482609,-2.235294
11/03/2026,Wille & The Bandits,19:30:00,Night and Day,Music,Manchester,1kGOvN1aGACyej3,https://www.ticketweb.uk/event/wille-the-bandits-night-day-cafe-tickets/14544983?REFERRAL_ID=tmfeed,M1 1JN,53.482609,-2.235294
27/02/2026,Bernhoft,19:00:00,SOUP,Music,Manchester,1AwZkGUGkdXsxV-,https://www.ticketweb.uk/event/bernhoft-soup-tickets/14575683?REFERRAL_ID=tmfeed,M1 1DF,53.483412,-2.233821
09/03/2026,Lois,19:30:00,Castle Hotel,Music,Manchester,G5vHZ_eL5xx9h,https://www.ticketmaster.co.uk/lois-manchester-09-03-2026/event/1F006427CB8A25DB,M4 1LE,53.483394,-2.2340017
13/02/2026,Jason Manford: A Manford All Seasons,19:30:00,Stockport Plaza,Arts & Theatre,Stockport,16dfZb0bZG7gfUY,https://www.ticketmaster.co.uk/jason-manford-a-manford-all-seasons-stockport-13-02-2026/event/3500624600D54DB0,SK1 1SP,53.409228,-2.161313
05/03/2026,Boyzlife,19:30:00,Stockport Plaza,Music,Stockport,16dfZbJj6G7nAhj,https://www.ticketmaster.co.uk/boyzlife-stockport-05-03-2026/event/3500626707A856DC,SK1 1SP,53.409228,-2.161313
08/03/2026,Whitney Queen of the Night,19:30:00,Stockport Plaza,Music,Stockport,1AgZk1_GkeU19Z-,https://www.ticketmaster.co.uk/whitney-queen-of-the-night-stockport-08-03-2026/event/35006299B6297021,SK1 1SP,53.409228,-2.161313
22/02/2026,Saaniya Abbas - Hellarious,15:00:00,The Frog and Bucket,Arts & Theatre,Manchester,G5vHZbUpugKHn,https://www.ticketmaster.co.uk/saaniya-abbas-hellarious-manchester-22-02-2026/event/1F0063658DD53F2A,M4 1LJ,53.484466,-2.232713
07/03/2026,Cruush,19:30:00,Manchester Gullivers,Music,Manchester,1AwZkuEGkdb3KFk,https://www.ticketweb.uk/event/cruush-gullivers-tickets/14676723?REFERRAL_ID=tmfeed,M4 1LW,53.483626,-2.234621
13/02/2026,MØL,18:00:00,Rebellion Manchester,Music,Manchester,LvZ18QCVZ1LzC3OZ07mV1,https://www.universe.com/events/mol-tickets-ZCM40Q?ref=ticketmaster,M1 5WZ,53.4741834,-2.2504935
25/02/2026,The Callous Daoboys,19:00:00,Rebellion Manchester,Music,Manchester,1AUZkGPGkeiXdjH,https://www.ticketmaster.co.uk/the-callous-daoboys-manchester-25-02-2026/event/36006325ACF8373C,M1 5WZ,53.4741834,-2.2504935
27/02/2026,Dead Pioneers,19:00:00,Rebellion Manchester,Music,Manchester,LvZ18QGPXC1xWmZZN2zP_,https://www.universe.com/events/dead-pioneers-tickets-WJZY2X?ref=ticketmaster,M1 5WZ,53.4741834,-2.2504935
13/02/2026,Brazilian Carnival: Gustavo Andrade & The Brasukas + Friends,19:00:00,Band On The Wall.,Unknown,Manchester,LvZ18Q2_XQc4Ux8Z04Clu,https://www.universe.com/events/brazilian-carnival-gustavo-andrade-the-brasukas-friends-tickets-3RC8SF?ref=ticketmaster,M4 5JZ,53.485235,-2.234389
15/02/2026,Thundersmack,19:30:00,Band On The Wall.,Music,Manchester,LvZ18Q8zhvjEdxYZ0xNqO,https://www.universe.com/events/thundersmack-tickets-Q2LD7F?ref=ticketmaster,M4 5JZ,53.485235,-2.234389
17/02/2026,The Cavemen,19:30:00,Band On The Wall.,Music,Manchester,LvZ18Q2IxujdkyOZ0vxcC,https://www.universe.com/events/the-cavemen-tickets-JBC82P?ref=ticketmaster,M4 5JZ,53.485235,-2.234389
19/02/2026,NoSo,19:30:00,Band On The Wall.,Music,Manchester,G5vHZbl3CmOTT,https://www.ticketmaster.co.uk/noso-manchester-19-02-2026/event/1F0062B48EBA0FFF,M4 5JZ,53.485235,-2.234389
20/02/2026,Deyu performs MF Doom,19:00:00,Band On The Wall.,Unknown,Manchester,LvZ18QpNfqBI9j8Zyvg7A,https://www.universe.com/events/deyu-performs-mf-doom-tickets-6MZ1YL?ref=ticketmaster,M4 5JZ,53.485235,-2.234389
21/02/2026,Between The Buried And Me,19:00:00,Band On The Wall.,Music,Manchester,1AwZkG6Gkd_0vhj,https://www.ticketweb.uk/event/between-the-buried-and-me-band-on-the-wall-tickets/13938564?REFERRAL_ID=tmfeed,M4 5JZ,53.485235,-2.234389
22/02/2026,Whitney,19:30:00,Band On The Wall.,Music,Manchester,1adFZbwC4-ZZdukG,https://www.ticketweb.uk/event/whitney-band-on-the-wall-tickets/14535333?REFERRAL_ID=tmfeed,M4 5JZ,53.485235,-2.234389
28/02/2026,NAHKO MEDICINE FOR THE PEOPLE,19:00:00,Band On The Wall.,Music,Manchester,LvZ18QGA0daZQXZZnY3DY,https://www.universe.com/events/nahko-medicine-for-the-people-tickets-NP4T5S?ref=ticketmaster,M4 5JZ,53.485235,-2.234389
01/03/2026,Caitlin,19:00:00,Band On The Wall.,Music,Manchester,LvZ18QbioR1Gw6YZweu3p,https://www.universe.com/events/caitlin-tickets-XNZ07J?ref=ticketmaster,M4 5JZ,53.485235,-2.234389
04/03/2026,LEITH ROSS,19:00:00,Band On The Wall.,Music,Manchester,LvZ18QCqH5hgKEOZlWFwI,https://www.universe.com/events/leith-ross-tickets-YRHFPW?ref=ticketmaster,M4 5JZ,53.485235,-2.234389
06/03/2026,Egyptian Lover,23:00:00,Band On The Wall.,Unknown,Manchester,LvZ18Q3J5KUHVpZvCgFrL,https://www.universe.com/events/egyptian-lover-tickets-TLP9NF?ref=ticketmaster,M4 5JZ,53.485235,-2.234389
11/02/2026,The Academic,19:00:00,Albert Hall,Music,Manchester,G5vHZb9ULjS0x,https://www.ticketmaster.co.uk/the-academic-manchester-11-02-2026/event/1F00617D9F733922,M2 5QR,53.478402,-2.248891
14/02/2026,Earl Sweatshirt: 3LWorldTour,19:00:00,Albert Hall,Music,Manchester,G5vHZbsU8HvuG,https://www.ticketmaster.co.uk/earl-sweatshirt-3lworldtour-manchester-14-02-2026/event/1F00631D90F0134C,M2 5QR,53.478402,-2.248891
15/02/2026,Of Monsters and Men,19:00:00,Albert Hall,Music,Manchester,G5vHZbslm4K9L,https://www.ticketmaster.co.uk/of-monsters-and-men-manchester-15-02-2026/event/1F00631AEE5535DF,M2 5QR,53.478402,-2.248891
27/02/2026,Psychedelic Porn Crumpets,19:00:00,Albert Hall,Music,Manchester,1AwZkGPGkdSoe8B,https://www.ticketweb.uk/event/psychedelic-porn-crumpets-the-albert-hall-tickets/14541773?REFERRAL_ID=tmfeed,M2 5QR,53.478402,-2.248891
28/02/2026,ELVANA: ELVIS FRONTED NIRVANA - MANCHESTER - ALBERT HALL,19:00:00,Albert Hall,Music,Manchester,LvZ18_TNTNQoT1OZxh4J6,https://www.universe.com/events/elvana-elvis-fronted-nirvana-manchester-albert-hall-tickets-4L91DJ?ref=ticketmaster,M2 5QR,53.478402,-2.248891
01/03/2026,Lancey Foux,19:00:00,Albert Hall,Music,Manchester,G5vHZbSLzIyYB,https://www.ticketmaster.co.uk/lancey-foux-manchester-01-03-2026/event/1F006337F8A39C3A,M2 5QR,53.478402,-2.248891
11/03/2026,Echo and the Bunnymen - More Songs To Learn and Sing,19:00:00,Albert Hall,Music,Manchester,G5vHZbwimYeQB,https://www.ticketmaster.co.uk/echo-and-the-bunnymen-more-songs-manchester-11-03-2026/event/1F00632B2EC026BA,M2 5QR,53.478402,-2.248891
11/02/2026,Durand Jones & The Indications,19:00:00,Manchester New Century Hall,Music,Manchester,17uYvxG65mEdbLa,https://www.ticketmaster.co.uk/durand-jones-the-indications-manchester-11-02-2026/event/370062BBA70D87C9,M44AH,53.486725,-2.239563
13/02/2026,Good Neighbours,18:00:00,Manchester New Century Hall,Music,Manchester,16MZkGxjKZACv5A2,https://www.ticketmaster.co.uk/good-neighbours-manchester-13-02-2026/event/37006322713D0A4E,M44AH,53.486725,-2.239563
14/02/2026,Danny L Harle,19:00:00,Manchester New Century Hall,Music,Manchester,1AdFZbSGkikHwqH,https://www.ticketweb.uk/event/danny-l-harle-new-century-hall-tickets/14588823?REFERRAL_ID=tmfeed,M44AH,53.486725,-2.239563
20/02/2026,Big Special,19:00:00,Manchester New Century Hall,Music,Manchester,17uYvxG61jfD3Jj,https://www.ticketmaster.co.uk/big-special-manchester-20-02-2026/event/370062A714ED299C,M44AH,53.486725,-2.239563
21/02/2026,Cam,18:00:00,Manchester New Century Hall,Music,Manchester,1AdjZbYGkTNYVzC,https://www.ticketmaster.co.uk/cam-manchester-21-02-2026/event/3700630FE3C34E0E,M44AH,53.486725,-2.239563
25/02/2026,Portugal. The Man,19:00:00,Manchester New Century Hall,Music,Manchester,1FuYvNGN-_Z78GAG,https://www.ticketmaster.co.uk/portugal-the-man-manchester-25-02-2026/event/370063323859FB4B,M44AH,53.486725,-2.239563
26/02/2026,Kikuoland : Above All Bounds,19:00:00,Manchester New Century Hall,Music,Manchester,1AdjZbgGkRMIZYL,https://www.ticketmaster.co.uk/kikuoland-above-all-bounds-manchester-26-02-2026/event/3700635BF7A00C1F,M44AH,53.486725,-2.239563
07/03/2026,Day Fever - Manchester,15:00:00,Manchester New Century Hall,Music,Manchester,LvZ18Qpr-AtAoj8Z0sa8P,https://www.universe.com/events/day-fever-manchester-tickets-MX2VDK?ref=ticketmaster,M44AH,53.486725,-2.239563
10/03/2026,MARO,19:00:00,Manchester New Century Hall,Music,Manchester,1AdFZbSGkDnqo9V,https://www.ticketweb.uk/event/maro-new-century-hall-tickets/14593913?REFERRAL_ID=tmfeed,M44AH,53.486725,-2.239563
11/03/2026,The Pull Up Podcast,19:00:00,Manchester New Century Hall,Arts & Theatre,Manchester,1AMZk8MGkd-BEfV,https://www.ticketmaster.co.uk/the-pull-up-podcast-manchester-11-03-2026/event/37006437E1EA7534,M44AH,53.486725,-2.239563
13/02/2026,FATBOY SLIM,19:00:00,Aviva Studios - Warehouse,Music,Manchester,1AdfZbYGkVggnuC,https://www.ticketmaster.co.uk/fatboy-slim-manchester-13-02-2026/event/3500630D35D6A34E,M3 4JQ,53.48008,-2.25446
14/02/2026,FATBOY SLIM,19:00:00,Aviva Studios - Warehouse,Music,Manchester,1AdfZbYGkVgUnu8,https://www.ticketmaster.co.uk/fatboy-slim-manchester-14-02-2026/event/3500630D35DAA350,M3 4JQ,53.48008,-2.25446
02/03/2026,An Evening With Alex O'Connor,18:00:00,Aviva Studios - The Hall,Arts & Theatre,Manchester,16gZkCFJ3ZAC7e11,https://www.ticketmaster.co.uk/an-evening-with-alex-oconnor-manchester-02-03-2026/event/35006388992D3199,M3 4JQ,53.48008,-2.25446
10/03/2026,Lily Allen: Performs West End Girl,18:00:00,Aviva Studios - The Hall,Music,Manchester,1AdfZbgGkS-zB4Z,https://www.ticketmaster.co.uk/lily-allen-performs-west-end-girl-manchester-10-03-2026/event/3500635CE1E3A540,M3 4JQ,53.48008,-2.25446
11/03/2026,Lily Allen: Performs West End Girl,18:00:00,Aviva Studios - The Hall,Music,Manchester,1AdfZbgGkSqDB7x,https://www.ticketmaster.co.uk/lily-allen-performs-west-end-girl-manchester-11-03-2026/event/3500635CDDEFA122,M3 4JQ,53.48008,-2.25446
12/03/2026,sombr: The Late Nights & Young Romance Tour,19:00:00,Aviva Studios - Warehouse,Music,Manchester,17u8vxG62JSANvS,https://www.ticketmaster.co.uk/sombr-the-late-nights-young-romance-manchester-12-03-2026/event/350062F9B3163073,M3 4JQ,53.48008,-2.25446
11/02/2026,MIKA,18:00:00,AO Arena,Music,Manchester,G5vHZbcDqoUq5,https://www.ticketmaster.co.uk/mika-manchester-11-02-2026/event/1F0062DEDD47674B,M3 1AR,53.488164,-2.244066
11/02/2026,Venue Premium Tickets - Mika,18:00:00,AO Arena,Music,Manchester,G5vHZbmJUuNzA,https://www.ticketmaster.co.uk/venue-premium-tickets-mika-manchester-11-02-2026/event/1F0062E9B6363E05,M3 1AR,53.488164,-2.244066
26/02/2026,Alter Bridge,18:00:00,AO Arena,Music,Manchester,G5vHZbm8fsMHG,https://www.ticketmaster.co.uk/alter-bridge-manchester-26-02-2026/event/1F0062E414C77F0C,M3 1AR,53.488164,-2.244066
26/02/2026,Venue Premium Tickets - Alter Bridge,18:00:00,AO Arena,Music,Manchester,G5vHZbmTtz4B9,https://www.ticketmaster.co.uk/venue-premium-tickets-alter-bridge-manchester-26-02-2026/event/1F0062EFE9E15E97,M3 1AR,53.488164,-2.244066
07/03/2026,Rockin'1000,18:00:00,AO Arena,Music,Manchester,G5vHZbMwSt6Lg,https://www.ticketmaster.co.uk/rockin1000-manchester-07-03-2026/event/1F00637CB3A477F5,M3 1AR,53.488164,-2.244066
07/03/2026,Rockin'1000 - Venue Premium Tickets,18:00:00,AO Arena,Music,Manchester,G5vHZbz5veMa_,https://www.ticketmaster.co.uk/rockin1000-venue-premium-tickets-manchester-07-03-2026/event/1F006382C10B7259,M3 1AR,53.488164,-2.244066
08/03/2026,Tyler Childers - On The Road: EU & UK 2026,18:00:00,AO Arena,Music,Manchester,G5vHZbsnI2oof,https://www.ticketmaster.co.uk/tyler-childers-on-the-road-eu-manchester-08-03-2026/event/1F00631AA83D1454,M3 1AR,53.488164,-2.244066
08/03/2026,Tyler Childers - Venue Premium Tickets,18:00:00,AO Arena,Music,Manchester,G5vHZbw3o0vRw,https://www.ticketmaster.co.uk/tyler-childers-venue-premium-tickets-manchester-08-03-2026/event/1F00632491901BF2,M3 1AR,53.488164,-2.244066
25/05/2024,Row C Start,19:30:00,AO Arena,Unknown,Manchester,ZxqgVMyxjZBYPJzwisVEJswJSIcnzynMZ6k1,https://www.eticketing.co.uk/asmglobalmanchester,M3 1AR,53.488164,-2.244066
13/02/2026,OBSKÜR: All Night Long,21:00:00,O2 Victoria Warehouse Manchester,Music,Manchester,G5dzZbM3VIU_2,https://www.ticketmaster.co.uk/obskur-all-night-long-manchester-13-02-2026/event/3E006374B4A3664F,M17 1AB,53.4643707,-2.2853054
14/02/2026,Kaiser Chiefs - MORE EMPLOYMENT 2026,19:00:00,O2 Victoria Warehouse Manchester,Music,Manchester,G5dzZbYVaPsl9,https://www.ticketmaster.co.uk/kaiser-chiefs-more-employment-2026-manchester-14-02-2026/event/3E00630D09971AD7,M17 1AB,53.4643707,-2.2853054
15/02/2026,DMA'S HILLS END 10TH ANNIVERSARY,19:00:00,O2 Victoria Warehouse Manchester,Music,Manchester,G5dzZbVMAn7TV,https://www.ticketmaster.co.uk/dmas-hills-end-10th-anniversary-manchester-15-02-2026/event/3E00634DC5A84FF4,M17 1AB,53.4643707,-2.2853054
28/02/2026,HTID UK 2026 - THE HOMECOMING,19:00:00,O2 Victoria Warehouse Manchester,Music,Manchester,G5dzZbSQqgKxB,https://www.ticketmaster.co.uk/htid-uk-2026-the-homecoming-manchester-28-02-2026/event/3E0063369DD538BA,M17 1AB,53.4643707,-2.2853054
01/03/2026,The Vaccines,19:00:00,O2 Victoria Warehouse Manchester,Music,Manchester,G5dzZbsSUqe5N,https://www.ticketmaster.co.uk/the-vaccines-manchester-01-03-2026/event/3E00631CF67422E3,M17 1AB,53.4643707,-2.2853054
06/03/2026,The Vaccines,19:00:00,O2 Victoria Warehouse Manchester,Music,Manchester,G5dzZbs3ySoQ7,https://www.ticketmaster.co.uk/the-vaccines-manchester-06-03-2026/event/3E006314B9CD1684,M17 1AB,53.4643707,-2.2853054
08/03/2026,Freya Skye,19:00:00,O2 Victoria Warehouse Manchester,Music,Manchester,G5dzZ_eMxo0Q4,https://www.ticketmaster.co.uk/freya-skye-manchester-08-03-2026/event/3E00642DE2464695,M17 1AB,53.4643707,-2.2853054
11/03/2026,CMAT - It's the Euro-Country Tour!,19:00:00,O2 Victoria Warehouse Manchester,Music,Manchester,G5dzZbs9rUssY,https://www.ticketmaster.co.uk/cmat-its-the-eurocountry-tour-manchester-11-03-2026/event/3E006315DEDB1C70,M17 1AB,53.4643707,-2.2853054
12/03/2026,CMAT - It's the Euro-Country Tour!,19:00:00,O2 Victoria Warehouse Manchester,Music,Manchester,G5dzZbYDkVvs2,https://www.ticketmaster.co.uk/cmat-its-the-eurocountry-tour-manchester-12-03-2026/event/3E00630EC6D01C4F,M17 1AB,53.4643707,-2.2853054
16/02/2026,Operation Mincemeat: A New Musical,19:30:00,The Lowry,Arts & Theatre,Salford,G5vHZbi2ZtobY,https://www.ticketmaster.co.uk/operation-mincemeat-a-new-musical-salford-16-02-2026/event/1F0062C3C0A51630,M502AZ,53.473993,-2.293741
17/02/2026,Operation Mincemeat: A New Musical,19:30:00,The Lowry,Arts & Theatre,Salford,G5vHZbi2Zt-_v,https://www.ticketmaster.co.uk/operation-mincemeat-a-new-musical-salford-17-02-2026/event/1F0062C3C0A61641,M502AZ,53.473993,-2.293741
18/02/2026,Operation Mincemeat: A New Musical,19:30:00,The Lowry,Arts & Theatre,Salford,G5vHZbi2ZnvLO,https://www.ticketmaster.co.uk/operation-mincemeat-a-new-musical-salford-18-02-2026/event/1F0062C3C0A817E0,M502AZ,53.473993,-2.293741
18/02/2026,Operation Mincemeat: A New Musical,14:00:00,The Lowry,Arts & Theatre,Salford,G5vHZbi2ZtsL5,https://www.ticketmaster.co.uk/operation-mincemeat-a-new-musical-salford-18-02-2026/event/1F0062C3C0A717CB,M502AZ,53.473993,-2.293741
19/02/2026,Operation Mincemeat: A New Musical,19:30:00,The Lowry,Arts & Theatre,Salford,G5vHZbi2ZnoLs,https://www.ticketmaster.co.uk/operation-mincemeat-a-new-musical-salford-19-02-2026/event/1F0062C3C0A917F1,M502AZ,53.473993,-2.293741
20/02/2026,Operation Mincemeat: A New Musical,19:30:00,The Lowry,Arts & Theatre,Salford,G5vHZbi2Zn-LD,https://www.ticketmaster.co.uk/operation-mincemeat-a-new-musical-salford-20-02-2026/event/1F0062C3C0AA17FB,M502AZ,53.473993,-2.293741
21/02/2026,Operation Mincemeat: A New Musical,19:30:00,The Lowry,Arts & Theatre,Salford,G5vHZbi2ZlvOf,https://www.ticketmaster.co.uk/operation-mincemeat-a-new-musical-salford-21-02-2026/event/1F0062C3C0AC1814,M502AZ,53.473993,-2.293741
21/02/2026,Operation Mincemeat: A New Musical,14:00:00,The Lowry,Arts & Theatre,Salford,G5vHZbi2ZnsO5,https://www.ticketmaster.co.uk/operation-mincemeat-a-new-musical-salford-21-02-2026/event/1F0062C3C0AB180B,M502AZ,53.473993,-2.293741
22/02/2026,Schalk Bezuidenhout - Hey Hey Divorce,20:00:00,The Lowry,Arts & Theatre,Salford,G5vHZblR66PoW,https://www.ticketmaster.co.uk/schalk-bezuidenhout-hey-hey-divorce-salford-22-02-2026/event/1F0062BBC71E547D,M502AZ,53.473993,-2.293741
23/02/2026,Operation Mincemeat: A New Musical,19:30:00,The Lowry,Arts & Theatre,Salford,G5vHZbi2Zl-Oh,https://www.ticketmaster.co.uk/operation-mincemeat-a-new-musical-salford-23-02-2026/event/1F0062C3C0AE181B,M502AZ,53.473993,-2.293741
24/02/2026,Operation Mincemeat: A New Musical,19:30:00,The Lowry,Arts & Theatre,Salford,G5vHZbi2ZlsO-,https://www.ticketmaster.co.uk/operation-mincemeat-a-new-musical-salford-24-02-2026/event/1F0062C3C0AF1821,M502AZ,53.473993,-2.293741
25/02/2026,Operation Mincemeat: A New Musical,19:30:00,The Lowry,Arts & Theatre,Salford,G5vHZbi2Zio-7,https://www.ticketmaster.co.uk/operation-mincemeat-a-new-musical-salford-25-02-2026/event/1F0062C3C0B11844,M502AZ,53.473993,-2.293741
25/02/2026,Operation Mincemeat: A New Musical,14:00:00,The Lowry,Arts & Theatre,Salford,G5vHZbi2ZivOI,https://www.ticketmaster.co.uk/operation-mincemeat-a-new-musical-salford-25-02-2026/event/1F0062C3C0B01828,M502AZ,53.473993,-2.293741
26/02/2026,Operation Mincemeat: A New Musical,19:30:00,The Lowry,Arts & Theatre,Salford,G5vHZbi2Zi--0,https://www.ticketmaster.co.uk/operation-mincemeat-a-new-musical-salford-26-02-2026/event/1F0062C3C0B21864,M502AZ,53.473993,-2.293741
27/02/2026,Operation Mincemeat: A New Musical,19:30:00,The Lowry,Arts & Theatre,Salford,G5vHZbi2Zis-V,https://www.ticketmaster.co.uk/operation-mincemeat-a-new-musical-salford-27-02-2026/event/1F0062C3C0B31874,M502AZ,53.473993,-2.293741
28/02/2026,Operation Mincemeat: A New Musical,19:30:00,The Lowry,Arts & Theatre,Salford,G5vHZbi2Zcox9,https://www.ticketmaster.co.uk/operation-mincemeat-a-new-musical-salford-28-02-2026/event/1F0062C3C0B51897,M502AZ,53.473993,-2.293741
28/02/2026,Operation Mincemeat: A New Musical,14:00:00,The Lowry,Arts & Theatre,Salford,G5vHZbi2ZcvxZ,https://www.ticketmaster.co.uk/operation-mincemeat-a-new-musical-salford-28-02-2026/event/1F0062C3C0B41880,M502AZ,53.473993,-2.293741
01/03/2026,Ross Noble: Cranium Of Curiosities,19:30:00,The Lowry,Arts & Theatre,Salford,G5vHZbb1W2sD6,https://www.ticketmaster.co.uk/ross-noble-cranium-of-curiosities-salford-01-03-2026/event/1F006182BD3F1EC7,M502AZ,53.473993,-2.293741
02/03/2026,Randy Feltface - Gimmick,19:30:00,The Lowry,Arts & Theatre,Salford,G5vHZbS6MuII1,https://www.ticketmaster.co.uk/randy-feltface-gimmick-salford-02-03-2026/event/1F006331F7368A0A,M502AZ,53.473993,-2.293741
08/03/2026,DOMINATION: The Fall and Rise of an Empire with Alice Roberts,19:30:00,The Lowry,Arts & Theatre,Salford,G5vHZbzivCFLZ,https://www.ticketmaster.co.uk/domination-the-fall-and-rise-of-salford-08-03-2026/event/1F00638B013887C0,M502AZ,53.473993,-2.293741
18/02/2026,Mike Rice: Cruel Little Man,20:00:00,Quays Theatre - The Lowry,Arts & Theatre,Salford,G5vHZbVhB21F5,https://www.ticketmaster.co.uk/mike-rice-cruel-little-man-salford-18-02-2026/event/1F006346FA3CA20B,M503AZ,53.47109661,-2.29681249
19/02/2026,Geoff Norcott - Basic Bloke 2,20:00:00,Quays Theatre - The Lowry,Arts & Theatre,Salford,G5vHZbPRrgJIt,https://www.ticketmaster.co.uk/geoff-norcott-basic-bloke-2-salford-19-02-2026/event/1F00625BDED66A29,M503AZ,53.47109661,-2.29681249
20/02/2026,Scott Bennett - Stuff,20:00:00,Quays Theatre - The Lowry,Arts & Theatre,Salford,G5vHZbbKwndmB,https://www.ticketmaster.co.uk/scott-bennett-stuff-salford-20-02-2026/event/1F006184F2A83BBA,M503AZ,53.47109661,-2.29681249
22/02/2026,Chloe Petts: Big Naturals,20:00:00,Quays Theatre - The Lowry,Arts & Theatre,Salford,G5vHZbcRpz7yR,https://www.ticketmaster.co.uk/chloe-petts-big-naturals-salford-22-02-2026/event/1F0062DBD6E04E6F,M503AZ,53.47109661,-2.29681249
01/03/2026,Paul Merton & Suki Webster's Improv Show,20:00:00,Quays Theatre - The Lowry,Arts & Theatre,Salford,G5vHZbPlhOppV,https://www.ticketmaster.co.uk/paul-merton-suki-websters-improv-show-salford-01-03-2026/event/1F00625ADB8165B4,M503AZ,53.47109661,-2.29681249
01/03/2026,Paul Merton and Suki Websters Improv Show,15:00:00,Quays Theatre - The Lowry,Arts & Theatre,Salford,G5vHZbwi163pM,https://www.ticketmaster.co.uk/paul-merton-and-suki-websters-improv-salford-01-03-2026/event/1F00632B0A1D25B7,M503AZ,53.47109661,-2.29681249
08/03/2026,Andy Zaltzman: The Zaltgeist 2026 - A Second Thwack,20:00:00,Quays Theatre - The Lowry,Arts & Theatre,Salford,G5vHZbSdbLFZ2,https://www.ticketmaster.co.uk/andy-zaltzman-the-zaltgeist-2026-a-salford-08-03-2026/event/1F006330D87C800F,M503AZ,53.47109661,-2.29681249
28/02/2026,Spangled,19:00:00,O2 Ritz Manchester,Undefined,Manchester,G5dzZbIKH9-tP,https://www.ticketmaster.co.uk/spangled-manchester-28-02-2026/event/3E006284FC5E1A65,M1 5NQ,53.474423,-2.243098
13/03/2026,Gipsy Kings featuring Nicolas Reyes,19:00:00,O2 Apollo Manchester,Music,Manchester,1AdbZb0GknMCdnX,https://www.ticketmaster.co.uk/gipsy-kings-featuring-nicolas-reyes-manchester-13-03-2026/event/3600624AB7383ABE,M12 6AP,53.469422,-2.221964
14/03/2026,Alex James' Britpop Classical,19:00:00,O2 Apollo Manchester,Music,Manchester,1AUZkupGkdQtDVd,https://www.ticketmaster.co.uk/alex-james-britpop-classical-manchester-14-03-2026/event/36006356DAA7BD03,M12 6AP,53.469422,-2.221964
17/03/2026,Bonnie Tyler,19:00:00,O2 Apollo Manchester,Music,Manchester,1AdbZbUGkM3FFar,https://www.ticketmaster.co.uk/bonnie-tyler-manchester-17-03-2026/event/3600636DD220825E,M12 6AP,53.469422,-2.221964
19/03/2026,Dr. Jordan B. Peterson: An Evening to Transform Your Life,18:00:00,O2 Apollo Manchester,Arts & Theatre,Manchester,17uOvxG6GnxHsrG,https://www.ticketmaster.co.uk/dr-jordan-b-peterson-an-evening-manchester-19-03-2026/event/360062CAA2F3178C,M12 6AP,53.469422,-2.221964
20/03/2026,Kenny Thomas,19:30:00,O2 Apollo Manchester,Music,Manchester,17uOvxG61JQAvOA,https://www.ticketmaster.co.uk/kenny-thomas-manchester-20-03-2026/event/360062A99A141805,M12 6AP,53.469422,-2.221964
21/03/2026,Scouting for Girls,19:00:00,O2 Apollo Manchester,Music,Manchester,1AUZk1FGke0hseP,https://www.ticketmaster.co.uk/scouting-for-girls-manchester-21-03-2026/event/36006288A46F10A5,M12 6AP,53.469422,-2.221964
28/03/2026,Kreator,17:30:00,O2 Apollo Manchester,Music,Manchester,1AUZkGgGkdVj1kn,https://www.ticketmaster.co.uk/kreator-manchester-28-03-2026/event/36006335F470A1AA,M12 6AP,53.469422,-2.221964
02/04/2026,The Wiggles Tree of Wisdom Spectacular,15:00:00,O2 Apollo Manchester,Arts & Theatre,Manchester,1AUZkueGkdNjHke,https://www.ticketmaster.co.uk/the-wiggles-tree-of-wisdom-spectacular-manchester-02-04-2026/event/36006342E373C182,M12 6AP,53.469422,-2.221964
02/04/2026,The Wiggles Tree of Wisdom Spectacular,12:00:00,O2 Apollo Manchester,Arts & Theatre,Manchester,1AUZkueGkdNjiAT,https://www.ticketmaster.co.uk/the-wiggles-tree-of-wisdom-spectacular-manchester-02-04-2026/event/36006342E372C17F,M12 6AP,53.469422,-2.221964
02/04/2026,The Wiggles Tree of Wisdom Spectacular,09:00:00,O2 Apollo Manchester,Arts & Theatre,Manchester,1AdbZbwGkTJ1wcU,https://www.ticketmaster.co.uk/the-wiggles-tree-of-wisdom-spectacular-manchester-02-04-2026/event/3600632FE62B2B76,M12 6AP,53.469422,-2.221964
09/04/2026,Out With The Buckleys,18:30:00,O2 Apollo Manchester,Arts & Theatre,Manchester,1AUZkGtGkd3B3JF,https://www.ticketmaster.co.uk/out-with-the-buckleys-manchester-09-04-2026/event/36006329D2E92988,M12 6AP,53.469422,-2.221964
13/03/2026,Mamas Gun,19:30:00,Manchester Academy 3,Music,Manchester,G5vHZbRLw8-oR,https://www.ticketmaster.co.uk/mamas-gun-manchester-13-03-2026/event/1F0062F7F242146F,M13 9PR,53.464386,-2.232225
13/03/2026,Asha Banks,19:30:00,Manchester Club Academy,Music,Manchester,G5vHZbSnCik9n,https://www.ticketmaster.co.uk/asha-banks-manchester-13-03-2026/event/1F00633A8EB065EA,M13 9PR,53.464386,-2.232225
13/03/2026,Stiff Little Fingers,19:00:00,Manchester Academy,Music,Manchester,G5vHZbV6bCa7Z,https://www.ticketmaster.co.uk/stiff-little-fingers-manchester-13-03-2026/event/1F006341D8389100,M13 9PR,53.464386,-2.232225
14/03/2026,Del Water Gap,19:00:00,Manchester Academy,Music,Manchester,G5vHZbVT9G9Tn,https://www.ticketmaster.co.uk/del-water-gap-manchester-14-03-2026/event/1F00634FD7317FEA,M13 9PR,53.464386,-2.232225
17/03/2026,"Mason Hill, Defences",19:30:00,Manchester Academy 3,Music,Manchester,1AwZk8YGkd_F8UT,https://www.ticketweb.uk/event/mason-hill-defences-manchester-academy-3-tickets/14087254?REFERRAL_ID=tmfeed,M13 9PR,53.464386,-2.232225
18/03/2026,Jack Garratt,19:30:00,Manchester Academy 2,Music,Manchester,1AdFZbVGkTh6oYL,https://www.ticketweb.uk/event/jack-garratt-manchester-academy-2-tickets/14623143?REFERRAL_ID=tmfeed,M13 9PR,53.464386,-2.232225
18/03/2026,Waterparks,19:00:00,Manchester Academy,Music,Manchester,G5vHZbM8ajGSp,https://www.ticketmaster.co.uk/waterparks-manchester-18-03-2026/event/1F0063740970CCD6,M13 9PR,53.464386,-2.232225
19/03/2026,Pentire,19:30:00,Manchester Academy 3,Music,Manchester,G5vHZbSmOEpS9,https://www.ticketmaster.co.uk/pentire-manchester-19-03-2026/event/1F00633BA09D6CD7,M13 9PR,53.464386,-2.232225
19/03/2026,Sigrid - There's Always More That I Could Say. Tour,19:00:00,Manchester Academy,Music,Manchester,G5vHZbV0AZlIf,https://www.ticketmaster.co.uk/sigrid-theres-always-more-that-i-manchester-19-03-2026/event/1F0063490502BA14,M13 9PR,53.464386,-2.232225
20/03/2026,Miss May I + Crystal Lake,19:00:00,Manchester Club Academy,Music,Manchester,LvZ18QoMLDffGxYvC8zNz,https://www.universe.com/events/miss-may-i-crystal-lake-tickets-1G945K?ref=ticketmaster,M13 9PR,53.464386,-2.232225
21/03/2026,VB,19:30:00,Manchester Academy 3,Music,Manchester,1AdFZbsGkwlMv-k,https://www.ticketweb.uk/event/vb-manchester-academy-3-tickets/14522873?REFERRAL_ID=tmfeed,M13 9PR,53.464386,-2.232225
21/03/2026,Ari Abdul,19:30:00,Manchester Club Academy,Music,Manchester,G5vHZbM7ytng_,https://www.ticketmaster.co.uk/ari-abdul-manchester-21-03-2026/event/1F00637139A6AD59,M13 9PR,53.464386,-2.232225
22/03/2026,Axel Rudi Pell,19:00:00,Manchester Academy 3,Music,Manchester,1AdFZbzGkRDQsBP,https://www.ticketweb.uk/event/axel-rudi-pell-manchester-academy-3-tickets/13995004?REFERRAL_ID=tmfeed,M13 9PR,53.464386,-2.232225
22/03/2026,Odeal - the Shows That Saved Us Tour,19:00:00,Manchester Academy,Music,Manchester,G5vHZbzRVv6g8,https://www.ticketmaster.co.uk/odeal-the-shows-that-saved-us-manchester-22-03-2026/event/1F00638BF4047D50,M13 9PR,53.464386,-2.232225
24/03/2026,Bar Italia,19:30:00,Manchester Academy 2,Music,Manchester,1AdFZbYGkwE58It,https://www.ticketweb.uk/event/bar-italia-manchester-academy-2-tickets/13946514?REFERRAL_ID=tmfeed,M13 9PR,53.464386,-2.232225
26/03/2026,Jim Bob,19:30:00,Manchester Club Academy,Music,Manchester,G5vHZbwYeUN8I,https://www.ticketmaster.co.uk/jim-bob-manchester-26-03-2026/event/1F00632C02DA3428,M13 9PR,53.464386,-2.232225
27/03/2026,Leon Thomas - Mutts Don't Heel Tour,19:00:00,Manchester Academy,Music,Manchester,G5vHZbiQpjvvn,https://www.ticketmaster.co.uk/leon-thomas-mutts-dont-heel-tour-manchester-27-03-2026/event/1F0062C69670106A,M13 9PR,53.464386,-2.232225
27/03/2026,Infected Rain + Butcher Babies,19:30:00,Manchester Club Academy,Music,Manchester,LvZ18QCSLO0c-XZZlDj6l,https://www.universe.com/events/infected-rain-butcher-babies-tickets-7NKP8Y?ref=ticketmaster,M13 9PR,53.464386,-2.232225
30/03/2026,Remy Bond,19:30:00,Manchester Academy 2,Music,Manchester,G5vHZbgTeW9BW,https://www.ticketmaster.co.uk/remy-bond-manchester-30-03-2026/event/1F00635FC2F57EBD,M13 9PR,53.464386,-2.232225
03/04/2026,Clara La San,19:00:00,Manchester Academy,Music,Manchester,LvZ18QKh-ywMJ5ZZw3IcY,https://www.universe.com/events/clara-la-san-tickets-20PZWT?ref=ticketmaster,M13 9PR,53.464386,-2.232225
07/04/2026,Novelists,19:00:00,Manchester Academy 3,Music,Manchester,1AdFZbVGkDiEvFD,https://www.ticketweb.uk/event/novelists-manchester-academy-3-tickets/14620313?REFERRAL_ID=tmfeed,M13 9PR,53.464386,-2.232225
08/04/2026,Searows,19:00:00,Manchester Academy 2,Music,Manchester,G5vHZbM2KcbhV,https://www.ticketmaster.co.uk/searows-manchester-08-04-2026/event/1F006373D3B586F4,M13 9PR,53.464386,-2.232225
09/04/2026,Frank Turner,19:30:00,Manchester Academy 2,Music,Manchester,1AdFZbgGkmcuSeg,https://www.ticketweb.uk/event/frank-turner-manchester-academy-2-tickets/14645973?REFERRAL_ID=tmfeed,M13 9PR,53.464386,-2.232225
10/04/2026,SKYND,19:30:00,Manchester Academy 2,Music,Manchester,G5vHZbRJtro70,https://www.ticketmaster.co.uk/skynd-manchester-10-04-2026/event/1F0062F9A9791124,M13 9PR,53.464386,-2.232225
11/04/2026,The Mercians,19:30:00,Manchester Academy 3,Music,Manchester,G5vHZbSDLmIgt,https://www.ticketmaster.co.uk/the-mercians-manchester-11-04-2026/event/1F00633EDFBA8D69,M13 9PR,53.464386,-2.232225
11/04/2026,The Upshot Live,18:30:00,Manchester Fairfield Social Club,Arts & Theatre,Manchester,1AMZkugGkdw1aVE,https://www.ticketmaster.co.uk/the-upshot-live-manchester-11-04-2026/event/37006375F2289D27,M12 6HR,53.47411,-2.22063
26/03/2026,Rifle,19:00:00,The Star and Garter,Music,Manchester,G5vHZ_dmoqxcl,https://www.ticketmaster.co.uk/rifle-manchester-26-03-2026/event/1F00643B91762B6B,M1 2QF,53.475865,-2.22647
27/03/2026,Margarita Witch Cult,19:00:00,The Star and Garter,Unknown,Manchester,LvZ18Q3ECjVdFW8v69Btw,https://www.universe.com/events/margarita-witch-cult-tickets-R7S2D5?ref=ticketmaster,M1 2QF,53.475865,-2.22647
08/04/2026,Mimi Barks,19:00:00,The Star and Garter,Music,Manchester,LvZ18QKhxYxzyQYZyPNwZ,https://www.universe.com/events/mimi-barks-tickets-4D293T?ref=ticketmaster,M1 2QF,53.475865,-2.22647
09/04/2026,WORLD PEACE,19:00:00,The Star and Garter,Unknown,Manchester,LvZ18Q3HTbH9L18Zl3oYU,https://www.universe.com/events/world-peace-tickets-C5ZJPF?ref=ticketmaster,M1 2QF,53.475865,-2.22647
13/03/2026,French Police,19:00:00,Manchester The Deaf Institute.,Music,Manchester,G5vHZbSNMeFsA,https://www.ticketmaster.co.uk/french-police-manchester-13-03-2026/event/1F006338F7088C45,M1 7HE,53.47014,-2.236159
14/03/2026,"An Afternoon of Rock MANCHESTER - Rock & Metal For Over 30s, 3pm-7pm",15:00:00,Manchester The Deaf Institute.,Music,Manchester,LvZ18Q2qr0Y0vMZZlnXiu,https://www.universe.com/events/an-afternoon-of-rock-manchester-rock-metal-for-over-30s-3pm-7pm-tickets-X81SLF?ref=ticketmaster,M1 7HE,53.47014,-2.236159
17/03/2026,Lumï,19:00:00,Manchester The Deaf Institute.,Music,Manchester,G5vHZbzK41IrB,https://www.ticketmaster.co.uk/lumi-manchester-17-03-2026/event/1F006384D52A87BA,M1 7HE,53.47014,-2.236159
19/03/2026,Arkells,19:00:00,Manchester The Deaf Institute.,Music,Manchester,G5vHZbz9qpBt7,https://www.ticketmaster.co.uk/arkells-manchester-19-03-2026/event/1F006385DD5BAA44,M1 7HE,53.47014,-2.236159
27/03/2026,Ghost Funk Orchestra,19:00:00,Manchester The Deaf Institute.,Music,Manchester,1AwZkG3GkdO-31Y,https://www.ticketweb.uk/event/ghost-funk-orchestra-the-deaf-institute-tickets/13961214?REFERRAL_ID=tmfeed,M1 7HE,53.47014,-2.236159
01/04/2026,The Awakening,19:00:00,Manchester The Deaf Institute.,Unknown,Manchester,LvZ18QKRwCO-Op8Z0kLpE,https://www.universe.com/events/the-awakening-tickets-DB70MT?ref=ticketmaster,M1 7HE,53.47014,-2.236159
02/04/2026,Tom A. Smith,19:00:00,Manchester The Deaf Institute.,Music,Manchester,G5vHZbzl9s4wS,https://www.ticketmaster.co.uk/tom-a-smith-manchester-02-04-2026/event/1F00638AD7C55CB3,M1 7HE,53.47014,-2.236159
07/04/2026,STONE,19:00:00,Manchester The Deaf Institute.,Music,Manchester,G5vHZbgeJhk5h,https://www.ticketmaster.co.uk/stone-manchester-07-04-2026/event/1F006350A66C62DB,M1 7HE,53.47014,-2.236159
09/04/2026,REVE,19:00:00,Manchester The Deaf Institute.,Music,Manchester,G5vHZ_75qtpvU,https://www.ticketmaster.co.uk/reve-manchester-09-04-2026/event/1F006442DDA56076,M1 7HE,53.47014,-2.236159
10/04/2026,Olive Jones,19:00:00,Manchester The Deaf Institute.,Music,Manchester,G5vHZbVX67SgA,https://www.ticketmaster.co.uk/olive-jones-manchester-10-04-2026/event/1F00634F87133D45,M1 7HE,53.47014,-2.236159
15/03/2026,Alfreda,19:00:00,"The Lodge, Manchester",Music,Manchester,G5vHZ_e0lA7ou,https://www.ticketmaster.co.uk/alfreda-manchester-15-03-2026/event/1F0064292B14444D,M1 7HE,53.470669,-2.23567
22/03/2026,Déyyess,19:00:00,"The Lodge, Manchester",Music,Manchester,G5vHZbUg8CG7h,https://www.ticketmaster.co.uk/deyyess-manchester-22-03-2026/event/1F00636D5038C11B,M1 7HE,53.470669,-2.23567
28/03/2026,INME,19:00:00,The Bread Shed,Music,Manchester,LvZ18Qpr_4lXNgYZlr82o,https://www.universe.com/events/inme-tickets-T3XL8M?ref=ticketmaster,M1 7HL,53.471049,-2.235726
02/04/2026,Blacktop Mojo,19:00:00,The Bread Shed,Music,Manchester,LvZ18Q3ostTc5p8vjClpB,https://www.universe.com/events/blacktop-mojo-tickets-QGB0Z6?ref=ticketmaster,M1 7HL,53.471049,-2.235726
14/03/2026,Dave Premium 14.03,20:00:00,Co-op Live,Unknown,Manchester,Za5ju3rKuqZDemI-xDfzcd9ByGyOVpc48Q,,M11 3DU,53.48661136,-2.1995797
16/03/2026,Dave - the Boy Who Played the Harp Tour,19:30:00,Co-op Live,Music,Manchester,1AMZkuaGkdH5Q08,https://www.ticketmaster.co.uk/dave-the-boy-who-played-the-manchester-16-03-2026/event/37006349FC2DA910,M11 3DU,53.48661136,-2.1995797
16/03/2026,Dave Premium 16.03,20:00:00,Co-op Live,Unknown,Manchester,Za5ju3rKuqZBPq3lcJ-cGClXI4Y9mqAO0,,M11 3DU,53.48661136,-2.1995797
16/03/2026,Fast Track: Dave,18:30:00,Co-op Live,Unknown,Manchester,Za5ju3rKuqZDd3Jov6RltA1zMGTYOLDRL1,,M11 3DU,53.48661136,-2.1995797
17/03/2026,Dave - the Boy Who Played the Harp Tour,19:30:00,Co-op Live,Music,Manchester,1AMZku8Gkd0yBAx,https://www.ticketmaster.co.uk/dave-the-boy-who-played-the-manchester-17-03-2026/event/37006350E4E7A162,M11 3DU,53.48661136,-2.1995797
17/03/2026,Dave Premium 17.03,20:00:00,Co-op Live,Unknown,Manchester,Za5ju3rKuqZDeMSo6EosAvuBxtWQ_I6bt_,,M11 3DU,53.48661136,-2.1995797
19/03/2026,Wu-Tang Forever: the Final Chamber,18:30:00,Co-op Live,Music,Manchester,1AdjZbVGkBlcgLQ,https://www.ticketmaster.co.uk/wutang-forever-the-final-chamber-manchester-19-03-2026/event/3700634EABB757DA,M11 3DU,53.48661136,-2.1995797
19/03/2026,Wu-Tang Clan Premium,20:00:00,Co-op Live,Unknown,Manchester,Za5ju3rKuqZDe2n2sHNza2NyE7UCJrYlpn,,M11 3DU,53.48661136,-2.1995797
19/03/2026,Fast Track: Wu Tang Clan,18:30:00,Co-op Live,Unknown,Manchester,Za5ju3rKuqZDvFsySVJF_CQh1-27nBB81C,,M11 3DU,53.48661136,-2.1995797
20/03/2026,Gorillaz,18:30:00,Co-op Live,Music,Manchester,1FuYvNGZ7dZ75GeG,https://www.ticketmaster.co.uk/gorillaz-manchester-20-03-2026/event/370063300103AB1B,M11 3DU,53.48661136,-2.1995797
20/03/2026,Gorillaz 20.03 Premium,20:00:00,Co-op Live,Unknown,Manchester,Za5ju3rKuqZBgSPB1ifvFonIhYSaUsm2V,,M11 3DU,53.48661136,-2.1995797
21/03/2026,Gorillaz,18:30:00,Co-op Live,Music,Manchester,1AMZkGtGkd61ol3,https://www.ticketmaster.co.uk/gorillaz-manchester-21-03-2026/event/37006329C7291AD2,M11 3DU,53.48661136,-2.1995797
21/03/2026,Fast Track: Gorillaz,18:30:00,Co-op Live,Unknown,Manchester,Za5ju3rKuqZBTFlWgEr-kAaqZjRAiWT4F,,M11 3DU,53.48661136,-2.1995797
21/03/2026,Gorillaz Premium,20:00:00,Co-op Live,Unknown,Manchester,Za5ju3rKuqZDvc7RoTXHt295OPrWn9dMtj,,M11 3DU,53.48661136,-2.1995797
26/03/2026,MOBO Awards 2026 - 30th Anniversary of the MOBOs,18:30:00,Co-op Live,Music,Manchester,1AdjZbMGkl4VtYp,https://www.ticketmaster.co.uk/mobo-awards-2026-30th-anniversary-of-manchester-26-03-2026/event/3700637AD5D29C16,M11 3DU,53.48661136,-2.1995797
26/03/2026,MOBO Awards 26.03,20:00:00,Co-op Live,Unknown,Manchester,Za5ju3rKuqZBOn1R1rNt1rzWD1IVvOLoX,,M11 3DU,53.48661136,-2.1995797
28/03/2026,Itauma vs Franklin: The Magnificent Seven,17:00:00,Co-op Live,Sports,Manchester,1AMZkufGkd5eIom,https://www.ticketmaster.co.uk/itauma-vs-franklin-the-magnificent-seven-manchester-28-03-2026/event/37006354CB0A846E,M11 3DU,53.48661136,-2.1995797
28/03/2026,The Magnificent 7 Premium 28.03,20:00:00,Co-op Live,Unknown,Manchester,Za5ju3rKuqZDdINe9KUkqZ7Q3KwL1VO1DG,,M11 3DU,53.48661136,-2.1995797
28/03/2026,Fast Track: Magnificent 7,18:30:00,Co-op Live,Unknown,Manchester,Za5ju3rKuqZDv2J-LXMfse5nuwZFeLmWVf,,M11 3DU,53.48661136,-2.1995797
04/04/2026,5 Seconds of Summer,19:30:00,Co-op Live,Music,Manchester,1AMZku4GkdEjyBl,https://www.ticketmaster.co.uk/5-seconds-of-summer-manchester-04-04-2026/event/37006355E7739EAB,M11 3DU,53.48661136,-2.1995797
04/04/2026,5 Seconds of Summer - Bite the Apple Upgrade,18:30:00,Co-op Live,Music,Manchester,1AdjZbgGkm09nA7,https://www.ticketmaster.co.uk/5-seconds-of-summer-bite-the-manchester-04-04-2026/event/3700635BA45EA144,M11 3DU,53.48661136,-2.1995797
04/04/2026,5 Seconds of Summer Bite The Apple Upgrade,20:00:00,Co-op Live,Unknown,Manchester,Za5ju3rKuqZDdC1Ky_QXqCVI345xVMiudz,,M11 3DU,53.48661136,-2.1995797
04/04/2026,5 Seconds of Summer Premium,20:00:00,Co-op Live,Unknown,Manchester,Za5ju3rKuqZDdufCGEjMA7BF3geGnmewsm,,M11 3DU,53.48661136,-2.1995797
04/04/2026,Fast Track: 5 Seconds of Summer,18:30:00,Co-op Live,Unknown,Manchester,Za5ju3rKuqZDvMcqwOkS_2aQSS-OO8psN3,,M11 3DU,53.48661136,-2.1995797
04/04/2026,The Smiths Utd,19:30:00,"FAC251 The Factory, Manchester",Music,Manchester,LvZ18QuA3IIFMlZZN-D-E,https://www.universe.com/events/the-smiths-utd-tickets-32GZ4P?ref=ticketmaster,M1 7EN,53.473962,-2.23731
21/03/2026,Youngr,19:00:00,Manchester Amber's,Music,Manchester,1AUZku4Gkd-Tjvh,https://www.ticketmaster.co.uk/youngr-manchester-21-03-2026/event/36006355E1FDC05B,M17FS,53.47333069,-2.23929583
28/03/2026,Chris Watson,19:00:00,Manchester Amber's,Music,Manchester,1AdbZ_dGknHEgg9,https://www.ticketmaster.co.uk/chris-watson-manchester-28-03-2026/event/3600643ABC9F5D57,M17FS,53.47333069,-2.23929583
07/04/2026,Jamie Woon,19:00:00,Manchester Amber's,Music,Manchester,1kuOvNrFGACdVIT,https://www.ticketmaster.co.uk/jamie-woon-manchester-07-04-2026/event/360063788E0F4A3F,M17FS,53.47333069,-2.23929583
12/03/2026,Lime Garden,19:30:00,YES Basement,Music,Manchester,LvZ18Q8ciaTQGLv1ltZrT,https://www.universe.com/events/lime-garden-tickets-KFT5RJ?ref=ticketmaster,M1 7DB,53.47411,-2.23833
13/03/2026,Jackyboom,23:00:00,YES Basement,Music,Manchester,1AdFZ_eGkTJ88gP,https://www.ticketweb.uk/event/jackyboom-yes-basement-tickets/14071834?REFERRAL_ID=tmfeed,M1 7DB,53.47411,-2.23833
13/03/2026,Cardinals,19:00:00,YES (Pink Room),Music,Manchester,LvZ18Q8CevzkgL8ZllFl8,https://www.universe.com/events/cardinals-tickets-8C1TFP?ref=ticketmaster,M1 7DB,53.474109,-2.238335
19/03/2026,Hot Take: Bug Teeth + More TBA,19:30:00,YES Basement,Music,Manchester,LvZ18Q3D4pj_pBYvZ4VkF,https://www.universe.com/events/hot-take-bug-teeth-more-tba-tickets-90LJZ7?ref=ticketmaster,M1 7DB,53.47411,-2.23833
17/03/2026,Buck Meek,19:30:00,YES (Pink Room),Music,Manchester,1AwZkGMGkdNyv3F,https://www.ticketweb.uk/event/buck-meek-yes-pink-room-tickets/14578873?REFERRAL_ID=tmfeed,M1 7DB,53.474109,-2.238335
19/03/2026,Jehnny Beth,19:00:00,YES (Pink Room),Music,Manchester,G5vHZbM9FsMM9,https://www.ticketmaster.co.uk/jehnny-beth-manchester-19-03-2026/event/1F006375C8C77DD7,M1 7DB,53.474109,-2.238335
20/03/2026,Murkage Dave,19:00:00,YES (Pink Room),Music,Manchester,LvZ18Q8uW9aYrUOZlIG-8,https://www.universe.com/events/murkage-dave-tickets-LTWB0N?ref=ticketmaster,M1 7DB,53.474109,-2.238335
24/03/2026,Goon,19:00:00,YES Basement,Music,Manchester,G5vHZbs26KsSu,https://www.ticketmaster.co.uk/goon-manchester-24-03-2026/event/1F006313C74F1CCD,M1 7DB,53.47411,-2.23833
21/03/2026,Ora Cogan,19:00:00,YES (Pink Room),Music,Manchester,LvZ18Qpd_SXXZGOZJyRTx,https://www.universe.com/events/ora-cogan-tickets-BPV496?ref=ticketmaster,M1 7DB,53.474109,-2.238335
22/03/2026,Yumi Zouma,19:00:00,YES (Pink Room),Music,Manchester,G5vHZbV6aFFiS,https://www.ticketmaster.co.uk/yumi-zouma-manchester-22-03-2026/event/1F006341C9208B33,M1 7DB,53.474109,-2.238335
28/03/2026,"Mood Swings: Ground A.D., Spanish Horses + Ladylike",19:00:00,YES Basement,Music,Manchester,LvZ18QbeP-LDuf8Z0yWEY,https://www.universe.com/events/mood-swings-ground-a-d-spanish-horses-ladylike-tickets-ZGXTLS?ref=ticketmaster,M1 7DB,53.47411,-2.23833
30/03/2026,By Storm,19:30:00,YES Basement,Music,Manchester,LvZ18Q9iWJf-66ZZlwYuk,https://www.universe.com/events/by-storm-tickets-3T92VX?ref=ticketmaster,M1 7DB,53.47411,-2.23833
01/04/2026,Avalon Emerson & The Charm,19:30:00,YES (Pink Room),Music,Manchester,LvZ18QouZToK6C8ZlBk_6,https://www.universe.com/events/avalon-emerson-the-charm-tickets-NMV9PZ?ref=ticketmaster,M1 7DB,53.474109,-2.238335
09/04/2026,The Flints,19:00:00,YES Basement,Music,Manchester,G5vHZ_dzJknrt,https://www.ticketmaster.co.uk/the-flints-manchester-09-04-2026/event/1F00643E261AA7A9,M1 7DB,53.47411,-2.23833
09/04/2026,Cosmic Psychos,19:00:00,YES (Pink Room),Music,Manchester,1AwZku4GkdphodO,https://www.ticketweb.uk/event/cosmic-psychos-yes-pink-room-tickets/14634003?REFERRAL_ID=tmfeed,M1 7DB,53.474109,-2.238335
10/04/2026,O'Flynn (Live),19:00:00,YES (Pink Room),Unknown,Manchester,LvZ18Q8u03iKzY8Z0Ovkq,https://www.universe.com/events/oflynn-live-tickets-TPFC36?ref=ticketmaster,M1 7DB,53.474109,-2.238335
11/04/2026,Rules,19:00:00,YES (Pink Room),Music,Manchester,G5vHZ_7fFMzRc,https://www.ticketmaster.co.uk/rules-manchester-11-04-2026/event/1F00644508DF8BED,M1 7DB,53.474109,-2.238335
13/03/2026,Armand Hammer,19:00:00,Manchester Gorilla,Music,Manchester,LvZ18QoUVRp4o8Yv6dHol,https://www.universe.com/events/armand-hammer-tickets-QZWXST?ref=ticketmaster,M1 5WW,53.473982,-2.243351
18/03/2026,Better Joy,19:00:00,Manchester Gorilla,Music,Manchester,G5vHZbgm8YfmZ,https://www.ticketmaster.co.uk/better-joy-manchester-18-03-2026/event/1F00635B90C14B80,M1 5WW,53.473982,-2.243351
20/03/2026,Callum Beattie,19:00:00,Manchester Gorilla,Music,Manchester,1AwZkGtGkeRbZ0p,https://www.ticketweb.uk/event/callum-beattie-gorilla-tickets/14548043?REFERRAL_ID=tmfeed,M1 5WW,53.473982,-2.243351
27/03/2026,Crystal Tides,18:30:00,Manchester Gorilla,Music,Manchester,G5vHZbE2UzgQ-,https://www.ticketmaster.co.uk/crystal-tides-manchester-27-03-2026/event/1F006273F6E356A1,M1 5WW,53.473982,-2.243351
02/04/2026,Swimming Paul,23:00:00,Manchester Gorilla,Music,Manchester,G5vHZ_eUh1v0Z,https://www.ticketmaster.co.uk/swimming-paul-manchester-02-04-2026/event/1F00642D9B281900,M1 5WW,53.473982,-2.243351
09/04/2026,Brooke Combe,18:30:00,Manchester Gorilla,Music,Manchester,G5vHZbVDt0zDr,https://www.ticketmaster.co.uk/brooke-combe-manchester-09-04-2026/event/1F00634EE9938EDE,M1 5WW,53.473982,-2.243351
10/04/2026,Aries,19:00:00,Manchester Gorilla,Music,Manchester,G5vHZbz7zNBck,https://www.ticketmaster.co.uk/aries-manchester-10-04-2026/event/1F006381388FAB46,M1 5WW,53.473982,-2.243351
13/03/2026,Cavetown - Running With Scissors Tour,19:00:00,O2 Ritz Manchester,Music,Manchester,G5dzZbSgd1IB0,https://www.ticketmaster.co.uk/cavetown-running-with-scissors-tour-manchester-13-03-2026/event/3E00633D432A8EA4,M1 5NQ,53.474423,-2.243098
14/03/2026,THRICE,18:30:00,O2 Ritz Manchester,Music,Manchester,G5dzZbS5N2MYs,https://www.ticketmaster.co.uk/thrice-manchester-14-03-2026/event/3E006332E33F7C31,M1 5NQ,53.474423,-2.243098
18/03/2026,Paul Draper,19:00:00,O2 Ritz Manchester,Music,Manchester,G5dzZbMNRztQ1,https://www.ticketmaster.co.uk/paul-draper-manchester-18-03-2026/event/3E006378EFE2968A,M1 5NQ,53.474423,-2.243098
19/03/2026,Fit For A King - Lonely God EU/UK Tour 2026,18:00:00,O2 Ritz Manchester,Music,Manchester,G5dzZbwRTuvnI,https://www.ticketmaster.co.uk/fit-for-a-king-lonely-god-manchester-19-03-2026/event/3E00632BFF341AA8,M1 5NQ,53.474423,-2.243098
20/03/2026,The Feeling: 20th Anniversary of '12 Stops and Home',18:30:00,O2 Ritz Manchester,Music,Manchester,G5dzZbcxLisFF,https://www.ticketmaster.co.uk/the-feeling-20th-anniversary-of-12-manchester-20-03-2026/event/3E0062D89FB31208,M1 5NQ,53.474423,-2.243098
21/03/2026,Danny Brown,18:00:00,O2 Ritz Manchester,Music,Manchester,G5dzZbUREEFq7,https://www.ticketmaster.co.uk/danny-brown-manchester-21-03-2026/event/3E00636BE79C8744,M1 5NQ,53.474423,-2.243098
24/03/2026,Nathan Evans & The Saint PHNX Band,19:00:00,O2 Ritz Manchester,Music,Manchester,G5dzZbU2T3_sM,https://www.ticketmaster.co.uk/nathan-evans-the-saint-phnx-band-manchester-24-03-2026/event/3E006363FF499C77,M1 5NQ,53.474423,-2.243098
26/03/2026,October London - The Love Language Tour,19:00:00,O2 Ritz Manchester,Music,Manchester,G5dzZbzRZB0jT,https://www.ticketmaster.co.uk/october-london-the-love-language-tour-manchester-26-03-2026/event/3E00638BC0EA473F,M1 5NQ,53.474423,-2.243098
26/03/2026,October London - The Love Language Tour - Manchester,19:00:00,O2 Ritz Manchester,Music,Manchester,LvZ18Q4HfT00Kr8Zy3jta,https://www.universe.com/events/october-london-the-love-language-tour-manchester-tickets-2WLQTB?ref=ticketmaster,M1 5NQ,53.474423,-2.243098
27/03/2026,Boyband in the Buff starring Gareth Gates,19:00:00,O2 Ritz Manchester,Music,Manchester,G5dzZbs8Oksy9,https://www.ticketmaster.co.uk/boyband-in-the-buff-starring-gareth-manchester-27-03-2026/event/3E006314201B1E57,M1 5NQ,53.474423,-2.243098
28/03/2026,THE SKIDS 'The Absolute Game' Tour,19:00:00,O2 Ritz Manchester,Music,Manchester,G5dzZbE9EKv-R,https://www.ticketmaster.co.uk/the-skids-the-absolute-game-tour-manchester-28-03-2026/event/3E006275E74C186F,M1 5NQ,53.474423,-2.243098
28/03/2026,The Skids 'The Absolute Game',19:00:00,O2 Ritz Manchester,Music,Manchester,LvZ18QCfqYmqZzZZJG3yv,https://www.universe.com/events/the-skids-the-absolute-game-tickets-KD2B9J?ref=ticketmaster,M1 5NQ,53.474423,-2.243098
03/04/2026,Martin Kemp: The Ultimate Back To The 80's DJ Set,19:30:00,O2 Ritz Manchester,Music,Manchester,G5dzZbULIMa2A,https://www.ticketmaster.co.uk/martin-kemp-the-ultimate-back-to-manchester-03-04-2026/event/3E006367E8DC93C5,M1 5NQ,53.474423,-2.243098
04/04/2026,A Tribute To Jillys Rockworld,21:00:00,O2 Ritz Manchester,Music,Manchester,G5dzZ_dLuiPGN,https://www.ticketmaster.co.uk/a-tribute-to-jillys-rockworld-manchester-04-04-2026/event/3E006437CDB25323,M1 5NQ,53.474423,-2.243098
09/04/2026,Protoje,19:00:00,O2 Ritz Manchester,Music,Manchester,G5dzZbzJf9xB7,https://www.ticketmaster.co.uk/protoje-manchester-09-04-2026/event/3E006389945E2E84,M1 5NQ,53.474423,-2.243098
10/04/2026,Henry Moodie,18:30:00,O2 Ritz Manchester,Music,Manchester,G5dzZbS524JcN,https://www.ticketmaster.co.uk/henry-moodie-manchester-10-04-2026/event/3E006332CF566B63,M1 5NQ,53.474423,-2.243098
11/04/2026,STAHLZEIT - The Most Spectacular Rammstein Tribute Show,19:00:00,O2 Ritz Manchester,Music,Manchester,G5dzZbiKrDodw,https://www.ticketmaster.co.uk/stahlzeit-the-most-spectacular-rammstein-tribute-manchester-11-04-2026/event/3E0062C4DEED10F2,M1 5NQ,53.474423,-2.243098
16/03/2026,Dungeon Crawler Carl,19:30:00,HOME Manchester,Arts & Theatre,Manchester,G5vHZbsltJNad,https://www.ticketmaster.co.uk/dungeon-crawler-carl-manchester-16-03-2026/event/1F00631AE99A3243,M15 4FN,53.47398,-2.24569
17/03/2026,10cc and Another Bloody Greatest Hits Tour,19:30:00,Bridgewater Hall,Music,Manchester,G5vHZbsJFg8tO,https://www.ticketmaster.co.uk/10cc-and-another-bloody-greatest-hits-manchester-17-03-2026/event/1F00631988D50A60,M2 3WS,53.475741,-2.244913
23/03/2026,"Vitamin String Quartet - The Music of Billie Eilish, Bridgerton & more",19:30:00,Bridgewater Hall,Music,Manchester,G5vHZbwkBGKlY,https://www.ticketmaster.co.uk/vitamin-string-quartet-the-music-of-manchester-23-03-2026/event/1F006321BA313AF0,M2 3WS,53.475741,-2.244913
29/03/2026,Disney in Concert: The Sound of Magic,18:00:00,Bridgewater Hall,Miscellaneous,Manchester,G5vHZbzMCip9y,https://www.ticketmaster.co.uk/disney-in-concert-the-sound-of-manchester-29-03-2026/event/1F00638DCEB165F9,M2 3WS,53.475741,-2.244913
30/03/2026,Spider-Man: No Way Home - Live In Concert,19:30:00,Bridgewater Hall,Film,Manchester,G5vHZbsm_IYTL,https://www.ticketmaster.co.uk/spiderman-no-way-home-live-in-manchester-30-03-2026/event/1F00631B99A30FDF,M2 3WS,53.475741,-2.244913
03/04/2026,The Billy Joel Songbook,19:30:00,Bridgewater Hall,Music,Manchester,G5vHZbiEqP3Hs,https://www.ticketmaster.co.uk/the-billy-joel-songbook-manchester-03-04-2026/event/1F0062C9DD952F31,M2 3WS,53.475741,-2.244913
11/04/2026,We Three Kings Album Launch Party - 18+ only,18:30:00,Off The Square ,Music,Manchester,LvZ18Q5PN2Y2AqZZNiEeO,https://www.universe.com/events/we-three-kings-album-launch-party-18-only-tickets-0JZW4F?ref=ticketmaster,M1 1FL,53.483682,-2.232539
27/03/2026,"Skrizzly Adams | Manchester, The Castle",19:30:00,Castle Hotel,Music,Manchester,LvZ18Qoo-K1ciOYZlEhxD,https://www.universe.com/events/skrizzly-adams-manchester-the-castle-tickets-4K27MG?ref=ticketmaster,M4 1LE,53.483394,-2.2340017
02/04/2026,"Letters to Lions | Manchester, 33 Oldham St",19:30:00,33 Oldham Street,Music,Manchester,LvZ18Q9dyDmGneYZ01wbX,https://www.universe.com/events/letters-to-lions-manchester-33-oldham-st-tickets-678P1C?ref=ticketmaster,M1 1JG,53.48234,-2.23634
13/03/2026,RIP Magic,19:00:00,"Castle Hotel, Manchester",Music,Manchester,LvZ18Q9xV2APe1YZlxGHJ,https://www.universe.com/events/rip-magic-tickets-7T9Z2Y?ref=ticketmaster,M41LE,53.483662,-2.233835
18/03/2026,Lo Rays,19:00:00,Manchester Gullivers,Unknown,Manchester,LvZ18QoKJEUQhfYZ08Ju1,https://www.universe.com/events/lo-rays-tickets-GCNTM2?ref=ticketmaster,M4 1LW,53.483626,-2.234621
20/03/2026,EBBB,19:00:00,Manchester Gullivers,Music,Manchester,LvZ18QobZ2uxpB8ZlGgR4,https://www.universe.com/events/ebbb-tickets-Z14QVS?ref=ticketmaster,M4 1LW,53.483626,-2.234621
28/03/2026,Headsticks,19:30:00,Manchester Gullivers,Music,Manchester,1AdFZbwGkXxrwiF,https://www.ticketweb.uk/event/headsticks-gullivers-tickets/14561613?REFERRAL_ID=tmfeed,M4 1LW,53.483626,-2.234621
07/04/2026,Exhumed + Gruesome,19:00:00,Rebellion Manchester,Music,Manchester,LvZ18QofAdrNHj8Z0rKGA,https://www.universe.com/events/exhumed-gruesome-tickets-WYHKBR?ref=ticketmaster,M1 5WZ,53.4741834,-2.2504935
12/03/2026,49th & Main,19:30:00,Band On The Wall.,Music,Manchester,G5vHZbEEnZJJ3,https://www.ticketmaster.co.uk/49th-main-manchester-12-03-2026/event/1F006279EA026992,M4 5JZ,53.485235,-2.234389
18/03/2026,Imarhan,19:30:00,Band On The Wall.,Music,Manchester,LvZ18QAAWEduVcOZcq-Bu,https://www.universe.com/events/imarhan-tickets-LW35PD?ref=ticketmaster,M4 5JZ,53.485235,-2.234389
22/03/2026,The Watch plays Genesis Premieres Tales from 1970-1976,19:30:00,Band On The Wall.,Music,Manchester,LvZ18_T2xKhBai8ZNRiW7,https://www.universe.com/events/the-watch-plays-genesis-premieres-tales-from-1970-1976-tickets-MGK30D?ref=ticketmaster,M4 5JZ,53.485235,-2.234389
24/03/2026,Elles Bailey,19:00:00,Band On The Wall.,Music,Manchester,LvZ18Quhd4L2BDOZ0peOD,https://www.universe.com/events/elles-bailey-tickets-RCMZG4?ref=ticketmaster,M4 5JZ,53.485235,-2.234389
02/04/2026,Cut Capers,19:30:00,Band On The Wall.,Music,Manchester,LvZ18QpWhmAgr88Z0JxGH,https://www.universe.com/events/cut-capers-tickets-S95YZP?ref=ticketmaster,M4 5JZ,53.485235,-2.234389
03/04/2026,Hejira - Celebrating Joni Mitchell,19:00:00,Band On The Wall.,Music,Manchester,LvZ18Q9tv_106_YZlipUT,https://www.universe.com/events/hejira-celebrating-joni-mitchell-tickets-2KMLZ3?ref=ticketmaster,M4 5JZ,53.485235,-2.234389
04/04/2026,STEVE WHITE,19:00:00,Band On The Wall.,Arts & Theatre,Manchester,LvZ18Q4Bv_Fa_qZZyWKaD,https://www.universe.com/events/steve-white-tickets-H43ZMP?ref=ticketmaster,M4 5JZ,53.485235,-2.234389
14/03/2026,Dimitri Vegas Manchester,23:00:00,Albert Hall,Music,Manchester,LvZ18Q9aDoBNgBOZwNc8A,https://www.universe.com/events/dimitri-vegas-manchester-tickets-1B8KM2?ref=ticketmaster,M2 5QR,53.478402,-2.248891
21/03/2026,The Cribs,19:00:00,Albert Hall,Music,Manchester,G5vHZbYNt-oLr,https://www.ticketmaster.co.uk/the-cribs-manchester-21-03-2026/event/1F006308E98517DE,M2 5QR,53.478402,-2.248891
27/03/2026,UNKNOWN MORTAL ORCHESTRA,19:00:00,Albert Hall,Music,Manchester,G5vHZbSbZbIzs,https://www.ticketmaster.co.uk/unknown-mortal-orchestra-manchester-27-03-2026/event/1F00633600628E31,M2 5QR,53.478402,-2.248891
02/04/2026,Aries Spears: EuroTrip,20:00:00,Albert Hall,Arts & Theatre,Manchester,G5vHZbgUPDkIC,https://www.ticketmaster.co.uk/aries-spears-eurotrip-manchester-02-04-2026/event/1F00635DA5EC6A0E,M2 5QR,53.478402,-2.248891
07/04/2026,Freddie Gibbs - The Last Rabbit,19:00:00,Albert Hall,Music,Manchester,G5vHZbilAXvyC,https://www.ticketmaster.co.uk/freddie-gibbs-the-last-rabbit-manchester-07-04-2026/event/1F0062CAC5F81E4E,M2 5QR,53.478402,-2.248891
08/04/2026,Leigh-Anne Pinnock,19:00:00,Albert Hall,Music,Manchester,G5vHZbVPGBlPe,https://www.ticketmaster.co.uk/leighanne-pinnock-manchester-08-04-2026/event/1F0063494CEAB942,M2 5QR,53.478402,-2.248891
09/04/2026,Stop Making Sense,19:00:00,Albert Hall,Film,Manchester,G5vHZbYwb3-go,https://www.ticketmaster.co.uk/stop-making-sense-manchester-09-04-2026/event/1F00630C984A1D51,M2 5QR,53.478402,-2.248891
10/04/2026,Stop Making Sense,19:00:00,Albert Hall,Film,Manchester,G5vHZbcdJgSc_,https://www.ticketmaster.co.uk/stop-making-sense-manchester-10-04-2026/event/1F0062D0E6D73B59,M2 5QR,53.478402,-2.248891
12/03/2026,Al Murray - All You Need Is Guv,19:30:00,"Opera House, Manchester",Arts & Theatre,Manchester,17uOvxG6upg3OIc,https://www.ticketmaster.co.uk/al-murray-all-you-need-is-manchester-12-03-2026/event/360062D5B54A0A2D,M3 3HP,53.478837,-2.251395
13/03/2026,Chris Ramsey - Here Man,19:30:00,"Opera House, Manchester",Arts & Theatre,Manchester,1AUZka_Gkd9_gzO,https://www.ticketmaster.co.uk/chris-ramsey-here-man-manchester-13-03-2026/event/36006259D7675E20,M3 3HP,53.478837,-2.251395
14/03/2026,Chris Ramsey - Here Man,19:30:00,"Opera House, Manchester",Arts & Theatre,Manchester,1AUZka_GkdA7AnL,https://www.ticketmaster.co.uk/chris-ramsey-here-man-manchester-14-03-2026/event/36006259C5105A9F,M3 3HP,53.478837,-2.251395
24/03/2026,La Traviata - Ellen Kents Farewell Opera Tour,19:30:00,"Opera House, Manchester",Arts & Theatre,Manchester,1AdbZbYGkBqIslq,https://www.ticketmaster.co.uk/la-traviata-ellen-kents-farewell-opera-manchester-24-03-2026/event/3600630E9DA31ADD,M3 3HP,53.478837,-2.251395
25/03/2026,Carmen - Ellen Kents Farewell Opera Tour,19:30:00,"Opera House, Manchester",Arts & Theatre,Manchester,1AdbZbYGkB-tosB,https://www.ticketmaster.co.uk/carmen-ellen-kents-farewell-opera-tour-manchester-25-03-2026/event/3600630EA1A51C7A,M3 3HP,53.478837,-2.251395
26/03/2026,Madama Butterfly - Ellen Kents Farewell Opera Tour,19:30:00,"Opera House, Manchester",Arts & Theatre,Manchester,1AdbZbYGkBPkoMm,https://www.ticketmaster.co.uk/madama-butterfly-ellen-kents-farewell-opera-manchester-26-03-2026/event/3600630EA5191DEE,M3 3HP,53.478837,-2.251395
29/03/2026,The Brand New Heavies plus special guests Galliano,19:00:00,"Opera House, Manchester",Music,Manchester,1AdbZbgGkDO_Di6,https://www.ticketmaster.co.uk/the-brand-new-heavies-plus-special-manchester-29-03-2026/event/3600635EE067BB07,M3 3HP,53.478837,-2.251395
02/04/2026,Russell Howard - Don't Tell The Algorithm,19:30:00,"Opera House, Manchester",Arts & Theatre,Manchester,1AUZkGMGkexe_Zi,https://www.ticketmaster.co.uk/russell-howard-dont-tell-the-algorithm-manchester-02-04-2026/event/36006337A209902C,M3 3HP,53.478837,-2.251395
03/04/2026,Russell Howard - Don't Tell The Algorithm,19:30:00,"Opera House, Manchester",Arts & Theatre,Manchester,1kuOvNuyGACCbmU,https://www.ticketmaster.co.uk/russell-howard-dont-tell-the-algorithm-manchester-03-04-2026/event/360063379E398BB6,M3 3HP,53.478837,-2.251395
04/04/2026,Russell Howard - Don't Tell The Algorithm,15:30:00,"Opera House, Manchester",Arts & Theatre,Manchester,1kuOvNuyGACCImy,https://www.ticketmaster.co.uk/russell-howard-dont-tell-the-algorithm-manchester-04-04-2026/event/360063379E3A8BB9,M3 3HP,53.478837,-2.251395
04/04/2026,Russell Howard - Don't Tell The Algorithm,19:30:00,"Opera House, Manchester",Arts & Theatre,Manchester,1kuOvNuyGACCzmD,https://www.ticketmaster.co.uk/russell-howard-dont-tell-the-algorithm-manchester-04-04-2026/event/360063379E3B8BBB,M3 3HP,53.478837,-2.251395
05/04/2026,Russell Howard - Don't Tell The Algorithm,19:30:00,"Opera House, Manchester",Arts & Theatre,Manchester,1AUZkGMGket6yQG,https://www.ticketmaster.co.uk/russell-howard-dont-tell-the-algorithm-manchester-05-04-2026/event/36006337A91F968C,M3 3HP,53.478837,-2.251395
09/04/2026,Suzi Quatro,18:30:00,"Opera House, Manchester",Music,Manchester,17uOvxG65QH9Pve,https://www.ticketmaster.co.uk/suzi-quatro-manchester-09-04-2026/event/360062B6BC5E5042,M3 3HP,53.478837,-2.251395
10/04/2026,"Gravity - Starring Kerry Ellis, Louise Dearman & Rachel Tucker",18:30:00,"Opera House, Manchester",Arts & Theatre,Manchester,1AUZkuNGkdUCHz4,https://www.ticketmaster.co.uk/gravity-starring-kerry-ellis-louise-dearman-manchester-10-04-2026/event/36006363F63BCE15,M3 3HP,53.478837,-2.251395
11/04/2026,Matteo Lane: We Gotta Catch Up!,19:00:00,"Opera House, Manchester",Arts & Theatre,Manchester,1kuOvNbsGAuCvRm,https://www.ticketmaster.co.uk/matteo-lane-we-gotta-catch-up-manchester-11-04-2026/event/360063631D381BEE,M3 3HP,53.478837,-2.251395
13/03/2026,EDEN: Dark Tour,18:00:00,Manchester New Century Hall,Music,Manchester,17uYvxG62e-VaZW,https://www.ticketmaster.co.uk/eden-dark-tour-manchester-13-03-2026/event/370062F0A1D0903D,M44AH,53.486725,-2.239563
22/03/2026,Alfa Mist,19:00:00,Manchester New Century Hall,Music,Manchester,1AMZkGNGkd5D7zV,https://www.ticketmaster.co.uk/alfa-mist-manchester-22-03-2026/event/37006323CBEC4E34,M44AH,53.486725,-2.239563
25/03/2026,TOMORA,19:00:00,Manchester New Century Hall,Music,Manchester,1AMZkoAGkdrbp7W,https://www.ticketmaster.co.uk/tomora-manchester-25-03-2026/event/37006445DE61613D,M44AH,53.486725,-2.239563
30/03/2026,Holly Humberstone,19:00:00,Manchester New Century Hall,Music,Manchester,1AMZkuJGkdIB9VP,https://www.ticketmaster.co.uk/holly-humberstone-manchester-30-03-2026/event/37006366E8E97D25,M44AH,53.486725,-2.239563
02/04/2026,Mario Adrion: the Superior Comedy Tour,19:30:00,Manchester New Century Hall,Arts & Theatre,Manchester,1AdjZbMGkYe1IWK,https://www.ticketmaster.co.uk/mario-adrion-the-superior-comedy-tour-manchester-02-04-2026/event/3700637C022A8F53,M44AH,53.486725,-2.239563
11/04/2026,Day Fever - Manchester,15:00:00,Manchester New Century Hall,Music,Manchester,LvZ18QpriH0jaa8Z0SZQ0,https://www.universe.com/events/day-fever-manchester-tickets-5DNJKP?ref=ticketmaster,M44AH,53.486725,-2.239563
19/03/2026,Samm Henshaw,19:00:00,Manchester Blues Kitchen,Music,Manchester,G5vHZbgdipbWy,https://www.ticketmaster.co.uk/samm-henshaw-manchester-19-03-2026/event/1F006350EC598F79,M3 3HN,53.478889,-2.25304
13/03/2026,Kesha,18:00:00,Aviva Studios - Warehouse,Music,Manchester,17u8vxG65win0BN,https://www.ticketmaster.co.uk/kesha-manchester-13-03-2026/event/350062BCACAA4EA3,M3 4JQ,53.48008,-2.25446
14/03/2026,Kesha,18:00:00,Aviva Studios - Warehouse,Music,Manchester,17u8vxG65SZipkF,https://www.ticketmaster.co.uk/kesha-manchester-14-03-2026/event/350062BCC0B16188,M3 4JQ,53.48008,-2.25446
27/03/2026,Thundercat,19:00:00,Aviva Studios - Warehouse,Music,Manchester,1AdfZbwGkl3QwoB,https://www.ticketmaster.co.uk/thundercat-manchester-27-03-2026/event/3500632AD26B247A,M3 4JQ,53.48008,-2.25446
28/03/2026,Basement Jaxx,18:00:00,Aviva Studios - Warehouse,Music,Manchester,1AdfZbgGkRilaqB,https://www.ticketmaster.co.uk/basement-jaxx-manchester-28-03-2026/event/3500635BECAC977A,M3 4JQ,53.48008,-2.25446
06/04/2026,J.I.D - God Does Like World Tours,18:00:00,Aviva Studios - Warehouse,Music,Manchester,1AdfZbYGkDfddfn,https://www.ticketmaster.co.uk/jid-god-does-like-world-tours-manchester-06-04-2026/event/3500630ED40C352A,M3 4JQ,53.48008,-2.25446
15/03/2026,Ken Carson - WTF EU/UK TOUR,18:00:00,AO Arena,Music,Manchester,G5vHZbM9EG_RA,https://www.ticketmaster.co.uk/ken-carson-wtf-euuk-tour-manchester-15-03-2026/event/1F006375E7319BC5,M3 1AR,53.488164,-2.244066
15/03/2026,Ken Carson - Venue Premium Tickets,18:00:00,AO Arena,Music,Manchester,G5vHZbMSOryzA,https://www.ticketmaster.co.uk/ken-carson-venue-premium-tickets-manchester-15-03-2026/event/1F00637CE07B9E05,M3 1AR,53.488164,-2.244066
18/03/2026,Venue Premium Tickets - Renee Rapp,18:30:00,AO Arena,Music,Manchester,G5vHZbRUuwOSN,https://www.ticketmaster.co.uk/venue-premium-tickets-renee-rapp-manchester-18-03-2026/event/1F0062FD8DCA0CE3,M3 1AR,53.488164,-2.244066
18/03/2026,Reneé Rapp: BITE ME TOUR,18:00:00,AO Arena,Music,Manchester,G5vHZbRxOwZsX,https://www.ticketmaster.co.uk/renee-rapp-bite-me-tour-manchester-18-03-2026/event/1F0062F8A0C80C7E,M3 1AR,53.488164,-2.244066
20/03/2026,"GIVEON - DEAR BELOVED, THE TOUR",18:00:00,AO Arena,Music,Manchester,G5vHZbUQft739,https://www.ticketmaster.co.uk/giveon-dear-beloved-the-tour-manchester-20-03-2026/event/1F00636694A44497,M3 1AR,53.488164,-2.244066
20/03/2026,GIVEON - Venue Premium Tickets,18:00:00,AO Arena,Music,Manchester,G5vHZbUl6h6zD,https://www.ticketmaster.co.uk/giveon-venue-premium-tickets-manchester-20-03-2026/event/1F00636AC76C7E3B,M3 1AR,53.488164,-2.244066
22/03/2026,SLB - SUPER LEAGUE BASKETBALL Cup Finals 2026,13:30:00,AO Arena,Sports,Manchester,G5vHZbYmLl8iK,https://www.ticketmaster.co.uk/slb-super-league-basketball-cup-finals-manchester-22-03-2026/event/1F00630B9FAD0B13,M3 1AR,53.488164,-2.244066
22/03/2026,Venue Premium Tickets - Super League Basketball Cup Finals,12:30:00,AO Arena,Sports,Manchester,G5vHZbs3YHotB,https://www.ticketmaster.co.uk/venue-premium-tickets-super-league-basketball-manchester-22-03-2026/event/1F006314B0F11A7A,M3 1AR,53.488164,-2.244066
26/03/2026,GUNNA - Wun World Tour,18:30:00,AO Arena,Music,Manchester,G5vHZbV56-Fif,https://www.ticketmaster.co.uk/gunna-wun-world-tour-manchester-26-03-2026/event/1F006342C7848B14,M3 1AR,53.488164,-2.244066
26/03/2026,Gunna - Venue Premium Tickets,18:30:00,AO Arena,Music,Manchester,G5vHZbVC0m6fR,https://www.ticketmaster.co.uk/gunna-venue-premium-tickets-manchester-26-03-2026/event/1F006343A4B8752F,M3 1AR,53.488164,-2.244066
28/03/2026,Help I Sexted My Boss,18:00:00,AO Arena,Arts & Theatre,Manchester,G5vHZbSQ2P7R8,https://www.ticketmaster.co.uk/help-i-sexted-my-boss-manchester-28-03-2026/event/1F0063368F944BD0,M3 1AR,53.488164,-2.244066
28/03/2026,Help I Sexted My Boss - Venue Premium Tickets,18:00:00,AO Arena,Arts & Theatre,Manchester,G5vHZbSQyjpTZ,https://www.ticketmaster.co.uk/help-i-sexted-my-boss-venue-manchester-28-03-2026/event/1F006336B9716FC0,M3 1AR,53.488164,-2.244066
02/04/2026,2026 BetMGM Premier League Darts - Premium Packages,19:00:00,AO Arena,Sports,Manchester,G5vHZbgkfhPIT,https://www.ticketmaster.co.uk/2026-betmgm-premier-league-darts-premium-manchester-02-04-2026/event/1F006351946E5A3F,M3 1AR,53.488164,-2.244066
05/04/2026,Gabby's Dollhouse Live!,10:00:00,AO Arena,Arts & Theatre,Manchester,G5vHZbzKGC9MK,https://www.ticketmaster.co.uk/gabbys-dollhouse-live-manchester-05-04-2026/event/1F006384CC397DD3,M3 1AR,53.488164,-2.244066
05/04/2026,Gabby's Dollhouse Live!,13:30:00,AO Arena,Arts & Theatre,Manchester,G5vHZbzKGCEM_,https://www.ticketmaster.co.uk/gabbys-dollhouse-live-manchester-05-04-2026/event/1F006384CC3A7DD9,M3 1AR,53.488164,-2.244066
05/04/2026,Gabby's Dollhouse Live! - Venue Premium Tickets,12:30:00,AO Arena,Arts & Theatre,Manchester,G5vHZbzpUubLc,https://www.ticketmaster.co.uk/gabbys-dollhouse-live-venue-premium-tickets-manchester-05-04-2026/event/1F006385B63587ED,M3 1AR,53.488164,-2.244066
05/04/2026,Gabby's Dollhouse Live! - Venue Premium Tickets,09:00:00,AO Arena,Arts & Theatre,Manchester,G5vHZbzplFEg4,https://www.ticketmaster.co.uk/gabbys-dollhouse-live-venue-premium-tickets-manchester-05-04-2026/event/1F006385AB227D55,M3 1AR,53.488164,-2.244066
10/04/2026,Shreya Ghoshal,18:30:00,AO Arena,Music,Manchester,G5vHZbMKuNbLs,https://www.ticketmaster.co.uk/shreya-ghoshal-manchester-10-04-2026/event/1F006374CD8D87F1,M3 1AR,53.488164,-2.244066
10/04/2026,Shreya Ghoshal - Venue Premium Tickets,19:30:00,AO Arena,Music,Manchester,G5vHZbUT7ZFYt,https://www.ticketmaster.co.uk/shreya-ghoshal-venue-premium-tickets-manchester-10-04-2026/event/1F00636FC4008C29,M3 1AR,53.488164,-2.244066
04/04/2026,Some One's Sons,19:30:00,Irish World Heritage Centre ,Unknown,Manchester,LvZ18QKTBQ6qRAYZwvoXu,https://www.universe.com/events/some-ones-sons-tickets-16TZWQ?ref=ticketmaster,M8 0AE,53.500501,-2.229826
13/03/2026,Marsolo,22:00:00,O2 Victoria Warehouse Manchester,Music,Manchester,G5dzZbzp4TSSS,https://www.ticketmaster.co.uk/marsolo-manchester-13-03-2026/event/3E00638595FF3CF3,M17 1AB,53.4643707,-2.2853054
14/03/2026,MORGAN SEATREE presents UNFUSSY,21:00:00,O2 Victoria Warehouse Manchester,Music,Manchester,G5dzZbgHvihEI,https://www.ticketmaster.co.uk/morgan-seatree-presents-unfussy-manchester-14-03-2026/event/3E00635F01B1B9E8,M17 1AB,53.4643707,-2.2853054
15/03/2026,Audrey Hobert,19:00:00,O2 Victoria Warehouse Manchester,Music,Manchester,G5dzZbS69F6Yk,https://www.ticketmaster.co.uk/audrey-hobert-manchester-15-03-2026/event/3E006331D7207C06,M17 1AB,53.4643707,-2.2853054
24/03/2026,Geese,19:00:00,O2 Victoria Warehouse Manchester,Music,Manchester,G5dzZbgfr2DRw,https://www.ticketmaster.co.uk/geese-manchester-24-03-2026/event/3E0063551E3FBBF2,M17 1AB,53.4643707,-2.2853054
05/04/2026,"Back By Dope Demand ""The Warehouse Rave""",18:00:00,O2 Victoria Warehouse Manchester,Music,Manchester,G5dzZbydVdAzP,https://www.ticketmaster.co.uk/back-by-dope-demand-the-warehouse-manchester-05-04-2026/event/3E006390F40C5E25,M17 1AB,53.4643707,-2.2853054
11/04/2026,Happy Mondays,18:30:00,O2 Victoria Warehouse Manchester,Music,Manchester,G5dzZbs91jvcj,https://www.ticketmaster.co.uk/happy-mondays-manchester-11-04-2026/event/3E006315CA701B5C,M17 1AB,53.4643707,-2.2853054
15/03/2026,Clinton Baptiste: Spectral Intercourse,19:30:00,The Lowry,Arts & Theatre,Salford,G5vHZb9QWoKF1,https://www.ticketmaster.co.uk/clinton-baptiste-spectral-intercourse-salford-15-03-2026/event/1F006176BD45320A,M502AZ,53.473993,-2.293741
21/03/2026,Ray Bradshaw: CODA,20:00:00,The Lowry,Arts & Theatre,Salford,G5vHZbt6GRe4s,https://www.ticketmaster.co.uk/ray-bradshaw-coda-salford-21-03-2026/event/1F006291CCBC2571,M502AZ,53.473993,-2.293741
26/03/2026,The LOL Podcast presents the Laugh Out Loud World Tour,19:00:00,The Lowry,Arts & Theatre,Salford,G5vHZbUCXDkgs,https://www.ticketmaster.co.uk/the-lol-podcast-presents-the-laugh-salford-26-03-2026/event/1F006363BEEC6D71,M502AZ,53.473993,-2.293741
29/03/2026,Foil Arms & Hog - Skittish,19:30:00,The Lowry,Arts & Theatre,Salford,G5vHZbJb8KNDg,https://www.ticketmaster.co.uk/foil-arms-hog-skittish-salford-29-03-2026/event/1F006266104E3EF5,M502AZ,53.473993,-2.293741
12/03/2026,Phil Ellis: Bath Mat,20:00:00,Quays Theatre - The Lowry,Arts & Theatre,Salford,G5vHZbwNGmsWd,https://www.ticketmaster.co.uk/phil-ellis-bath-mat-salford-12-03-2026/event/1F006328CCBB1F43,M503AZ,53.47109661,-2.29681249
05/04/2026,Omid Djalili: Namaste,20:00:00,Quays Theatre - The Lowry,Arts & Theatre,Salford,G5vHZbRxhpZRB,https://www.ticketmaster.co.uk/omid-djalili-namaste-salford-05-04-2026/event/1F0062F89B580BFA,M503AZ,53.47109661,-2.29681249
10/04/2026,Tom Houghton: Deep,20:00:00,Quays Theatre - The Lowry,Arts & Theatre,Salford,G5vHZbEnnopjU,https://www.ticketmaster.co.uk/tom-houghton-deep-salford-10-04-2026/event/1F00627AAA456736,M503AZ,53.47109661,-2.29681249
11/04/2026,Hannah East: Express Yourself,20:00:00,Quays Theatre - The Lowry,Arts & Theatre,Salford,G5vHZbnwLq-p_,https://www.ticketmaster.co.uk/hannah-east-express-yourself-salford-11-04-2026/event/1F0062AC9F761599,M503AZ,53.47109661,-2.29681249
20/03/2026,Pete Firman: Tricks & Giggles,19:30:00,Waterside,Arts & Theatre,Manchester,G5vHZbb5PnSRE,https://www.ticketmaster.co.uk/pete-firman-tricks-giggles-manchester-20-03-2026/event/1F006182E5AB3BE7,M33 7ZF,53.425119,-2.320016
27/03/2026,Michael Starring Ben,19:30:00,Middleton Arena,Music,Manchester,G5vHZbtZVBN1r,https://www.ticketmaster.co.uk/michael-starring-ben-manchester-27-03-2026/event/1F00629034EA329E,M24 2DB,53.551711,-2.17891
29/03/2026,Sale Sharks V Bath Rugby,15:00:00,Salford Community Stadium,Sports,Manchester,1AdbZ_dGkSsjz01,https://www.eticketing.co.uk/salesharksrugby/EDP/Event/Index/419?utm_source=Ticketmaster&utm_medium=Shell-Event&utm_campaign=cl:Sale-sharks-chl:Shell-Event-v.Ba,M30 7EY,53.469638,-2.376029
13/04/2026,Tori Amos,19:00:00,O2 Apollo Manchester,Music,Manchester,1AUZkueGkdirigT,https://www.ticketmaster.co.uk/tori-amos-manchester-13-04-2026/event/36006342EC7ACD7F,M12 6AP,53.469422,-2.221964
17/04/2026,Max Amini,18:30:00,O2 Apollo Manchester,Arts & Theatre,Manchester,1AdbZbzGkw5qfdf,https://www.ticketmaster.co.uk/max-amini-manchester-17-04-2026/event/3600638C8B7540D4,M12 6AP,53.469422,-2.221964
18/04/2026,Cat Burns,19:00:00,O2 Apollo Manchester,Music,Manchester,1AUZkGfGkdLV3YC,https://www.ticketmaster.co.uk/cat-burns-manchester-18-04-2026/event/36006314DFD12C0E,M12 6AP,53.469422,-2.221964
24/04/2026,John Mulaney: Mister Whatever,18:30:00,O2 Apollo Manchester,Arts & Theatre,Manchester,1AdbZbMGkn330Va,https://www.ticketmaster.co.uk/john-mulaney-mister-whatever-manchester-24-04-2026/event/3600637A924A4D09,M12 6AP,53.469422,-2.221964
25/04/2026,Nurse John,20:00:00,O2 Apollo Manchester,Arts & Theatre,Manchester,1AdbZbMGkmTaFpT,https://www.ticketmaster.co.uk/nurse-john-manchester-25-04-2026/event/3600637BBF2485BF,M12 6AP,53.469422,-2.221964
01/05/2026,Ninja Sex Party & TWRP - Pure Elegance Tour,19:00:00,O2 Apollo Manchester,Arts & Theatre,Manchester,1AdbZbUGklQEBfx,https://www.ticketmaster.co.uk/ninja-sex-party-twrp-pure-elegance-manchester-01-05-2026/event/3600636ADA9FA522,M12 6AP,53.469422,-2.221964
07/05/2026,James Morrison,19:00:00,O2 Apollo Manchester,Music,Manchester,1AUZkCvGkdU2Lkz,https://www.ticketmaster.co.uk/james-morrison-manchester-07-05-2026/event/36006381F63DF1B8,M12 6AP,53.469422,-2.221964
09/05/2026,James Morrison,19:00:00,O2 Apollo Manchester,Music,Manchester,1AUZkuEGkdZ3Ibc,https://www.ticketmaster.co.uk/james-morrison-manchester-09-05-2026/event/36006367C04A862D,M12 6AP,53.469422,-2.221964
15/04/2026,The High Kings,19:30:00,Manchester Academy 2,Music,Manchester,1AwZkGYGkd6TZBS,https://www.ticketweb.uk/event/the-high-kings-manchester-academy-2-tickets/14564273?REFERRAL_ID=tmfeed,M13 9PR,53.464386,-2.232225
16/04/2026,Robert Jon & The Wreck,19:30:00,Manchester Academy 2,Music,Manchester,1AwZkGpGkemue6m,https://www.ticketweb.uk/event/robert-jon-the-wreck-manchester-academy-2-tickets/14507913?REFERRAL_ID=tmfeed,M13 9PR,53.464386,-2.232225
18/04/2026,Tyketto,19:30:00,Manchester Academy 2,Music,Manchester,1AwZkuVGkewwekc,https://www.ticketweb.uk/event/tyketto-manchester-academy-2-tickets/14708433?REFERRAL_ID=tmfeed,M13 9PR,53.464386,-2.232225
18/04/2026,Skye Newman,19:00:00,Manchester Academy,Music,Manchester,G5vHZbgxEt92D,https://www.ticketmaster.co.uk/skye-newman-manchester-18-04-2026/event/1F006358A7A573FB,M13 9PR,53.464386,-2.232225
20/04/2026,Naomi Jon - Strawberry Tour 2026,19:30:00,Manchester Academy 2,Music,Manchester,G5vHZ_eJX633-,https://www.ticketmaster.co.uk/naomi-jon-strawberry-tour-2026-manchester-20-04-2026/event/1F006429BE1D24A1,M13 9PR,53.464386,-2.232225
23/04/2026,Creeper,19:30:00,Manchester Club Academy,Music,Manchester,G5vHZbz0dDa8-,https://www.ticketmaster.co.uk/creeper-manchester-23-04-2026/event/1F00638903EC9421,M13 9PR,53.464386,-2.232225
25/04/2026,The Scratch,19:30:00,Manchester Club Academy,Music,Manchester,G5vHZbSMr-z95,https://www.ticketmaster.co.uk/the-scratch-manchester-25-04-2026/event/1F00633DDE8785CB,M13 9PR,53.464386,-2.232225
26/04/2026,Cooper Alan - To the Pub Tour,19:00:00,Manchester Academy,Music,Manchester,G5vHZbgMcqt5s,https://www.ticketmaster.co.uk/cooper-alan-to-the-pub-tour-manchester-26-04-2026/event/1F00635DED7692F1,M13 9PR,53.464386,-2.232225
29/04/2026,GoldLink,19:00:00,Manchester Club Academy,Music,Manchester,G5vHZbtLMz7ds,https://www.ticketmaster.co.uk/goldlink-manchester-29-04-2026/event/1F006297F7E040F1,M13 9PR,53.464386,-2.232225
30/04/2026,Dragged Into Sunlight,19:00:00,Manchester Club Academy,Music,Manchester,LvZ18Q9NFCkhZX8ZloVgp,https://www.universe.com/events/dragged-into-sunlight-tickets-8L4FN1?ref=ticketmaster,M13 9PR,53.464386,-2.232225
01/05/2026,Dogma,19:30:00,Manchester Club Academy,Music,Manchester,G5vHZbwRWkxfo,https://www.ticketmaster.co.uk/dogma-manchester-01-05-2026/event/1F00632BFD1A2511,M13 9PR,53.464386,-2.232225
01/05/2026,Solence,19:30:00,Manchester Academy 3,Music,Manchester,G5vHZbz2vF6dS,https://www.ticketmaster.co.uk/solence-manchester-01-05-2026/event/1F006383C12070F3,M13 9PR,53.464386,-2.232225
01/05/2026,Hypocrisy,18:30:00,Manchester Academy 2,Music,Manchester,LvZ18QCSWad-678Z0Yy2h,https://www.universe.com/events/hypocrisy-tickets-B5F0H9?ref=ticketmaster,M13 9PR,53.464386,-2.232225
02/05/2026,Natalie Jane,19:30:00,Manchester Academy 2,Music,Manchester,G5vHZbgY06Qih,https://www.ticketmaster.co.uk/natalie-jane-manchester-02-05-2026/event/1F00635C241DAB1B,M13 9PR,53.464386,-2.232225
02/05/2026,Puressence,19:00:00,Manchester Academy,Music,Manchester,G5vHZbsMzZdTu,https://www.ticketmaster.co.uk/puressence-manchester-02-05-2026/event/1F00631DF8003FCD,M13 9PR,53.464386,-2.232225
03/05/2026,Balu Brigada,19:00:00,Manchester Academy 2,Music,Manchester,G5vHZbMGX8jhe,https://www.ticketmaster.co.uk/balu-brigada-manchester-03-05-2026/event/1F0063733E41C6C2,M13 9PR,53.464386,-2.232225
06/05/2026,Stephen Sanchez,19:00:00,Manchester Academy,Music,Manchester,G5vHZ_e932x5K,https://www.ticketmaster.co.uk/stephen-sanchez-manchester-06-05-2026/event/1F006425D23E22D3,M13 9PR,53.464386,-2.232225
08/05/2026,Screeching Weasel,19:00:00,Manchester Academy 2,Music,Manchester,1AwZkuVGkdvHeGl,https://www.ticketweb.uk/event/screeching-weasel-manchester-academy-2-tickets/14708483?REFERRAL_ID=tmfeed,M13 9PR,53.464386,-2.232225
08/05/2026,Paledusk,19:00:00,Manchester Academy 3,Music,Manchester,LvZ18QKTQzt-czZZ0AnIw,https://www.universe.com/events/paledusk-tickets-SK3P1T?ref=ticketmaster,M13 9PR,53.464386,-2.232225
09/05/2026,Au/Ra,19:30:00,Manchester Club Academy,Music,Manchester,16wZkCePwZAuvaGa,https://www.ticketweb.uk/event/aura-manchester-club-academy-tickets/14732453?REFERRAL_ID=tmfeed,M13 9PR,53.464386,-2.232225
09/05/2026,Au/Ra,19:30:00,Manchester Club Academy,Music,Manchester,G5vHZbMShitny,https://www.ticketmaster.co.uk/aura-manchester-09-05-2026/event/1F00637CDBB29AB9,M13 9PR,53.464386,-2.232225
11/05/2026,Lights,19:30:00,Manchester Academy 3,Music,Manchester,G5vHZ_dhb9VvN,https://www.ticketmaster.co.uk/lights-manchester-11-05-2026/event/1F006436D85F4063,M13 9PR,53.464386,-2.232225
11/05/2026,LOLO,19:30:00,Manchester Club Academy,Music,Manchester,G5vHZ_eMd_K75,https://www.ticketmaster.co.uk/lolo-manchester-11-05-2026/event/1F00642DC365310B,M13 9PR,53.464386,-2.232225
11/05/2026,Larry Fleet,19:30:00,Manchester Academy 2,Music,Manchester,G5vHZbM5v-91V,https://www.ticketmaster.co.uk/larry-fleet-manchester-11-05-2026/event/1F006372C18572B4,M13 9PR,53.464386,-2.232225
09/05/2026,Ali Woods: Basher,20:00:00,Manchester Fairfield Social Club,Arts & Theatre,Manchester,1AMZku8GkdtT1bh,https://www.ticketmaster.co.uk/ali-woods-basher-manchester-09-05-2026/event/37006350E9FCA61B,M12 6HR,53.47411,-2.22063
09/05/2026,Ali Woods: Basher,17:00:00,Manchester Fairfield Social Club,Arts & Theatre,Manchester,1AdjZbVGkHITQUI,https://www.ticketmaster.co.uk/ali-woods-basher-manchester-09-05-2026/event/3700634F28FDADA8,M12 6HR,53.47411,-2.22063
13/04/2026,Pete McCredie,19:00:00,Manchester The Deaf Institute.,Music,Manchester,G5vHZbgdUitoe,https://www.ticketmaster.co.uk/pete-mccredie-manchester-13-04-2026/event/1F006350F6B29442,M1 7HE,53.47014,-2.236159
15/04/2026,Archers,19:00:00,Manchester The Deaf Institute.,Music,Manchester,LvZ18Q4mu-_z2UZZlin9F,https://www.universe.com/events/archers-tickets-KCYLNF?ref=ticketmaster,M1 7HE,53.47014,-2.236159
17/04/2026,Sekou,19:00:00,Manchester The Deaf Institute.,Music,Manchester,1AdFZbMGkRf6vRN,https://www.ticketweb.uk/event/sekou-the-deaf-institute-tickets/14726323?REFERRAL_ID=tmfeed,M1 7HE,53.47014,-2.236159
22/04/2026,Steph Strings,19:00:00,Manchester The Deaf Institute.,Music,Manchester,1AwZkuaGkdDBwBa,https://www.ticketweb.uk/event/steph-strings-the-deaf-institute-tickets/14612583?REFERRAL_ID=tmfeed,M1 7HE,53.47014,-2.236159
25/04/2026,Tyler Ballgame,19:00:00,Manchester The Deaf Institute.,Music,Manchester,1AwZkGSGkdYDeRD,https://www.ticketweb.uk/event/tyler-ballgame-the-deaf-institute-tickets/14572833?REFERRAL_ID=tmfeed,M1 7HE,53.47014,-2.236159
28/04/2026,Willi Carlisle,19:00:00,Manchester The Deaf Institute.,Music,Manchester,1AwZkuEGkdunK6g,https://www.ticketweb.uk/event/willi-carlisle-the-deaf-institute-tickets/14676683?REFERRAL_ID=tmfeed,M1 7HE,53.47014,-2.236159
01/05/2026,Booshle G.,19:00:00,Manchester The Deaf Institute.,Music,Manchester,G5vHZby2Pn4EX,https://www.ticketmaster.co.uk/booshle-g-manchester-01-05-2026/event/1F006393E5A959FE,M1 7HE,53.47014,-2.236159
06/05/2026,Esme Emerson,19:00:00,Manchester The Deaf Institute.,Music,Manchester,G5vHZbgYbX1jT,https://www.ticketmaster.co.uk/esme-emerson-manchester-06-05-2026/event/1F00635C18F8A73F,M1 7HE,53.47014,-2.236159
09/05/2026,"An Afternoon of Indie MANCHESTER - Indie for the over 30s, 3pm-7pm",15:00:00,Manchester The Deaf Institute.,Music,Manchester,LvZ18QbdhqTROTZZwC9NT,https://www.universe.com/events/an-afternoon-of-indie-manchester-indie-for-the-over-30s-3pm-7pm-tickets-48CLW3?ref=ticketmaster,M1 7HE,53.47014,-2.236159
02/05/2026,Tommy WÁ,18:00:00,"The Lodge, Manchester",Music,Manchester,G5vHZbV7Jl5Mn,https://www.ticketmaster.co.uk/tommy-wa-manchester-02-05-2026/event/1F00634126ACBDEA,M1 7HE,53.470669,-2.23567
16/04/2026,The Prodigy,19:30:00,Co-op Live,Music,Manchester,17uYvxG6u6C30KH,https://www.ticketmaster.co.uk/the-prodigy-manchester-16-04-2026/event/370062D1CE4A44FC,M11 3DU,53.48661136,-2.1995797
16/04/2026,Fast Track: The Prodigy,18:30:00,Co-op Live,Unknown,Manchester,Za5ju3rKuqZBg8a6iEIWCJlrHhWV7PVpr,,M11 3DU,53.48661136,-2.1995797
16/04/2026,The Prodigy Premium,20:00:00,Co-op Live,Unknown,Manchester,Za5ju3rKuqZDvXcCIrXOoe_QJ2wTq6WtMo,,M11 3DU,53.48661136,-2.1995797
17/04/2026,Rick Astley The Reflection Tour 2026,19:30:00,Co-op Live,Music,Manchester,1AdjZbsGkRFjsIc,https://www.ticketmaster.co.uk/rick-astley-the-reflection-tour-2026-manchester-17-04-2026/event/3700631BC8731A2D,M11 3DU,53.48661136,-2.1995797
17/04/2026,Rick Astley Premium,19:30:00,Co-op Live,Unknown,Manchester,Za5ju3rKuqZDef05Xj4BW1G_xncGa39BoT,,M11 3DU,53.48661136,-2.1995797
17/04/2026,Fast Track: Rick Astley,18:30:00,Co-op Live,Unknown,Manchester,Za5ju3rKuqZDvJto9nsQ4FVzjZXnXT23XX,,M11 3DU,53.48661136,-2.1995797
18/04/2026,James 2026 - Love is the Answer,19:30:00,Co-op Live,Music,Manchester,1AMZkueGkendyiw,https://www.ticketmaster.co.uk/james-2026-love-is-the-answer-manchester-18-04-2026/event/37006342AA0F9B32,M11 3DU,53.48661136,-2.1995797
18/04/2026,James Gold Soundcheck Experience Upgrade,20:00:00,Co-op Live,Unknown,Manchester,Za5ju3rKuqZBCNfjbH3y7TzpPuiDPJgnf,,M11 3DU,53.48661136,-2.1995797
18/04/2026,James Premium,20:00:00,Co-op Live,Unknown,Manchester,Za5ju3rKuqZDdylq3JG9veWbUtzr6Vd_qI,,M11 3DU,53.48661136,-2.1995797
18/04/2026,Fast Track: James,18:30:00,Co-op Live,Unknown,Manchester,Za5ju3rKuqZDeS-yTWhRy1dFrGQkgPqiZI,,M11 3DU,53.48661136,-2.1995797
24/04/2026,Louis Tomlinson,18:30:00,Co-op Live,Music,Manchester,1AMZkuvGkd2KDgx,https://www.ticketmaster.co.uk/louis-tomlinson-manchester-24-04-2026/event/37006341CF4FBD62,M11 3DU,53.48661136,-2.1995797
24/04/2026,Fast Track: Louis Tomlinson,18:30:00,Co-op Live,Unknown,Manchester,Za5ju3rKuqZDdIXeTeL-qF_l46F67K8I4J,,M11 3DU,53.48661136,-2.1995797
24/04/2026,Louis Tomlinson Premium,19:30:00,Co-op Live,Unknown,Manchester,Za5ju3rKuqZDdLk50hJVo2XQfhgp5VTp23,,M11 3DU,53.48661136,-2.1995797
25/04/2026,Olivia Dean,18:30:00,Co-op Live,Music,Manchester,1AMZkGKGkdhlvJZ,https://www.ticketmaster.co.uk/olivia-dean-manchester-25-04-2026/event/37006313DBAC1980,M11 3DU,53.48661136,-2.1995797
25/04/2026,Fast Track: Olivia Dean,18:30:00,Co-op Live,Unknown,Manchester,Za5ju3rKuqZBrwaPXVWAeIBAF8luQ3Xvl,,M11 3DU,53.48661136,-2.1995797
25/04/2026,Olivia Dean Premium,20:00:00,Co-op Live,Unknown,Manchester,Za5ju3rKuqZDesCchC714vhIE3N22Tnssx,,M11 3DU,53.48661136,-2.1995797
26/04/2026,Olivia Dean,19:30:00,Co-op Live,Music,Manchester,1AMZkG_GkdqLYI9,https://www.ticketmaster.co.uk/olivia-dean-manchester-26-04-2026/event/37006319DD7F0A17,M11 3DU,53.48661136,-2.1995797
26/04/2026,Olivia Dean 26.04 Premium,19:30:00,Co-op Live,Unknown,Manchester,Za5ju3rKuqZDe4X4aAn9v6tI4JicfXgmSO,,M11 3DU,53.48661136,-2.1995797
27/04/2026,Alex Warren Presents: Little Orphan Alex Live,19:30:00,Co-op Live,Music,Manchester,1AdjZbwGkXwfoQm,https://www.ticketmaster.co.uk/alex-warren-presents-little-orphan-alex-manchester-27-04-2026/event/3700632FB25116AE,M11 3DU,53.48661136,-2.1995797
27/04/2026,Alex Warren Premium,20:00:00,Co-op Live,Unknown,Manchester,Za5ju3rKuqZDejJ4yQGwPZXIG1c9rc6fAA,,M11 3DU,53.48661136,-2.1995797
27/04/2026,Fast Track: Alex Warren,18:30:00,Co-op Live,Unknown,Manchester,Za5ju3rKuqZDvfW9Hccqt54B1yFBXsKeWe,,M11 3DU,53.48661136,-2.1995797
01/05/2026,NE-YO & Akon: Nights Like This Tour 2026,19:30:00,Co-op Live,Music,Manchester,1AMZk8VGkdCcKhJ,https://www.ticketmaster.co.uk/neyo-akon-nights-like-this-tour-manchester-01-05-2026/event/37006434CEB536E6,M11 3DU,53.48661136,-2.1995797
01/05/2026,Ne-Yo & Akon Premium 01.05,19:30:00,Co-op Live,Unknown,Manchester,Za5ju3rKuqZDeZzCyl0AvulB07fYQ-OWDZ,,M11 3DU,53.48661136,-2.1995797
02/05/2026,NE-YO & Akon: Nights Like This Tour 2026,19:30:00,Co-op Live,Music,Manchester,1AdjZ_dGkmtzvHF,https://www.ticketmaster.co.uk/neyo-akon-nights-like-this-tour-manchester-02-05-2026/event/3700643BA9E01F08,M11 3DU,53.48661136,-2.1995797
02/05/2026,Ne-Yo & Akon Premium 02.05,19:30:00,Co-op Live,Unknown,Manchester,Za5ju3rKuqZDdIR-hKsktaUyIFER-VMRIW,,M11 3DU,53.48661136,-2.1995797
04/05/2026,Alex Warren Presents: Little Orphan Alex Live,19:30:00,Co-op Live,Music,Manchester,1AMZkGzGkdskHzd,https://www.ticketmaster.co.uk/alex-warren-presents-little-orphan-alex-manchester-04-05-2026/event/37006338F11BCE03,M11 3DU,53.48661136,-2.1995797
04/05/2026,Alex Warren 4.05 Premium,20:00:00,Co-op Live,Unknown,Manchester,Za5ju3rKuqZDeSFaNAx_cu9zFFi3ZP4UiV,,M11 3DU,53.48661136,-2.1995797
06/05/2026,NE-YO & Akon: Nights Like This Tour 2026,19:30:00,Co-op Live,Music,Manchester,1AdjZ_dGkBld3sg,https://www.ticketmaster.co.uk/neyo-akon-nights-like-this-tour-manchester-06-05-2026/event/3700643EAB0D2C75,M11 3DU,53.48661136,-2.1995797
06/05/2026,Ne-Yo & Akon Premium 06.05,19:30:00,Co-op Live,Unknown,Manchester,Za5ju3rKuqZDdzbcGvV1a2K1PuBxIlWn5G,,M11 3DU,53.48661136,-2.1995797
08/05/2026,Tame Impala,19:30:00,Co-op Live,Music,Manchester,16djZbSOvG7WCFo,https://www.ticketmaster.co.uk/tame-impala-manchester-08-05-2026/event/3700633801F4E211,M11 3DU,53.48661136,-2.1995797
08/05/2026,Tame Impala Premium,20:00:00,Co-op Live,Unknown,Manchester,Za5ju3rKuqZDdayx9cuevk2DG0g-KDY2nS,,M11 3DU,53.48661136,-2.1995797
12/04/2026,The New Cut,19:30:00,YES Basement,Music,Manchester,LvZ18QoUV8k4o8YvjdHuE,https://www.universe.com/events/the-new-cut-tickets-DSXGQF?ref=ticketmaster,M1 7DB,53.47411,-2.23833
12/04/2026,False Reality,19:00:00,YES (Pink Room),Music,Manchester,G5vHZ_dBfdNYY,https://www.ticketmaster.co.uk/false-reality-manchester-12-04-2026/event/1F00643E940E3C30,M1 7DB,53.474109,-2.238335
14/04/2026,Marlon Williams,19:00:00,YES (Pink Room),Music,Manchester,1AdFZbVGkl7seD_,https://www.ticketweb.uk/event/marlon-williams-yes-pink-room-tickets/14614503?REFERRAL_ID=tmfeed,M1 7DB,53.474109,-2.238335
14/04/2026,Marlon Williams,19:30:00,YES (Pink Room),Music,Manchester,LvZ18Q8uYA8wsL8Z0T6bZ,https://www.universe.com/events/marlon-williams-tickets-PRLD9B?ref=ticketmaster,M1 7DB,53.474109,-2.238335
17/04/2026,The Sophs,19:00:00,YES Basement,Music,Manchester,1AwZkufGkeBKSZC,https://www.ticketweb.uk/event/the-sophs-yes-basement-tickets/14631193?REFERRAL_ID=tmfeed,M1 7DB,53.47411,-2.23833
15/04/2026,Deathcrash,19:30:00,YES (Pink Room),Music,Manchester,LvZ18Q8uTdmp5Q8ZlQcTR,https://www.universe.com/events/deathcrash-tickets-1MBRHL?ref=ticketmaster,M1 7DB,53.474109,-2.238335
16/04/2026,The Pale White,19:00:00,YES (Pink Room),Music,Manchester,1AwZku8GkeRY3uM,https://www.ticketweb.uk/event/the-pale-white-yes-pink-room-tickets/14625853?REFERRAL_ID=tmfeed,M1 7DB,53.474109,-2.238335
17/04/2026,HighSchool,19:00:00,YES (Pink Room),Music,Manchester,LvZ18Q8uqpLMcLZZlx01w,https://www.universe.com/events/highschool-tickets-JKTW9R?ref=ticketmaster,M1 7DB,53.474109,-2.238335
18/04/2026,MS Banks - South LDN Lover Girl,19:00:00,YES (Pink Room),Music,Manchester,G5vHZ_dlhmpxE,https://www.ticketmaster.co.uk/ms-banks-south-ldn-lover-girl-manchester-18-04-2026/event/1F00643ADBB968A7,M1 7DB,53.474109,-2.238335
21/04/2026,World News,19:00:00,YES Basement,Music,Manchester,G5vHZbzE8-JBO,https://www.ticketmaster.co.uk/world-news-manchester-21-04-2026/event/1F006389D0866EA0,M1 7DB,53.47411,-2.23833
19/04/2026,Acopia,19:00:00,YES (Pink Room),Music,Manchester,LvZ18Q3DEr0sD3OZlg9eM,https://www.universe.com/events/acopia-tickets-0BW2JD?ref=ticketmaster,M1 7DB,53.474109,-2.238335
23/04/2026,PUNCHBAG,19:00:00,YES Basement,Music,Manchester,G5vHZ_792ZAuX,https://www.ticketmaster.co.uk/punchbag-manchester-23-04-2026/event/1F006445CF00537E,M1 7DB,53.47411,-2.23833
22/04/2026,SEAHAVEN,19:00:00,YES (Pink Room),Music,Manchester,1AdFZbMGknZg8yT,https://www.ticketweb.uk/event/seahaven-yes-pink-room-tickets/14723613?REFERRAL_ID=tmfeed,M1 7DB,53.474109,-2.238335
24/04/2026,Alexis Taylor,19:00:00,YES (Pink Room),Music,Manchester,LvZ18QpIL8RagB8Zyx4uN,https://www.universe.com/events/alexis-taylor-tickets-8416VZ?ref=ticketmaster,M1 7DB,53.474109,-2.238335
25/04/2026,Chapterhouse - WHIRLPOOL 35TH ANNIVERSARY TOUR,19:00:00,YES (Pink Room),Music,Manchester,LvZ18Q8uMwaaODYZ07ecQ,https://www.universe.com/events/chapterhouse-whirlpool-35th-anniversary-tour-tickets-7R1DQZ?ref=ticketmaster,M1 7DB,53.474109,-2.238335
29/04/2026,Pearl Charles,19:30:00,YES Basement,Music,Manchester,G5vHZbUhPJbss,https://www.ticketmaster.co.uk/pearl-charles-manchester-29-04-2026/event/1F006366E5998C71,M1 7DB,53.47411,-2.23833
29/04/2026,Ego Ella May,19:30:00,YES (Pink Room),Music,Manchester,LvZ18QpzYLgFmW8ZyOK_d,https://www.universe.com/events/ego-ella-may-tickets-2NCM0H?ref=ticketmaster,M1 7DB,53.474109,-2.238335
01/05/2026,Pictish Trail,19:00:00,YES (Pink Room),Music,Manchester,LvZ18QKv1KnvmkYv4QELQ,https://www.universe.com/events/pictish-trail-tickets-J0SVK7?ref=ticketmaster,M1 7DB,53.474109,-2.238335
03/05/2026,Calva Louise,19:00:00,YES (Pink Room),Music,Manchester,G5vHZ_7Ky2JT_,https://www.ticketmaster.co.uk/calva-louise-manchester-03-05-2026/event/1F006444F93E6FD9,M1 7DB,53.474109,-2.238335
06/05/2026,Florry,19:30:00,YES Basement,Music,Manchester,LvZ18Q8CvQDPbzZZ0UdK-,https://www.universe.com/events/florry-tickets-53GLKR?ref=ticketmaster,M1 7DB,53.47411,-2.23833
07/05/2026,PISS,19:30:00,YES Basement,Music,Manchester,LvZ18Q9iXJC_yEOZBfNoN,https://www.universe.com/events/piss-tickets-H1QZYM?ref=ticketmaster,M1 7DB,53.47411,-2.23833
10/05/2026,Meltt,19:00:00,YES Basement,Music,Manchester,G5vHZbzG0M8Ic,https://www.ticketmaster.co.uk/meltt-manchester-10-05-2026/event/1F00638324DD0A2D,M1 7DB,53.47411,-2.23833
12/04/2026,Jordan Ward,19:00:00,Manchester Gorilla,Music,Manchester,G5vHZbU9yXyKR,https://www.ticketmaster.co.uk/jordan-ward-manchester-12-04-2026/event/1F006365F9FB94EF,M1 5WW,53.473982,-2.243351
14/04/2026,Balancing Act,19:00:00,Manchester Gorilla,Music,Manchester,G5vHZbMfdvW54,https://www.ticketmaster.co.uk/balancing-act-manchester-14-04-2026/event/1F0063750307D2D5,M1 5WW,53.473982,-2.243351
16/04/2026,ART SCHOOL GIRLFRIEND,19:00:00,Manchester Gorilla,Music,Manchester,LvZ18QoUtRF93cOZl6dGP,https://www.universe.com/events/art-school-girlfriend-tickets-B56VHZ?ref=ticketmaster,M1 5WW,53.473982,-2.243351
18/04/2026,The Rosadocs,18:30:00,Manchester Gorilla,Music,Manchester,G5vHZbw4VsOR9,https://www.ticketmaster.co.uk/the-rosadocs-manchester-18-04-2026/event/1F00632574C60BD7,M1 5WW,53.473982,-2.243351
19/04/2026,Taylor Acorn,19:00:00,Manchester Gorilla,Music,Manchester,G5vHZbzxprSL3,https://www.ticketmaster.co.uk/taylor-acorn-manchester-19-04-2026/event/1F006388967B37D2,M1 5WW,53.473982,-2.243351
21/04/2026,Aaron Rowe,19:00:00,Manchester Gorilla,Music,Manchester,G5vHZ_eUoD-4P,https://www.ticketmaster.co.uk/aaron-rowe-manchester-21-04-2026/event/1F00642D91EE1565,M1 5WW,53.473982,-2.243351
23/04/2026,INJI,18:30:00,Manchester Gorilla,Music,Manchester,G5vHZbUi5Kjl9,https://www.ticketmaster.co.uk/inji-manchester-23-04-2026/event/1F00636B0B4DCAD7,M1 5WW,53.473982,-2.243351
24/04/2026,Chalk,19:00:00,Manchester Gorilla,Music,Manchester,LvZ18Q8uHjjsiQ8Zl8wrO,https://www.universe.com/events/chalk-tickets-ZFH9RD?ref=ticketmaster,M1 5WW,53.473982,-2.243351
25/04/2026,Just Mustard,19:00:00,Manchester Gorilla,Music,Manchester,G5vHZbVbv3G4k,https://www.ticketmaster.co.uk/just-mustard-manchester-25-04-2026/event/1F0063460148C546,M1 5WW,53.473982,-2.243351
03/05/2026,Jutes,19:00:00,Manchester Gorilla,Music,Manchester,G5vHZbMF_WBsL,https://www.ticketmaster.co.uk/jutes-manchester-03-05-2026/event/1F00637219F7AC5F,M1 5WW,53.473982,-2.243351
10/05/2026,Yellow Days,19:00:00,Manchester Gorilla,Music,Manchester,LvZ18QoMomR08mZvC8zix,https://www.universe.com/events/yellow-days-tickets-8JLRN3?ref=ticketmaster,M1 5WW,53.473982,-2.243351
14/04/2026,President - the Campaign Trail: Uk 2026,19:00:00,O2 Ritz Manchester,Music,Manchester,G5dzZbRhzD-PB,https://www.ticketmaster.co.uk/president-the-campaign-trail-uk-2026-manchester-14-04-2026/event/3E0062F6F8EE197A,M1 5NQ,53.474423,-2.243098
15/04/2026,The Cheryl & Kitty Show 2026,19:00:00,O2 Ritz Manchester,Music,Manchester,G5dzZ_dUDWfuZ,https://www.ticketmaster.co.uk/the-cheryl-kitty-show-2026-manchester-15-04-2026/event/3E00643DBBF54340,M1 5NQ,53.474423,-2.243098
17/04/2026,Peaches,19:00:00,O2 Ritz Manchester,Music,Manchester,G5dzZbMCH56L5,https://www.ticketmaster.co.uk/peaches-manchester-17-04-2026/event/3E006373BC2C77CB,M1 5NQ,53.474423,-2.243098
18/04/2026,Thunder From Down Under,19:00:00,O2 Ritz Manchester,Arts & Theatre,Manchester,G5dzZbYR4BvEY,https://www.ticketmaster.co.uk/thunder-from-down-under-manchester-18-04-2026/event/3E00630BD5E819F0,M1 5NQ,53.474423,-2.243098
21/04/2026,Amber Mark,19:00:00,O2 Ritz Manchester,Music,Manchester,G5dzZbSdCMAoR,https://www.ticketmaster.co.uk/amber-mark-manchester-21-04-2026/event/3E006330CEDC546F,M1 5NQ,53.474423,-2.243098
25/04/2026,M60,18:30:00,O2 Ritz Manchester,Music,Manchester,G5dzZbVF5eQjg,https://www.ticketmaster.co.uk/m60-manchester-25-04-2026/event/3E0063420B09A735,M1 5NQ,53.474423,-2.243098
01/05/2026,GARY DAVIES Disco for Grown Ups 80s PARTY,19:15:00,O2 Ritz Manchester,Music,Manchester,G5dzZbS06VaRV,https://www.ticketmaster.co.uk/gary-davies-disco-for-grown-ups-manchester-01-05-2026/event/3E00633907D09BF4,M1 5NQ,53.474423,-2.243098
02/05/2026,Splean,19:00:00,O2 Ritz Manchester,Music,Manchester,G5dzZbU3rq0jE,https://www.ticketmaster.co.uk/splean-manchester-02-05-2026/event/3E0063649E764727,M1 5NQ,53.474423,-2.243098
03/05/2026,Smash Into Pieces,18:30:00,O2 Ritz Manchester,Music,Manchester,G5dzZbU2DByP1,https://www.ticketmaster.co.uk/smash-into-pieces-manchester-03-05-2026/event/3E006363FBEB994A,M1 5NQ,53.474423,-2.243098
07/05/2026,Sabrina Claudio: Fall In Love With Her - The Tour,19:00:00,O2 Ritz Manchester,Music,Manchester,G5dzZbSl8YEnW,https://www.ticketmaster.co.uk/sabrina-claudio-fall-in-love-with-manchester-07-05-2026/event/3E00633AD0C27ABD,M1 5NQ,53.474423,-2.243098
08/05/2026,Gabrielle Aplin,18:30:00,O2 Ritz Manchester,Music,Manchester,G5dzZbg6-II4Z,https://www.ticketmaster.co.uk/gabrielle-aplin-manchester-08-05-2026/event/3E006351E1A28540,M1 5NQ,53.474423,-2.243098
09/05/2026,The Clone Roses + Definitely Mightbe + The James Experience + Kazabian,17:30:00,O2 Ritz Manchester,Music,Manchester,G5dzZbght0beC,https://www.ticketmaster.co.uk/the-clone-roses-definitely-mightbe-the-manchester-09-05-2026/event/3E006356E991808E,M1 5NQ,53.474423,-2.243098
11/05/2026,Midnight Til Morning,19:00:00,O2 Ritz Manchester,Music,Manchester,G5dzZbz2N_96D,https://www.ticketmaster.co.uk/midnight-til-morning-manchester-11-05-2026/event/3E006383E36571FB,M1 5NQ,53.474423,-2.243098
12/04/2026,Fisherman's Friends,19:00:00,Bridgewater Hall,Music,Manchester,G5vHZb4EbVKOe,https://www.ticketmaster.co.uk/fishermans-friends-manchester-12-04-2026/event/1F006159D8D13802,M2 3WS,53.475741,-2.244913
20/04/2026,Alfie Boe,19:00:00,Bridgewater Hall,Arts & Theatre,Manchester,G5vHZbgK4OF-C,https://www.ticketmaster.co.uk/alfie-boe-manchester-20-04-2026/event/1F006354D580884E,M2 3WS,53.475741,-2.244913
28/04/2026,Aljaz & Janette: Let's Face the Music and Dance,19:30:00,Bridgewater Hall,Arts & Theatre,Manchester,G5vHZbUC8gfa1,https://www.ticketmaster.co.uk/aljaz-janette-lets-face-the-music-manchester-28-04-2026/event/1F00636390D5424A,M2 3WS,53.475741,-2.244913
29/04/2026,Jim Henson's Labyrinth: In Concert,19:30:00,Bridgewater Hall,Film,Manchester,G5vHZbV2GMbI2,https://www.ticketmaster.co.uk/jim-hensons-labyrinth-in-concert-manchester-29-04-2026/event/1F006343CCDD8A0F,M2 3WS,53.475741,-2.244913
01/05/2026,YES - The Fragile Tour,20:00:00,Bridgewater Hall,Music,Manchester,G5vHZbSkQNAS-,https://www.ticketmaster.co.uk/yes-the-fragile-tour-manchester-01-05-2026/event/1F0063319A8C5CE1,M2 3WS,53.475741,-2.244913
02/05/2026,Roland Gift Presents 40 Years of Songs by Fine Young Cannibals,19:00:00,Bridgewater Hall,Music,Manchester,G5vHZbw34ovB6,https://www.ticketmaster.co.uk/roland-gift-presents-40-years-of-manchester-02-05-2026/event/1F00632495441E87,M2 3WS,53.475741,-2.244913
03/05/2026,Paul Carrack,19:30:00,Bridgewater Hall,Music,Manchester,G5vHZbcopGZIu,https://www.ticketmaster.co.uk/paul-carrack-manchester-03-05-2026/event/1F0062D456300A0D,M2 3WS,53.475741,-2.244913
22/04/2026,Jade Helliwell,19:30:00,Night and Day,Music,Manchester,LvZ18QFuIgf2zIOZ0ef5B,https://www.universe.com/events/jade-helliwell-tickets-Y2LJ6M?ref=ticketmaster,M1 1JN,53.482609,-2.235294
25/04/2026,Book of Churches,19:30:00,Castle Hotel,Music,Manchester,LvZ18Q4RJ_tOLG8Z0Ydn7,https://www.universe.com/events/book-of-churches-tickets-HWZ395?ref=ticketmaster,M4 1LE,53.483394,-2.2340017
29/04/2026,Lizzie Reid,19:30:00,Castle Hotel,Music,Manchester,LvZ18QbE-QlFAvZZwM1If,https://www.universe.com/events/lizzie-reid-tickets-42P8VD?ref=ticketmaster,M4 1LE,53.483394,-2.2340017
08/05/2026,Mini Skirt,19:00:00,Castle Hotel,Music,Manchester,LvZ18Q9iTo7-66ZZwwRgM,https://www.universe.com/events/mini-skirt-tickets-MWSX4Y?ref=ticketmaster,M4 1LE,53.483394,-2.2340017
24/04/2026,Michael Starring Ben,19:30:00,Stockport Plaza,Music,Stockport,1AdfZbPGkw-lF8u,https://www.ticketmaster.co.uk/michael-starring-ben-stockport-24-04-2026/event/3500625CA1AC840D,SK1 1SP,53.409228,-2.161313
07/05/2026,Natalie Cuomo,20:00:00,Creatures of the Night Comedy Club,Arts & Theatre,Manchester,1AdfZbzGkRsPIo8,https://www.ticketmaster.co.uk/natalie-cuomo-manchester-07-05-2026/event/3500638BF1968450,M41LE,53.48337808,-2.23432402
23/04/2026,The Nosferatu,19:00:00,Rebellion Manchester,Music,Manchester,LvZ18QKlRVms-rYZy7TL1,https://www.universe.com/events/the-nosferatu-tickets-9NTKC1?ref=ticketmaster,M1 5WZ,53.4741834,-2.2504935
24/04/2026,N0FX V RANC1D > A LIVE TRIBUTE,18:00:00,Rebellion Manchester,Music,Manchester,16dbZbzxKG7yfky,https://www.ticketmaster.co.uk/n0fx-v-ranc1d-a-live-tribute-manchester-24-04-2026/event/3600638893E541B9,M1 5WZ,53.4741834,-2.2504935
25/04/2026,Party Cannon + Internal Bleeding,18:00:00,Rebellion Manchester,Music,Manchester,LvZ18QosWv-09KZvCiaTT,https://www.universe.com/events/party-cannon-internal-bleeding-tickets-1JLBG7?ref=ticketmaster,M1 5WZ,53.4741834,-2.2504935
30/04/2026,Pink Turns Blue - The Black Swan UK Tour 2026,19:00:00,Rebellion Manchester,Music,Manchester,LvZ18QachNshtVOZRI2hX,https://www.universe.com/events/pink-turns-blue-the-black-swan-uk-tour-2026-tickets-HSM4VY?ref=ticketmaster,M1 5WZ,53.4741834,-2.2504935
14/04/2026,Lusaint,19:30:00,Band On The Wall.,Music,Manchester,G5vHZbUBg2zZi,https://www.ticketmaster.co.uk/lusaint-manchester-14-04-2026/event/1F00636EB53F802C,M4 5JZ,53.485235,-2.234389
15/04/2026,Y�n Y�n (Yin Yin),19:30:00,Band On The Wall.,Music,Manchester,1AwZkGMGkeyisv3,https://www.ticketweb.uk/event/yn-yn-yin-yin-band-on-the-wall-tickets/14578453?REFERRAL_ID=tmfeed,M4 5JZ,53.485235,-2.234389
17/04/2026,"The Bros. Landreth, Begonia",19:00:00,Band On The Wall.,Music,Manchester,1AdFZbsGkM-YwCJ,https://www.ticketweb.uk/event/the-bros-landreth-begonia-band-on-the-wall-tickets/14526443?REFERRAL_ID=tmfeed,M4 5JZ,53.485235,-2.234389
21/04/2026,Son Little,19:30:00,Band On The Wall.,Unknown,Manchester,LvZ18Q3J6J5XC3OvjOWFM,https://www.universe.com/events/son-little-tickets-298PGH?ref=ticketmaster,M4 5JZ,53.485235,-2.234389
23/04/2026,LOVE with Johnny Echols,19:30:00,Band On The Wall.,Music,Manchester,LvZ18Qk8dODziwOZ0ZLti,https://www.universe.com/events/love-with-johnny-echols-tickets-ZL9RGN?ref=ticketmaster,M4 5JZ,53.485235,-2.234389
25/04/2026,Rosellas,19:00:00,Band On The Wall.,Music,Manchester,G5vHZbSrtJkUT,https://www.ticketmaster.co.uk/rosellas-manchester-25-04-2026/event/1F006337A9986DBF,M4 5JZ,53.485235,-2.234389
26/04/2026,daoud,19:00:00,Band On The Wall.,Music,Manchester,LvZ18QCbM9SLa_YZ0xegO,https://www.universe.com/events/daoud-tickets-25LNK7?ref=ticketmaster,M4 5JZ,53.485235,-2.234389
30/04/2026,Odyssey,19:30:00,Band On The Wall.,Music,Manchester,LvZ18Q2brIclpjYZ0xikN,https://www.universe.com/events/odyssey-tickets-3K2HFV?ref=ticketmaster,M4 5JZ,53.485235,-2.234389
01/05/2026,EXTC 'This Is Pop',19:00:00,Band On The Wall.,Music,Manchester,LvZ18Q3btE9xIVZZ0PljY,https://www.universe.com/events/extc-this-is-pop-tickets-CK2WRP?ref=ticketmaster,M4 5JZ,53.485235,-2.234389
06/05/2026,Kendra Morris + Parlour Greens + Taylor Williams,19:30:00,Band On The Wall.,Music,Manchester,LvZ18Qp0_SGBNI8Z0jeqV,https://www.universe.com/events/kendra-morris-parlour-greens-taylor-williams-tickets-WL2PYJ?ref=ticketmaster,M4 5JZ,53.485235,-2.234389
07/05/2026,Skinshape,19:30:00,Band On The Wall.,Music,Manchester,LvZ18Q3vx2BIYk8vN6516,https://www.universe.com/events/skinshape-tickets-W352M7?ref=ticketmaster,M4 5JZ,53.485235,-2.234389
08/05/2026,Transmission (The Sound of Joy Division),19:00:00,Band On The Wall.,Music,Manchester,LvZ18QCCyBTq0RYZ0itjS,https://www.universe.com/events/transmission-the-sound-of-joy-division-tickets-F5N0K7?ref=ticketmaster,M4 5JZ,53.485235,-2.234389
13/04/2026,Jessie J,19:00:00,Albert Hall,Music,Manchester,G5vHZbnUVE3Tc,https://www.ticketmaster.co.uk/jessie-j-manchester-13-04-2026/event/1F0062ADB49D2FED,M2 5QR,53.478402,-2.248891
16/04/2026,Lucy Darling: Simply Darling,20:00:00,Albert Hall,Arts & Theatre,Manchester,G5vHZ_dB87NLt,https://www.ticketmaster.co.uk/lucy-darling-simply-darling-manchester-16-04-2026/event/1F00643E901237E9,M2 5QR,53.478402,-2.248891
01/05/2026,IST IST,19:00:00,Albert Hall,Music,Manchester,LvZ18Q5koidd0uZZRIkoJ,https://www.universe.com/events/ist-ist-tickets-0GJKDW?ref=ticketmaster,M2 5QR,53.478402,-2.248891
09/05/2026,Haircut 100,19:30:00,Albert Hall,Music,Manchester,G5vHZbpkwqexi,https://www.ticketmaster.co.uk/haircut-100-manchester-09-05-2026/event/1F006161B27428AC,M2 5QR,53.478402,-2.248891
13/04/2026,You're Dead To Me - Live Tour,19:30:00,"Opera House, Manchester",Arts & Theatre,Manchester,1AUZk8gGkeSVpC6,https://www.ticketmaster.co.uk/youre-dead-to-me-live-tour-manchester-13-04-2026/event/36006435B3D16387,M3 3HP,53.478837,-2.251395
15/04/2026,Diversity Soul 2026,18:45:00,"Opera House, Manchester",Arts & Theatre,Manchester,1AUZkaKGkdG43tG,https://www.ticketmaster.co.uk/diversity-soul-2026-manchester-15-04-2026/event/36006253CC552A4C,M3 3HP,53.478837,-2.251395
16/04/2026,Diversity Soul 2026,18:45:00,"Opera House, Manchester",Arts & Theatre,Manchester,1AUZkaKGkdG4xtP,https://www.ticketmaster.co.uk/diversity-soul-2026-manchester-16-04-2026/event/36006253CC562A65,M3 3HP,53.478837,-2.251395
17/04/2026,Diversity Soul 2026,13:30:00,"Opera House, Manchester",Arts & Theatre,Manchester,1AUZkaKGkdGpetw,https://www.ticketmaster.co.uk/diversity-soul-2026-manchester-17-04-2026/event/36006253CC582A72,M3 3HP,53.478837,-2.251395
18/04/2026,Laura Ramoso - The Calm Down Tour,20:00:00,"Opera House, Manchester",Arts & Theatre,Manchester,1AUZkC7GkdBqurh,https://www.ticketmaster.co.uk/laura-ramoso-the-calm-down-tour-manchester-18-04-2026/event/36006384FA74D79B,M3 3HP,53.478837,-2.251395
17/04/2026,Maggie Lindemann,18:00:00,Manchester New Century Hall,Music,Manchester,1AMZkuoGkdrT_un,https://www.ticketmaster.co.uk/maggie-lindemann-manchester-17-04-2026/event/37006351DEFD936A,M44AH,53.486725,-2.239563
19/04/2026,Vidura Bandara Rajapaksa - the Paradise Gothic Tour,19:00:00,Manchester New Century Hall,Arts & Theatre,Manchester,1kuYvN-bGA2SEfW,https://www.ticketmaster.co.uk/vidura-bandara-rajapaksa-the-paradise-gothic-manchester-19-04-2026/event/370063858FCE753D,M44AH,53.486725,-2.239563
23/04/2026,Kane Brown - Crowd Work King,20:00:00,Manchester New Century Hall,Arts & Theatre,Manchester,1AMZkupGkdBJDN8,https://www.ticketmaster.co.uk/kane-brown-crowd-work-king-manchester-23-04-2026/event/37006356FA9BB8D0,M44AH,53.486725,-2.239563
25/04/2026,Dry Cleaning,19:00:00,Manchester New Century Hall,Music,Manchester,1AwZkuFGkdStoz0,https://www.ticketweb.uk/event/dry-cleaning-new-century-hall-tickets/14610133?REFERRAL_ID=tmfeed,M44AH,53.486725,-2.239563
26/04/2026,For The Love Of Rugby,19:00:00,Manchester New Century Hall,Arts & Theatre,Manchester,1AdjZbgGkB0Ytkc,https://www.ticketmaster.co.uk/for-the-love-of-rugby-manchester-26-04-2026/event/3700635EA4C291AD,M44AH,53.486725,-2.239563
02/05/2026,The Twilight Sad,19:00:00,Manchester New Century Hall,Music,Manchester,1AdjZbgGkRzdoon,https://www.ticketmaster.co.uk/the-twilight-sad-manchester-02-05-2026/event/3700635BF80D146A,M44AH,53.486725,-2.239563
08/05/2026,Kruder & Dorfmeister,20:00:00,Manchester New Century Hall,Music,Manchester,1AdjZ_dGkRGJ3lC,https://www.ticketmaster.co.uk/kruder-dorfmeister-manchester-08-05-2026/event/3700643BCC992ACE,M44AH,53.486725,-2.239563
24/04/2026,50 Years of Greg Wilson at Manchester Cathedral,18:30:00,Manchester Cathedral,Music,Manchester,LvZ18Q4ooqYyy28Z0hoY4,https://www.universe.com/events/50-years-of-greg-wilson-at-manchester-cathedral-tickets-X9YK8B?ref=ticketmaster,M3 1SX,53.485117,-2.244244
25/04/2026,Ibiza Anthems Live At Manchester Cathedral,18:30:00,Manchester Cathedral,Music,Manchester,LvZ18Q4ofPkpJe8Z0SgCQ,https://www.universe.com/events/ibiza-anthems-live-at-manchester-cathedral-tickets-9MZLKP?ref=ticketmaster,M3 1SX,53.485117,-2.244244
24/04/2026,"Matt Rife: 
Stay Golden World Tour",18:30:00,AO Arena,Arts & Theatre,Manchester,G5vHZbU46F5qa,https://www.ticketmaster.co.uk/matt-rife-stay-golden-world-tour-manchester-24-04-2026/event/1F0063654720B749,M3 1AR,53.488164,-2.244066
24/04/2026,Matt Rife - Venue Premium Tickets,18:30:00,AO Arena,Arts & Theatre,Manchester,G5vHZbUn40V3p,https://www.ticketmaster.co.uk/matt-rife-venue-premium-tickets-manchester-24-04-2026/event/1F00636A95934496,M3 1AR,53.488164,-2.244066
25/04/2026,Yungblud - Venue Premium Tickets,18:00:00,AO Arena,Music,Manchester,G5vHZbUp0540B,https://www.ticketmaster.co.uk/yungblud-venue-premium-tickets-manchester-25-04-2026/event/1F006365A42D593A,M3 1AR,53.488164,-2.244066
25/04/2026,YUNGBLUD,18:00:00,AO Arena,Music,Manchester,G5vHZbi1yYo6D,https://www.ticketmaster.co.uk/yungblud-manchester-25-04-2026/event/1F0062C2B9C111FB,M3 1AR,53.488164,-2.244066
02/05/2026,Clubland,18:00:00,AO Arena,Music,Manchester,G5vHZbU2Fe62T,https://www.ticketmaster.co.uk/clubland-manchester-02-05-2026/event/1F006363C80873FF,M3 1AR,53.488164,-2.244066
02/05/2026,Clubland - Venue Premium Tickets,18:00:00,AO Arena,Music,Manchester,G5vHZbUp9pftd,https://www.ticketmaster.co.uk/clubland-venue-premium-tickets-manchester-02-05-2026/event/1F00636597594A43,M3 1AR,53.488164,-2.244066
09/05/2026,Conan Gray - Venue Premium Tickets,18:00:00,AO Arena,Music,Manchester,G5vHZbgeOSPME,https://www.ticketmaster.co.uk/conan-gray-venue-premium-tickets-manchester-09-05-2026/event/1F006350A0CE5DE7,M3 1AR,53.488164,-2.244066
09/05/2026,Conan Gray: Wishbone World Tour With Special Guest Esha Tewari,18:00:00,AO Arena,Music,Manchester,G5vHZbgkU6Elg,https://www.ticketmaster.co.uk/conan-gray-wishbone-world-tour-with-manchester-09-05-2026/event/1F006351B61E7AF5,M3 1AR,53.488164,-2.244066
13/04/2026,Miguel - CAOS Tour,19:00:00,O2 Victoria Warehouse Manchester,Music,Manchester,G5dzZbgqIN-VY,https://www.ticketmaster.co.uk/miguel-caos-tour-manchester-13-04-2026/event/3E006357688E1D30,M17 1AB,53.4643707,-2.2853054
24/04/2026,Tucker Wetmore: the Brunette World Tour,19:00:00,O2 Victoria Warehouse Manchester,Music,Manchester,G5dzZbgLhoEIx,https://www.ticketmaster.co.uk/tucker-wetmore-the-brunette-world-tour-manchester-24-04-2026/event/3E006357DB467A22,M17 1AB,53.4643707,-2.2853054
25/04/2026,Skillet,19:00:00,O2 Victoria Warehouse Manchester,Music,Manchester,G5dzZbS7oi5kK,https://www.ticketmaster.co.uk/skillet-manchester-25-04-2026/event/3E00633111B0B193,M17 1AB,53.4643707,-2.2853054
07/05/2026,bbno$ The Internet Explorer Tour 2026,19:00:00,O2 Victoria Warehouse Manchester,Music,Manchester,G5dzZbsij4N6U,https://www.ticketmaster.co.uk/bbno-the-internet-explorer-tour-2026-manchester-07-05-2026/event/3E00631B1C5631F6,M17 1AB,53.4643707,-2.2853054
08/05/2026,bbno$ The Internet Explorer Tour 2026,19:00:00,O2 Victoria Warehouse Manchester,Music,Manchester,G5dzZbw2ptxWz,https://www.ticketmaster.co.uk/bbno-the-internet-explorer-tour-2026-manchester-08-05-2026/event/3E006323D6A62F78,M17 1AB,53.4643707,-2.2853054
09/05/2026,The Royston Club,19:00:00,O2 Victoria Warehouse Manchester,Music,Manchester,G5dzZbMkPZ0Ph,https://www.ticketmaster.co.uk/the-royston-club-manchester-09-05-2026/event/3E006371A502495B,M17 1AB,53.4643707,-2.2853054
19/04/2026,Josh Widdicombe: Not My Cup of Tea,19:30:00,The Lowry,Arts & Theatre,Salford,G5vHZbKd-bJaz,https://www.ticketmaster.co.uk/josh-widdicombe-not-my-cup-of-salford-19-04-2026/event/1F006130E1626278,M502AZ,53.473993,-2.293741
10/05/2026,"Tom Rosenthal - Whatever People Say I Am, That's What I Am",20:00:00,The Lowry,Arts & Theatre,Salford,G5vHZbINqzKYW,https://www.ticketmaster.co.uk/tom-rosenthal-whatever-people-say-i-salford-10-05-2026/event/1F006288DDE13C3D,M502AZ,53.473993,-2.293741
10/05/2026,"Tom Rosenthal: Whatever People Say I Am, That's What I Am",17:00:00,The Lowry,Arts & Theatre,Salford,G5vHZbUKkXkgu,https://www.ticketmaster.co.uk/tom-rosenthal-whatever-people-say-i-salford-10-05-2026/event/1F006364C6F86D4D,M502AZ,53.473993,-2.293741
13/04/2026,"Pierre Novellie: You Sit There, I'll Stand Here",20:00:00,Quays Theatre - The Lowry,Arts & Theatre,Salford,G5vHZbSBiq6GM,https://www.ticketmaster.co.uk/pierre-novellie-you-sit-there-ill-salford-13-04-2026/event/1F00633EAC747337,M503AZ,53.47109661,-2.29681249
14/04/2026,Mike Wozniak: The Bench,20:00:00,Quays Theatre - The Lowry,Arts & Theatre,Salford,G5vHZbVDuObew,https://www.ticketmaster.co.uk/mike-wozniak-the-bench-salford-14-04-2026/event/1F00634ECD8180B2,M503AZ,53.47109661,-2.29681249
15/04/2026,Danny Baker: Aye Aye! Ahoy Hoy!,19:30:00,Quays Theatre - The Lowry,Arts & Theatre,Salford,G5vHZbmxSy3uU,https://www.ticketmaster.co.uk/danny-baker-aye-aye-ahoy-hoy-salford-15-04-2026/event/1F0062E8B3E52376,M503AZ,53.47109661,-2.29681249
16/04/2026,Thomas Green: Brainstorm,20:00:00,Quays Theatre - The Lowry,Arts & Theatre,Salford,G5vHZbitPbYPV,https://www.ticketmaster.co.uk/thomas-green-brainstorm-salford-16-04-2026/event/1F0062CA65630974,M503AZ,53.47109661,-2.29681249
17/04/2026,Getting Triggy With It: Matt Parker Does The Maths,20:00:00,Quays Theatre - The Lowry,Arts & Theatre,Salford,G5vHZbRrocZcZ,https://www.ticketmaster.co.uk/getting-triggy-with-it-matt-parker-salford-17-04-2026/event/1F0062F791B40B40,M503AZ,53.47109661,-2.29681249
26/04/2026,Matt Forde - Defying Calamity,20:00:00,Quays Theatre - The Lowry,Arts & Theatre,Salford,G5vHZbYRIboSh,https://www.ticketmaster.co.uk/matt-forde-defying-calamity-salford-26-04-2026/event/1F00630BE8611CDB,M503AZ,53.47109661,-2.29681249
03/05/2026,Mc Hammersmith - Hippity Hoppity Get Off My Property,20:00:00,Quays Theatre - The Lowry,Arts & Theatre,Salford,G5vHZbRNtOewM,https://www.ticketmaster.co.uk/mc-hammersmith-hippity-hoppity-get-off-salford-03-05-2026/event/1F0062F8E9802CB7,M503AZ,53.47109661,-2.29681249
03/05/2026,Mc Hammersmith - Hippity Hoppity Get Off My Property,15:00:00,Quays Theatre - The Lowry,Arts & Theatre,Salford,G5vHZbVD0OIwY,https://www.ticketmaster.co.uk/mc-hammersmith-hippity-hoppity-get-off-salford-03-05-2026/event/1F00634EE4828CB0,M503AZ,53.47109661,-2.29681249
08/05/2026,John Kearns - Tilting At Windmills,20:00:00,Quays Theatre - The Lowry,Arts & Theatre,Salford,G5vHZbwXKkOsU,https://www.ticketmaster.co.uk/john-kearns-tilting-at-windmills-salford-08-05-2026/event/1F00632F931A0C76,M503AZ,53.47109661,-2.29681249
15/05/2026,Daniel Sloss - Bitter,19:00:00,O2 Apollo Manchester,Arts & Theatre,Manchester,1AUZkuJGkd9mnas,https://www.ticketmaster.co.uk/daniel-sloss-bitter-manchester-15-05-2026/event/36006366D7BAA271,M12 6AP,53.469422,-2.221964
16/05/2026,Jon Pardi: Honkytonk Hollywood Uk Tour,19:00:00,O2 Apollo Manchester,Music,Manchester,1AdbZbUGkw_BP_C,https://www.ticketmaster.co.uk/jon-pardi-honkytonk-hollywood-uk-tour-manchester-16-05-2026/event/3600636C99EA564E,M12 6AP,53.469422,-2.221964
21/05/2026,Super Furry Animals,19:00:00,O2 Apollo Manchester,Music,Manchester,1AUZkGzGkdhaQdF,https://www.ticketmaster.co.uk/super-furry-animals-manchester-21-05-2026/event/36006338DB25A0C8,M12 6AP,53.469422,-2.221964
22/05/2026,Kraftwerk: Multimedia Tour 2026,19:00:00,O2 Apollo Manchester,Music,Manchester,1AUZkueGkd-xlXW,https://www.ticketmaster.co.uk/kraftwerk-multimedia-tour-2026-manchester-22-05-2026/event/36006342E18ABFBD,M12 6AP,53.469422,-2.221964
23/05/2026,Kraftwerk: Multimedia Tour 2026,19:00:00,O2 Apollo Manchester,Music,Manchester,1AUZku6GkdOEhtZ,https://www.ticketmaster.co.uk/kraftwerk-multimedia-tour-2026-manchester-23-05-2026/event/36006347E09DBA40,M12 6AP,53.469422,-2.221964
27/05/2026,Ray LaMontagne - Trouble 20th Anniversary Tour,19:00:00,O2 Apollo Manchester,Music,Manchester,1AdbZbtGkSAXwP6,https://www.ticketmaster.co.uk/ray-lamontagne-trouble-20th-anniversary-tour-manchester-27-05-2026/event/3600629CC5FB2947,M12 6AP,53.469422,-2.221964
29/05/2026,Butt & Scholes: No Nonsense,19:00:00,O2 Apollo Manchester,Sports,Manchester,1AUZk8MGkdhD9x1,https://www.ticketmaster.co.uk/butt-scholes-no-nonsense-manchester-29-05-2026/event/36006437DBED788A,M12 6AP,53.469422,-2.221964
03/06/2026,LANY,19:00:00,O2 Apollo Manchester,Music,Manchester,1AdbZbVGkDAd9bS,https://www.ticketmaster.co.uk/lany-manchester-03-06-2026/event/3600634EC50D7633,M12 6AP,53.469422,-2.221964
04/06/2026,Dropout Improv United Kingdom 2026 Tour,18:30:00,O2 Apollo Manchester,Arts & Theatre,Manchester,1AUZk18Gkdp846Y,https://www.ticketmaster.co.uk/dropout-improv-united-kingdom-2026-tour-manchester-04-06-2026/event/36006290D64151F0,M12 6AP,53.469422,-2.221964
05/06/2026,ShxtsNGigs: Daddy's Home Tour,19:00:00,O2 Apollo Manchester,Arts & Theatre,Manchester,1kuOvN4yGAulEdd,https://www.ticketmaster.co.uk/shxtsngigs-daddys-home-tour-manchester-05-06-2026/event/360063579DAE70C3,M12 6AP,53.469422,-2.221964
06/06/2026,ShxtsNGigs: Daddy's Home Tour,19:00:00,O2 Apollo Manchester,Arts & Theatre,Manchester,16dbZbgjZG7ViN0,https://www.ticketmaster.co.uk/shxtsngigs-daddys-home-tour-manchester-06-06-2026/event/3600635700D2C8E4,M12 6AP,53.469422,-2.221964
08/06/2026,Rainbow Kitten Surprise,19:00:00,O2 Apollo Manchester,Music,Manchester,1AdbZbYGkSL1-_g,https://www.ticketmaster.co.uk/rainbow-kitten-surprise-manchester-08-06-2026/event/3600630CDF2A1675,M12 6AP,53.469422,-2.221964
13/05/2026,Liam Bailey,19:30:00,Manchester Academy 3,Music,Manchester,G5vHZ_75t_JP4,https://www.ticketmaster.co.uk/liam-bailey-manchester-13-05-2026/event/1F006442E9666955,M13 9PR,53.464386,-2.232225
14/05/2026,Carly Pearce,19:00:00,Manchester Academy,Music,Manchester,G5vHZbMhY2aXQ,https://www.ticketmaster.co.uk/carly-pearce-manchester-14-05-2026/event/1F006376F03C9F9A,M13 9PR,53.464386,-2.232225
14/05/2026,Florence Road,19:30:00,Manchester Academy 2,Music,Manchester,G5vHZbUquCcLK,https://www.ticketmaster.co.uk/florence-road-manchester-14-05-2026/event/1F0063674D3AD7D3,M13 9PR,53.464386,-2.232225
15/05/2026,Maddox Batson: Live Worldwide Tour,19:30:00,Manchester Academy 2,Music,Manchester,G5vHZbUQLZA2N,https://www.ticketmaster.co.uk/maddox-batson-live-worldwide-tour-manchester-15-05-2026/event/1F0063669F0053E3,M13 9PR,53.464386,-2.232225
15/05/2026,"Karnivool ""In Verses Tour"" + Intervals",19:00:00,Manchester Academy,Music,Manchester,G5vHZbUhmya6E,https://www.ticketmaster.co.uk/karnivool-in-verses-tour-intervals-manchester-15-05-2026/event/1F006366EEE491E7,M13 9PR,53.464386,-2.232225
16/05/2026,Sienna Spiro,19:00:00,Manchester Academy,Music,Manchester,G5vHZbz66IkgO,https://www.ticketmaster.co.uk/sienna-spiro-manchester-16-05-2026/event/1F006381C7A06D60,M13 9PR,53.464386,-2.232225
16/05/2026,The Longest Johns,19:30:00,Manchester Academy 2,Music,Manchester,G5vHZbz7Kj5ZO,https://www.ticketmaster.co.uk/the-longest-johns-manchester-16-05-2026/event/1F0063811370B020,M13 9PR,53.464386,-2.232225
16/05/2026,Leah Kate - The Genius Tour,19:30:00,Manchester Club Academy,Music,Manchester,G5vHZbzS3gz8J,https://www.ticketmaster.co.uk/leah-kate-the-genius-tour-manchester-16-05-2026/event/1F00638CD2D78426,M13 9PR,53.464386,-2.232225
16/05/2026,Proud Mary,19:30:00,Manchester Academy 3,Music,Manchester,LvZ18QGll8kt0v8ZxqdGw,https://www.universe.com/events/proud-mary-tickets-6GT42D?ref=ticketmaster,M13 9PR,53.464386,-2.232225
22/05/2026,Seafret - 10 Year Anniversary of 'tell Me It's Real',19:30:00,Manchester Academy 3,Music,Manchester,G5vHZ_dd837kS,https://www.ticketmaster.co.uk/seafret-10-year-anniversary-of-tell-manchester-22-05-2026/event/1F006430D04841B3,M13 9PR,53.464386,-2.232225
22/05/2026,Lucia & the Best Boys,20:00:00,Manchester Academy 2,Music,Manchester,LvZ18Q3h3EISgXYv6211O,https://www.universe.com/events/lucia-the-best-boys-tickets-5RCY0Z?ref=ticketmaster,M13 9PR,53.464386,-2.232225
23/05/2026,Plini,19:30:00,Manchester Club Academy,Music,Manchester,G5vHZbSajrsx8,https://www.ticketmaster.co.uk/plini-manchester-23-05-2026/event/1F0063325C7B1890,M13 9PR,53.464386,-2.232225
26/05/2026,XO - Fashionably Late Tour,19:30:00,Manchester Academy 3,Music,Manchester,G5vHZbURXS1q3,https://www.ticketmaster.co.uk/xo-fashionably-late-tour-manchester-26-05-2026/event/1F00636BFECCA752,M13 9PR,53.464386,-2.232225
29/05/2026,Chris Grey PARADISE LOST TOUR,19:30:00,Manchester Academy 3,Music,Manchester,G5vHZbzYSg5Z6,https://www.ticketmaster.co.uk/chris-grey-paradise-lost-tour-manchester-29-05-2026/event/1F00638C33D4B007,M13 9PR,53.464386,-2.232225
30/05/2026,The Lemon Twigs,19:30:00,Manchester Academy 2,Music,Manchester,G5vHZ_7h43bVV,https://www.ticketmaster.co.uk/the-lemon-twigs-manchester-30-05-2026/event/1F006446D5498D34,M13 9PR,53.464386,-2.232225
30/05/2026,Rickie Lee Jones,20:00:00,RNCM Theatre,Music,Manchester,G5vHZbMS5St6a,https://www.ticketmaster.co.uk/rickie-lee-jones-manchester-30-05-2026/event/1F00637CCBCE91C9,M13 9RD,53.46857,-2.236948
16/05/2026,Girl Scout,19:00:00,Manchester The Deaf Institute.,Music,Manchester,1AwZkukGkdSZeyj,https://www.ticketweb.uk/event/girl-scout-the-deaf-institute-tickets/14605323?REFERRAL_ID=tmfeed,M1 7HE,53.47014,-2.236159
22/05/2026,Lily Moore,19:00:00,Manchester The Deaf Institute.,Music,Manchester,G5vHZ_eVEtgh6,https://www.ticketmaster.co.uk/lily-moore-manchester-22-05-2026/event/1F00642D27A756C7,M1 7HE,53.47014,-2.236159
26/05/2026,Finn Forster,19:00:00,Manchester The Deaf Institute.,Music,Manchester,G5vHZbUbkO1F8,https://www.ticketmaster.co.uk/finn-forster-manchester-26-05-2026/event/1F0063660680A210,M1 7HE,53.47014,-2.236159
27/05/2026,ALT BLK ERA,19:00:00,Manchester The Deaf Institute.,Music,Manchester,G5vHZbzREV91R,https://www.ticketmaster.co.uk/alt-blk-era-manchester-27-05-2026/event/1F00638BE7D172AF,M1 7HE,53.47014,-2.236159
29/05/2026,Puma Blue,19:30:00,Manchester The Deaf Institute.,Music,Manchester,LvZ18Q8usk2sKnZZ0Vwnj,https://www.universe.com/events/puma-blue-tickets-R3TLW9?ref=ticketmaster,M1 7HE,53.47014,-2.236159
30/05/2026,Benjamin Steer,19:00:00,Manchester The Deaf Institute.,Music,Manchester,G5vHZbzE_xEps,https://www.ticketmaster.co.uk/benjamin-steer-manchester-30-05-2026/event/1F006389D98A75B1,M1 7HE,53.47014,-2.236159
09/06/2026,Holywatr,19:00:00,Manchester The Deaf Institute.,Music,Manchester,G5vHZ_dDgOtav,https://www.ticketmaster.co.uk/holywatr-manchester-09-06-2026/event/1F00643EF5829241,M1 7HE,53.47014,-2.236159
13/05/2026,In Color,19:00:00,"The Lodge, Manchester",Music,Manchester,G5vHZ_7bJgi6D,https://www.ticketmaster.co.uk/in-color-manchester-13-05-2026/event/1F00644626D6C1FB,M1 7HE,53.470669,-2.23567
27/05/2026,Jesse Gold,19:00:00,"The Lodge, Manchester",Music,Manchester,G5vHZ_eMnZdWO,https://www.ticketmaster.co.uk/jesse-gold-manchester-27-05-2026/event/1F00642DEA003F60,M1 7HE,53.470669,-2.23567
17/05/2026,Tame Impala Premium,20:00:00,Co-op Live,Unknown,Manchester,Za5ju3rKuqZDvIYuegyWcFM1HBq3W8Ivrm,,M11 3DU,53.48661136,-2.1995797
22/05/2026,Raye Premium,19:30:00,Co-op Live,Unknown,Manchester,Za5ju3rKuqZBxZZ4q0L_uAh80Jc_3Wmzp,,M11 3DU,53.48661136,-2.1995797
23/05/2026,Doja Cat - Tour Ma Vie World Tour,19:30:00,Co-op Live,Music,Manchester,1AMZkGyGkeYE1fm,https://www.ticketmaster.co.uk/doja-cat-tour-ma-vie-world-manchester-23-05-2026/event/37006339B09CA52E,M11 3DU,53.48661136,-2.1995797
23/05/2026,Doja Cat Premium,18:30:00,Co-op Live,Unknown,Manchester,Za5ju3rKuqZDvjvFrZvW4A6zblWSMjK5An,,M11 3DU,53.48661136,-2.1995797
31/05/2026,Madison Beer - the Locket Tour,19:30:00,Co-op Live,Music,Manchester,1kuYv01_GA2xowK,https://www.ticketmaster.co.uk/madison-beer-the-locket-tour-manchester-31-05-2026/event/370064299F891C93,M11 3DU,53.48661136,-2.1995797
31/05/2026,Madison Beer Premium,19:30:00,Co-op Live,Unknown,Manchester,Za5ju3rKuqZDvlQ6xEN2v7Ohducda6lckN,,M11 3DU,53.48661136,-2.1995797
06/06/2026,Hot Wheels Stunt Show,18:30:00,Co-op Live,Sports,Manchester,1AdjZ_dGkmV5e5Z,https://www.ticketmaster.co.uk/hot-wheels-stunt-show-manchester-06-06-2026/event/3700643BB42C22C0,M11 3DU,53.48661136,-2.1995797
06/06/2026,Hot Wheels Stunt Show,11:30:00,Co-op Live,Sports,Manchester,1AdjZ_dGkmYk365,https://www.ticketmaster.co.uk/hot-wheels-stunt-show-manchester-06-06-2026/event/3700643BB01921CB,M11 3DU,53.48661136,-2.1995797
06/06/2026,Hot Wheels Premium 06.06 Matinee,11:30:00,Co-op Live,Unknown,Manchester,Za5ju3rKuqZB28rQHFjcZBB2M0HXUSATr,,M11 3DU,53.48661136,-2.1995797
06/06/2026,Hot Wheels Premium 06.06 Evening,18:30:00,Co-op Live,Unknown,Manchester,Za5ju3rKuqZDdfLKEYUUaCjQC9JMRSBAPP,,M11 3DU,53.48661136,-2.1995797
07/06/2026,Hot Wheels Stunt Show,11:30:00,Co-op Live,Sports,Manchester,1AMZk8SGkdZCw4Y,https://www.ticketmaster.co.uk/hot-wheels-stunt-show-manchester-07-06-2026/event/37006433C03B2570,M11 3DU,53.48661136,-2.1995797
07/06/2026,Hot Wheels Premium 07.06 Matinee,11:30:00,Co-op Live,Unknown,Manchester,Za5ju3rKuqZBMJ8EL9DWalDhx-d8gJqbx,,M11 3DU,53.48661136,-2.1995797
29/05/2026,Ratboys,19:00:00,YES (Pink Room),Music,Manchester,LvZ18QbexvKdLb8ZwLPrA,https://www.universe.com/events/ratboys-tickets-6G0D85?ref=ticketmaster,M1 7DB,53.474109,-2.238335
07/06/2026,"Dream, Ivory",19:30:00,YES Basement,Music,Manchester,LvZ18QKvGF_nMIZvjv046,https://www.universe.com/events/dream-ivory-tickets-69RBQK?ref=ticketmaster,M1 7DB,53.47411,-2.23833
30/05/2026,Simon Doty [All Night Long],22:00:00,Joshua Brooks,Music,Manchester,LvZ18QbF7IOT52YZyEFfK,https://www.universe.com/events/simon-doty-all-night-long-tickets-NSMXV5?ref=ticketmaster,M1 6NG,53.474694,-2.238052
03/06/2026,Jeff Goldblum and the Mildred Snitzer Orchestra,19:00:00,Palace Theatre Manchester,Music,Manchester,1AUZko7GkdUZ5yO,https://www.ticketmaster.co.uk/jeff-goldblum-and-the-mildred-snitzer-manchester-03-06-2026/event/36006444F600BE60,M1 6FT,53.475138,-2.240887
22/05/2026,BIIRD,19:00:00,Manchester Gorilla,Music,Manchester,G5vHZbUL27zjK,https://www.ticketmaster.co.uk/biird-manchester-22-05-2026/event/1F006367CF138713,M1 5WW,53.473982,-2.243351
23/05/2026,Sarah Kinsley,18:30:00,Manchester Gorilla,Music,Manchester,G5vHZbMta9uEu,https://www.ticketmaster.co.uk/sarah-kinsley-manchester-23-05-2026/event/1F00637A495CD9CD,M1 5WW,53.473982,-2.243351
12/05/2026,Erin LeCount,19:00:00,O2 Ritz Manchester,Music,Manchester,G5dzZ_dDEbJxf,https://www.ticketmaster.co.uk/erin-lecount-manchester-12-05-2026/event/3E00643EE7626894,M1 5NQ,53.474423,-2.243098
15/05/2026,Thomas Dolby,19:00:00,O2 Ritz Manchester,Music,Manchester,G5dzZ_ddij6SQ,https://www.ticketmaster.co.uk/thomas-dolby-manchester-15-05-2026/event/3E006430EC707CDA,M1 5NQ,53.474423,-2.243098
17/05/2026,Chance Pena,19:00:00,O2 Ritz Manchester,Music,Manchester,G5dzZbgNisFvb,https://www.ticketmaster.co.uk/chance-pena-manchester-17-05-2026/event/3E006358ECC48058,M1 5NQ,53.474423,-2.243098
22/05/2026,Tinariwen,19:00:00,O2 Ritz Manchester,Music,Manchester,G5dzZbg69X6sS,https://www.ticketmaster.co.uk/tinariwen-manchester-22-05-2026/event/3E006351D7F87C73,M1 5NQ,53.474423,-2.243098
23/05/2026,Kumar FIFTY 50,19:00:00,O2 Ritz Manchester,Music,Manchester,G5dzZbUprr0t0,https://www.ticketmaster.co.uk/kumar-fifty-50-manchester-23-05-2026/event/3E0063659E7A4A64,M1 5NQ,53.474423,-2.243098
27/05/2026,My Leonard Cohen,19:00:00,O2 Ritz Manchester,Music,Manchester,G5dzZbnEgZohQ,https://www.ticketmaster.co.uk/my-leonard-cohen-manchester-27-05-2026/event/3E0062A9F50116DA,M1 5NQ,53.474423,-2.243098
28/05/2026,COBRAH,19:00:00,O2 Ritz Manchester,Music,Manchester,G5dzZ_dSSfPzc,https://www.ticketmaster.co.uk/cobrah-manchester-28-05-2026/event/3E00643CF3525E2D,M1 5NQ,53.474423,-2.243098
30/05/2026,RNB VS Garage,17:30:00,O2 Ritz Manchester,Music,Manchester,G5dzZ_dw-9Khk,https://www.ticketmaster.co.uk/rnb-vs-garage-manchester-30-05-2026/event/3E00643CA15D36C6,M1 5NQ,53.474423,-2.243098
10/06/2026,Ibrahim Maalouf,19:00:00,O2 Ritz Manchester,Music,Manchester,G5dzZbYk9CYU6,https://www.ticketmaster.co.uk/ibrahim-maalouf-manchester-10-06-2026/event/3E006301973B0D87,M1 5NQ,53.474423,-2.243098
15/05/2026,Celebrating Meat Loaf Feat. The Neverland Express,19:30:00,Bridgewater Hall,Music,Manchester,G5vHZbnS0H4vZ,https://www.ticketmaster.co.uk/celebrating-meat-loaf-feat-the-neverland-manchester-15-05-2026/event/1F0062ACE4F15040,M2 3WS,53.475741,-2.244913
18/05/2026,Christopher Cross,19:00:00,Bridgewater Hall,Music,Manchester,G5vHZbSJ9HJ-w,https://www.ticketmaster.co.uk/christopher-cross-manchester-18-05-2026/event/1F00633997F26872,M2 3WS,53.475741,-2.244913
24/05/2026,Dirty Dancing Live in Concert - with band and singers,18:00:00,Bridgewater Hall,Music,Manchester,G5vHZbzEUQIcq,https://www.ticketmaster.co.uk/dirty-dancing-live-in-concert-with-manchester-24-05-2026/event/1F006389F66A8B5D,M2 3WS,53.475741,-2.244913
30/05/2026,Scott Bradlee's Postmodern Jukebox - The Future Is Vintage Tour 2026,19:00:00,Bridgewater Hall,Music,Manchester,G5vHZbMAUBeFO,https://www.ticketmaster.co.uk/scott-bradlees-postmodern-jukebox-the-future-manchester-30-05-2026/event/1F00637176E82220,M2 3WS,53.475741,-2.244913
31/05/2026,Indiana Jones And The Raiders Of The Lost Ark: Live In Concert,17:30:00,Bridgewater Hall,Arts & Theatre,Manchester,G5vHZbzk8reMD,https://www.ticketmaster.co.uk/indiana-jones-and-the-raiders-of-manchester-31-05-2026/event/1F00638190782DFB,M2 3WS,53.475741,-2.244913
08/06/2026,Jason Isbell and the 400 Unit,19:30:00,Bridgewater Hall,Music,Manchester,G5vHZbz5vA6aD,https://www.ticketmaster.co.uk/jason-isbell-and-the-400-unit-manchester-08-06-2026/event/1F006382C114727B,M2 3WS,53.475741,-2.244913
09/06/2026,Sounds Of The 60s Live - Hosted by Tony Blackburn MBE,19:30:00,Bridgewater Hall,Music,Manchester,G5vHZbYBrMoK_,https://www.ticketmaster.co.uk/sounds-of-the-60s-live-hosted-manchester-09-06-2026/event/1F00630E9EDD14D9,M2 3WS,53.475741,-2.244913
29/05/2026,Barns Courtney,19:30:00,Night and Day,Music,Manchester,G5vHZ_dQ0gxh0,https://www.ticketmaster.co.uk/barns-courtney-manchester-29-05-2026/event/1F006436A4D626E4,M1 1JN,53.482609,-2.235294
18/05/2026,Brother Wallace,18:30:00,Castle Hotel,Music,Manchester,G5vHZ_750vk47,https://www.ticketmaster.co.uk/brother-wallace-manchester-18-05-2026/event/1F006442E4046544,M4 1LE,53.483394,-2.2340017
22/05/2026,Clinton Baptiste: Spectral Intercourse,19:30:00,Stockport Plaza,Arts & Theatre,Stockport,1AgZkagGkdxV_XZ,https://www.ticketmaster.co.uk/clinton-baptiste-spectral-intercourse-stockport-22-05-2026/event/35006275E2D19F80,SK1 1SP,53.409228,-2.161313
16/05/2026,Jack Browning,19:30:00,"Castle Hotel, Manchester",Music,Manchester,1AwZkGvGkdlUogM,https://www.ticketweb.uk/event/jack-browning-the-castle-hotel-tickets/13927024?REFERRAL_ID=tmfeed,M41LE,53.483662,-2.233835
28/05/2026,Barbara,19:30:00,Manchester Gullivers,Music,Manchester,LvZ18Qo6WUjfQGOZ0ASCn,https://www.universe.com/events/barbara-tickets-GBL58V?ref=ticketmaster,M4 1LW,53.483626,-2.234621
29/05/2026,Polite Bureaux,19:30:00,Manchester Gullivers,Music,Manchester,1AwZkuNGkeSz3M1,https://www.ticketweb.uk/event/polite-bureaux-gullivers-tickets/14662533?REFERRAL_ID=tmfeed,M4 1LW,53.483626,-2.234621
15/05/2026,Omar’s ‘Brighter the Days’ UK Tour,19:00:00,Band On The Wall.,Music,Manchester,LvZ18Q8EJO-q-QYZlIExG,https://www.universe.com/events/omar-s-brighter-the-days-uk-tour-tickets-V9PZKJ?ref=ticketmaster,M4 5JZ,53.485235,-2.234389
25/05/2026,The Dave Weckl / Tom Kennedy Project,19:30:00,Band On The Wall.,Music,Manchester,LvZ18QbE11e1t7YZ094jr,https://www.universe.com/events/the-dave-weckl-tom-kennedy-project-tickets-KX7C6Z?ref=ticketmaster,M4 5JZ,53.485235,-2.234389
03/06/2026,Billy Bibby (Catfish and the Bottlemen),19:30:00,Band On The Wall.,Music,Manchester,LvZ18Q3ofhGJqwOvNatdL,https://www.universe.com/events/billy-bibby-catfish-and-the-bottlemen-tickets-ZJRPH2?ref=ticketmaster,M4 5JZ,53.485235,-2.234389
14/05/2026,Nick Mulvey,19:00:00,Albert Hall,Music,Manchester,G5vHZbgLz1ys5,https://www.ticketmaster.co.uk/nick-mulvey-manchester-14-05-2026/event/1F006357F82B9C4B,M2 5QR,53.478402,-2.248891
21/05/2026,Jonathan Van Ness: Hot & Healed,20:00:00,Albert Hall,Arts & Theatre,Manchester,G5vHZbUC8Q0FZ,https://www.ticketmaster.co.uk/jonathan-van-ness-hot-healed-manchester-21-05-2026/event/1F006363906A4200,M2 5QR,53.478402,-2.248891
22/05/2026,Glen Hansard,19:00:00,Albert Hall,Music,Manchester,G5vHZbgXR8kDj,https://www.ticketmaster.co.uk/glen-hansard-manchester-22-05-2026/event/1F00635FAF406EDC,M2 5QR,53.478402,-2.248891
29/05/2026,"Sofia Isella - Her Desire, the Nemesis Uk/Eu Tour 2026",19:00:00,Albert Hall,Music,Manchester,G5vHZbSnSeMHK,https://www.ticketmaster.co.uk/sofia-isella-her-desire-the-nemesis-manchester-29-05-2026/event/1F00633AB30B7F13,M2 5QR,53.478402,-2.248891
05/06/2026,Blue October,19:00:00,Albert Hall,Music,Manchester,G5vHZbM4d4qvz,https://www.ticketmaster.co.uk/blue-october-manchester-05-06-2026/event/1F0063754355D078,M2 5QR,53.478402,-2.248891
08/06/2026,Aldous Harding,19:00:00,Albert Hall,Music,Manchester,LvZ18Q4Ro9Cay0ZZlPHGS,https://www.universe.com/events/aldous-harding-tickets-LT7SM1?ref=ticketmaster,M2 5QR,53.478402,-2.248891
18/05/2026,Blue,18:30:00,"Opera House, Manchester",Music,Manchester,1kuOv0a8GA1Zp5A,https://www.ticketmaster.co.uk/blue-manchester-18-05-2026/event/360064250A0162C5,M3 3HP,53.478837,-2.251395
18/05/2026,Kiefer Sutherland,19:00:00,Manchester New Century Hall,Music,Manchester,16MZk8z7_ZAC77uF,https://www.ticketmaster.co.uk/kiefer-sutherland-manchester-18-05-2026/event/37006438119D33C7,M44AH,53.486725,-2.239563
20/05/2026,Sir Chloe,19:00:00,Manchester New Century Hall,Music,Manchester,1AdjZ_dGkRb1eT2,https://www.ticketmaster.co.uk/sir-chloe-manchester-20-05-2026/event/3700643BD8282FCF,M44AH,53.486725,-2.239563
21/05/2026,Fcukers,19:00:00,Manchester New Century Hall,Music,Manchester,LvZ18QbExcncoZZZweyHn,https://www.universe.com/events/fcukers-tickets-7DF6KV?ref=ticketmaster,M44AH,53.486725,-2.239563
24/05/2026,Mari Froes,19:00:00,Manchester New Century Hall,Music,Manchester,1AdFZ_eGkDzKZSh,https://www.ticketweb.uk/event/mari-froes-new-century-hall-tickets/14080134?REFERRAL_ID=tmfeed,M44AH,53.486725,-2.239563
27/05/2026,"Toots and the Maytals | Manchester, New Century",19:00:00,Manchester New Century Hall,Music,Manchester,LvZ18Q8wwc35-mOZlUNv-,https://www.universe.com/events/toots-and-the-maytals-manchester-new-century-tickets-9C0MRV?ref=ticketmaster,M44AH,53.486725,-2.239563
29/05/2026,SUGAR - Love You Even Still 2026 World Tour,18:00:00,Manchester New Century Hall,Music,Manchester,1AMZk8YGkdgupPo,https://www.ticketmaster.co.uk/sugar-love-you-even-still-2026-manchester-29-05-2026/event/37006430F5356951,M44AH,53.486725,-2.239563
30/05/2026,Tribute Festival - Killers v Fender v Monkeys v Oasis v Kasabian v Kaiser,16:00:00,Manchester New Century Hall,Music,Manchester,LvZ18Q14nPiM4PYZIxabg,https://www.universe.com/events/tribute-festival-killers-v-fender-v-monkeys-v-oasis-v-kasabian-v-kaiser-tickets-L91B4Y?ref=ticketmaster,M44AH,53.486725,-2.239563
05/06/2026,Rufus Rice - Rice Age,19:30:00,Manchester New Century Hall,Arts & Theatre,Manchester,1AMZkuzGkdR4FEZ,https://www.ticketmaster.co.uk/rufus-rice-rice-age-manchester-05-06-2026/event/37006378EF5489C0,M44AH,53.486725,-2.239563
16/05/2026,Tricky,19:30:00,Aviva Studios - The Hall,Music,Manchester,1AgZkGSGkd6NR2B,https://www.ticketmaster.co.uk/tricky-manchester-16-05-2026/event/35006333C78EF3FA,M3 4JQ,53.48008,-2.25446
24/05/2026,PIXIES: P40 CELEBRATING 40 YEARS,18:00:00,Aviva Studios - The Hall,Music,Manchester,1AdfZbSGkRo-GTv,https://www.ticketmaster.co.uk/pixies-p40-celebrating-40-years-manchester-24-05-2026/event/3500633BD184CFC1,M3 4JQ,53.48008,-2.25446
25/05/2026,PIXIES: P40 CELEBRATING 40 YEARS,18:00:00,Aviva Studios - The Hall,Music,Manchester,1AgZkGzGke-x9K3,https://www.ticketmaster.co.uk/pixies-p40-celebrating-40-years-manchester-25-05-2026/event/35006338A18974D2,M3 4JQ,53.48008,-2.25446
27/05/2026,Big Thief,18:00:00,Aviva Studios - Warehouse,Music,Manchester,1AdFZbYGkUMJs2X,https://www.ticketweb.uk/event/big-thief-aviva-studios-warehouse-tickets/13951144?REFERRAL_ID=tmfeed,M3 4JQ,53.48008,-2.25446
28/05/2026,Big Thief,18:00:00,Aviva Studios - Warehouse,Music,Manchester,1AdFZbYGkUzlv8X,https://www.ticketweb.uk/event/big-thief-aviva-studios-warehouse-tickets/13951154?REFERRAL_ID=tmfeed,M3 4JQ,53.48008,-2.25446
29/05/2026,NARUTO: The Symphonic Experience,19:00:00,Aviva Studios - The Hall,Music,Manchester,1AgZkoeGkdziIee,https://www.ticketmaster.co.uk/naruto-the-symphonic-experience-manchester-29-05-2026/event/35006442F8B28082,M3 4JQ,53.48008,-2.25446
30/05/2026,Marina - the Princess of Power Tour,18:30:00,Aviva Studios - Warehouse,Music,Manchester,1AgZkubGkdyAihS,https://www.ticketmaster.co.uk/marina-the-princess-of-power-tour-manchester-30-05-2026/event/35006358F916C6F3,M3 4JQ,53.48008,-2.25446
06/06/2026,SPACE STATION EARTH,19:00:00,Aviva Studios - The Hall,Music,Manchester,1AdfZbVGkUz17k_,https://www.ticketmaster.co.uk/space-station-earth-manchester-06-06-2026/event/3500634DB8284199,M3 4JQ,53.48008,-2.25446
07/06/2026,BAFTA Games In Concert,14:00:00,Aviva Studios - The Hall,Music,Manchester,1AdfZbUGklODbWI,https://www.ticketmaster.co.uk/bafta-games-in-concert-manchester-07-06-2026/event/3500636AE0ED8F68,M3 4JQ,53.48008,-2.25446
12/05/2026,ZAYN - The Konnakol Tour,18:00:00,AO Arena,Music,Manchester,G5vHZ_7Ckos88,https://www.ticketmaster.co.uk/zayn-the-konnakol-tour-manchester-12-05-2026/event/1F00644386471410,M3 1AR,53.488164,-2.244066
12/05/2026,ZAYN - Venue Premium Tickets,18:00:00,AO Arena,Music,Manchester,G5vHZ_7K4JAIO,https://www.ticketmaster.co.uk/zayn-venue-premium-tickets-manchester-12-05-2026/event/1F006444D5985A20,M3 1AR,53.488164,-2.244066
27/05/2026,Calum Scott,18:00:00,AO Arena,Music,Manchester,G5vHZbIKDXpQV,https://www.ticketmaster.co.uk/calum-scott-manchester-27-05-2026/event/1F006284FBF966B4,M3 1AR,53.488164,-2.244066
27/05/2026,Venue Premium Tickets - Calum Scott,18:00:00,AO Arena,Music,Manchester,G5vHZbYsTM8-e,https://www.ticketmaster.co.uk/venue-premium-tickets-calum-scott-manchester-27-05-2026/event/1F00630C7FDD0842,M3 1AR,53.488164,-2.244066
30/05/2026,Dermot Kennedy,18:30:00,AO Arena,Music,Manchester,G5vHZbMJIDJEB,https://www.ticketmaster.co.uk/dermot-kennedy-manchester-30-05-2026/event/1F006379A8EE69FA,M3 1AR,53.488164,-2.244066
30/05/2026,Dermot Kennedy - Venue Premium Tickets,18:00:00,AO Arena,Music,Manchester,G5vHZbMpm1JLi,https://www.ticketmaster.co.uk/dermot-kennedy-venue-premium-tickets-manchester-30-05-2026/event/1F006375AE2A67EC,M3 1AR,53.488164,-2.244066
06/06/2026,UB40 - Venue Premium Tickets,18:00:00,AO Arena,Music,Manchester,G5vHZbgMcz_uA,https://www.ticketmaster.co.uk/ub40-venue-premium-tickets-manchester-06-06-2026/event/1F00635DEDE19345,M3 1AR,53.488164,-2.244066
06/06/2026,UB40,18:00:00,AO Arena,Music,Manchester,G5vHZbzTLZPtG,https://www.ticketmaster.co.uk/ub40-manchester-06-06-2026/event/1F00638FDF025A4C,M3 1AR,53.488164,-2.244066
15/05/2026,Machine Head,19:00:00,O2 Victoria Warehouse Manchester,Music,Manchester,G5dzZbMGphTaE,https://www.ticketmaster.co.uk/machine-head-manchester-15-05-2026/event/3E006373166FF267,M17 1AB,53.4643707,-2.2853054
23/05/2026,Kingfishr,19:00:00,O2 Victoria Warehouse Manchester,Music,Manchester,G5dzZbVACOCPg,https://www.ticketmaster.co.uk/kingfishr-manchester-23-05-2026/event/3E0063414E80E975,M17 1AB,53.4643707,-2.2853054
24/05/2026,Example,19:00:00,O2 Victoria Warehouse Manchester,Music,Manchester,G5dzZbVOibLVO,https://www.ticketmaster.co.uk/example-manchester-24-05-2026/event/3E0063482C61FD20,M17 1AB,53.4643707,-2.2853054
29/05/2026,The Big Push,19:00:00,O2 Victoria Warehouse Manchester,Music,Manchester,G5dzZbykjNS84,https://www.ticketmaster.co.uk/the-big-push-manchester-29-05-2026/event/3E0063919C8F3415,M17 1AB,53.4643707,-2.2853054
30/05/2026,Love the 90s Festival,13:00:00,O2 Victoria Warehouse Manchester,Music,Manchester,G5dzZbzwxKfLA,https://www.ticketmaster.co.uk/love-the-90s-festival-manchester-30-05-2026/event/3E00638CA24D47C5,M17 1AB,53.4643707,-2.2853054
17/05/2026,Judi Love: All About The Love,19:30:00,The Lowry,Arts & Theatre,Salford,G5vHZbc2hLSDa,https://www.ticketmaster.co.uk/judi-love-all-about-the-love-salford-17-05-2026/event/1F0062D3DB7F3EC9,M502AZ,53.473993,-2.293741
18/05/2026,Hamza Yassin - My Life Behind the Lens,19:30:00,The Lowry,Miscellaneous,Salford,G5vHZbUwQ348Q,https://www.ticketmaster.co.uk/hamza-yassin-my-life-behind-the-salford-18-05-2026/event/1F00636C9A49541A,M502AZ,53.473993,-2.293741
19/05/2026,Strictly Come Dancing - The Professionals,19:30:00,The Lowry,Arts & Theatre,Salford,G5vHZbSMQRF2p,https://www.ticketmaster.co.uk/strictly-come-dancing-the-professionals-salford-19-05-2026/event/1F00633DDABC83D6,M502AZ,53.473993,-2.293741
20/05/2026,Strictly Come Dancing - The Professionals,14:00:00,The Lowry,Arts & Theatre,Salford,G5vHZbSMQRF2_,https://www.ticketmaster.co.uk/strictly-come-dancing-the-professionals-salford-20-05-2026/event/1F00633DDABC83D9,M502AZ,53.473993,-2.293741
20/05/2026,Strictly Come Dancing - The Professionals,19:30:00,The Lowry,Arts & Theatre,Salford,G5vHZbSMQRI2r,https://www.ticketmaster.co.uk/strictly-come-dancing-the-professionals-salford-20-05-2026/event/1F00633DDABE83DE,M502AZ,53.473993,-2.293741
22/05/2026,Bluey's Big Play - *Relaxed performance*,14:00:00,The Lowry,Arts & Theatre,Salford,G5vHZbILeVoPI,https://www.ticketmaster.co.uk/blueys-big-play-relaxed-performance-salford-22-05-2026/event/1F006287C2D11968,M502AZ,53.473993,-2.293741
22/05/2026,Bluey's Big Play,11:00:00,The Lowry,Arts & Theatre,Salford,G5vHZbILeVvP0,https://www.ticketmaster.co.uk/blueys-big-play-salford-22-05-2026/event/1F006287C2D01964,M502AZ,53.473993,-2.293741
22/05/2026,Two Mr P's in a Podcast Live: Let That Be A Lesson,20:00:00,The Lowry,Arts & Theatre,Salford,G5vHZbnSGJ7DO,https://www.ticketmaster.co.uk/two-mr-ps-in-a-podcast-salford-22-05-2026/event/1F0062ACCC984EE0,M502AZ,53.473993,-2.293741
23/05/2026,Scott Bennett - Stuff,20:00:00,The Lowry,Arts & Theatre,Salford,G5vHZbERCb4Cr,https://www.ticketmaster.co.uk/scott-bennett-stuff-salford-23-05-2026/event/1F00627BCE61539E,M502AZ,53.473993,-2.293741
23/05/2026,Bluey's Big Play,11:00:00,The Lowry,Arts & Theatre,Salford,G5vHZbILeV-PS,https://www.ticketmaster.co.uk/blueys-big-play-salford-23-05-2026/event/1F006287C2D21973,M502AZ,53.473993,-2.293741
23/05/2026,Bluey's Big Play,14:00:00,The Lowry,Arts & Theatre,Salford,G5vHZbILeV-PT,https://www.ticketmaster.co.uk/blueys-big-play-salford-23-05-2026/event/1F006287C2D2197F,M502AZ,53.473993,-2.293741
23/05/2026,Bluey's Big Play,16:00:00,The Lowry,Arts & Theatre,Salford,G5vHZbILeVsJk,https://www.ticketmaster.co.uk/blueys-big-play-salford-23-05-2026/event/1F006287C2D31986,M502AZ,53.473993,-2.293741
24/05/2026,Bluey's Big Play,14:00:00,The Lowry,Arts & Theatre,Salford,G5vHZbILegoJ3,https://www.ticketmaster.co.uk/blueys-big-play-salford-24-05-2026/event/1F006287C2D51992,M502AZ,53.473993,-2.293741
24/05/2026,Bluey's Big Play,16:00:00,The Lowry,Arts & Theatre,Salford,G5vHZbILegoJq,https://www.ticketmaster.co.uk/blueys-big-play-salford-24-05-2026/event/1F006287C2D5199D,M502AZ,53.473993,-2.293741
24/05/2026,Bluey's Big Play,11:00:00,The Lowry,Arts & Theatre,Salford,G5vHZbILegvJ1,https://www.ticketmaster.co.uk/blueys-big-play-salford-24-05-2026/event/1F006287C2D4198A,M502AZ,53.473993,-2.293741
26/05/2026,Bluey's Big Play,11:00:00,The Lowry,Arts & Theatre,Salford,G5vHZbILeg-J-,https://www.ticketmaster.co.uk/blueys-big-play-salford-26-05-2026/event/1F006287C2D619A1,M502AZ,53.473993,-2.293741
27/05/2026,Bluey's Big Play,11:00:00,The Lowry,Arts & Theatre,Salford,G5vHZbILegsJE,https://www.ticketmaster.co.uk/blueys-big-play-salford-27-05-2026/event/1F006287C2D719A7,M502AZ,53.473993,-2.293741
27/05/2026,What's Love Got to do With it - Tina Turner Tribute,19:30:00,The Lowry,Music,Salford,G5vHZbmTPx4qs,https://www.ticketmaster.co.uk/whats-love-got-to-do-with-salford-27-05-2026/event/1F0062EFE5895771,M502AZ,53.473993,-2.293741
28/05/2026,Bluey's Big Play,11:00:00,The Lowry,Arts & Theatre,Salford,G5vHZbILeUvJi,https://www.ticketmaster.co.uk/blueys-big-play-salford-28-05-2026/event/1F006287C2D819AC,M502AZ,53.473993,-2.293741
29/05/2026,Bluey's Big Play,16:00:00,The Lowry,Arts & Theatre,Salford,G5vHZbILeU-Jg,https://www.ticketmaster.co.uk/blueys-big-play-salford-29-05-2026/event/1F006287C2DA19B5,M502AZ,53.473993,-2.293741
29/05/2026,Bluey's Big Play - *Audio Described Performance*,14:00:00,The Lowry,Arts & Theatre,Salford,G5vHZbILeUoJS,https://www.ticketmaster.co.uk/blueys-big-play-audio-described-performance-salford-29-05-2026/event/1F006287C2D919B3,M502AZ,53.473993,-2.293741
29/05/2026,Bluey's Big Play,11:00:00,The Lowry,Arts & Theatre,Salford,G5vHZbILeUoJs,https://www.ticketmaster.co.uk/blueys-big-play-salford-29-05-2026/event/1F006287C2D919B1,M502AZ,53.473993,-2.293741
30/05/2026,Bluey's Big Play,16:00:00,The Lowry,Arts & Theatre,Salford,G5vHZbILeMoEH,https://www.ticketmaster.co.uk/blueys-big-play-salford-30-05-2026/event/1F006287C2DD19FC,M502AZ,53.473993,-2.293741
30/05/2026,Bluey's Big Play,14:00:00,The Lowry,Arts & Theatre,Salford,G5vHZbILeMvEw,https://www.ticketmaster.co.uk/blueys-big-play-salford-30-05-2026/event/1F006287C2DC19F2,M502AZ,53.473993,-2.293741
30/05/2026,Bluey's Big Play,11:00:00,The Lowry,Arts & Theatre,Salford,G5vHZbILeUsJX,https://www.ticketmaster.co.uk/blueys-big-play-salford-30-05-2026/event/1F006287C2DB19BE,M502AZ,53.473993,-2.293741
31/05/2026,Bluey's Big Play - *BSL Performance*,11:00:00,The Lowry,Arts & Theatre,Salford,G5vHZbILeM-Id,https://www.ticketmaster.co.uk/blueys-big-play-bsl-performance-salford-31-05-2026/event/1F006287C2DE1A03,M502AZ,53.473993,-2.293741
31/05/2026,Bluey's Big Play,14:00:00,The Lowry,Arts & Theatre,Salford,G5vHZbILeMsI5,https://www.ticketmaster.co.uk/blueys-big-play-salford-31-05-2026/event/1F006287C2DF1A0B,M502AZ,53.473993,-2.293741
17/05/2026,Gyles Brandreth: Can't Stop Talking,14:30:00,Quays Theatre - The Lowry,Arts & Theatre,Salford,G5vHZbsQpIYT0,https://www.ticketmaster.co.uk/gyles-brandreth-cant-stop-talking-salford-17-05-2026/event/1F00631696A30FE4,M503AZ,53.47109661,-2.29681249
17/05/2026,Ania Magliano: Peach Fuzz,20:00:00,Quays Theatre - The Lowry,Arts & Theatre,Salford,G5vHZbwNIDeGu,https://www.ticketmaster.co.uk/ania-magliano-peach-fuzz-salford-17-05-2026/event/1F006328E8EC230D,M503AZ,53.47109661,-2.29681249
13/05/2026,Clinton Baptiste: Spectral Intercourse,19:30:00,Middleton Arena,Arts & Theatre,Manchester,G5vHZbENbKpED,https://www.ticketmaster.co.uk/clinton-baptiste-spectral-intercourse-manchester-13-05-2026/event/1F006278D84D69FB,M24 2DB,53.551711,-2.17891
29/05/2026,Irlam Live 2026,14:00:00,Prince’s Park,Music,Irlam,LvZ18Q7vYHd49JZZ-Utno,https://www.universe.com/events/irlam-live-2026-tickets-9NH81F?ref=ticketmaster,M44 6BR,53.4440935,-2.4216316
12/06/2026,Sooshi Mango - The Home Made World Tour 2026,18:30:00,O2 Apollo Manchester,Arts & Theatre,Manchester,1AdbZbMGkRpky0g,https://www.ticketmaster.co.uk/sooshi-mango-the-home-made-world-manchester-12-06-2026/event/3600637BD61B9935,M12 6AP,53.469422,-2.221964
13/06/2026,5th Anand TV Film Awards,17:30:00,O2 Apollo Manchester,Music,Manchester,1AUZkCKGkd-QbFG,https://www.ticketmaster.co.uk/5th-anand-tv-film-awards-manchester-13-06-2026/event/36006393E169820C,M12 6AP,53.469422,-2.221964
26/06/2026,Beverley Knight - Born To Perform Tour,19:00:00,O2 Apollo Manchester,Music,Manchester,1AUZkueGkd-alWJ,https://www.ticketmaster.co.uk/beverley-knight-born-to-perform-tour-manchester-26-06-2026/event/36006342E126BF66,M12 6AP,53.469422,-2.221964
14/06/2026,The All-American Rejects,19:00:00,Manchester Academy,Music,Manchester,G5vHZ_7K8h49g,https://www.ticketmaster.co.uk/the-allamerican-rejects-manchester-14-06-2026/event/1F006444D06D55F5,M13 9PR,53.464386,-2.232225
18/06/2026,ISMO: Perseverance Tour,20:00:00,Manchester Academy,Arts & Theatre,Manchester,G5vHZ_d3T0V7Q,https://www.ticketmaster.co.uk/ismo-perseverance-tour-manchester-18-06-2026/event/1F006434BF93411A,M13 9PR,53.464386,-2.232225
22/06/2026,Hayley Williams,19:00:00,Manchester Academy,Music,Manchester,G5vHZbUbeFyBY,https://www.ticketmaster.co.uk/hayley-williams-manchester-22-06-2026/event/1F00636602239EB0,M13 9PR,53.464386,-2.232225
22/06/2026,Queensryche,19:30:00,Manchester Club Academy,Music,Manchester,LvZ18QpN7C0lbHYZyC299,https://www.universe.com/events/queensryche-tickets-X2J5FY?ref=ticketmaster,M13 9PR,53.464386,-2.232225
23/06/2026,Hayley Williams,19:00:00,Manchester Academy,Music,Manchester,G5vHZbUrodgdK,https://www.ticketmaster.co.uk/hayley-williams-manchester-23-06-2026/event/1F006367910F50D3,M13 9PR,53.464386,-2.232225
24/06/2026,Sierra Ferrell,19:00:00,Manchester Academy,Music,Manchester,G5vHZ_7uyy8TZ,https://www.ticketmaster.co.uk/sierra-ferrell-manchester-24-06-2026/event/1F00644379E50FC0,M13 9PR,53.464386,-2.232225
25/06/2026,Acid Bath,19:00:00,Manchester Academy,Music,Manchester,G5vHZbgR-dzpU,https://www.ticketmaster.co.uk/acid-bath-manchester-25-06-2026/event/1F00635BE10F85B6,M13 9PR,53.464386,-2.232225
26/06/2026,Buffalo Traffic Jam,19:30:00,Manchester Academy 2,Music,Manchester,G5vHZbz9zMDHy,https://www.ticketmaster.co.uk/buffalo-traffic-jam-manchester-26-06-2026/event/1F006385F8DFBF39,M13 9PR,53.464386,-2.232225
06/07/2026,Phantogram,19:30:00,Manchester Club Academy,Music,Manchester,G5vHZ_71X6V3j,https://www.ticketmaster.co.uk/phantogram-manchester-06-07-2026/event/1F006442BE1F449C,M13 9PR,53.464386,-2.232225
11/06/2026,Declan J Donovan,19:00:00,Manchester The Deaf Institute.,Music,Manchester,G5vHZ_dMgQImi,https://www.ticketmaster.co.uk/declan-j-donovan-manchester-11-06-2026/event/1F00643DF56A8BAC,M1 7HE,53.47014,-2.236159
19/06/2026,Nevertel,19:00:00,Manchester The Deaf Institute.,Music,Manchester,G5vHZ_79sP9pe,https://www.ticketmaster.co.uk/nevertel-manchester-19-06-2026/event/1F006445F1957582,M1 7HE,53.47014,-2.236159
25/06/2026,Ike Dweck,19:00:00,"The Lodge, Manchester",Music,Manchester,G5vHZ_72tCfJ4,https://www.ticketmaster.co.uk/ike-dweck-manchester-25-06-2026/event/1F006443E9394995,M1 7HE,53.470669,-2.23567
11/06/2026,The Weeknd: After Hours Til Dawn Tour,17:00:00,Etihad Stadium,Music,Manchester,G5dzZbVJm6UZ3,https://www.ticketmaster.co.uk/the-weeknd-after-hours-til-dawn-manchester-11-06-2026/event/3E006349AE1F6012,M11 3FF,53.484601,-2.202709
12/06/2026,The Weeknd: After Hours Til Dawn Tour,17:00:00,Etihad Stadium,Music,Manchester,G5dzZbVBKtK3U,https://www.ticketmaster.co.uk/the-weeknd-after-hours-til-dawn-manchester-12-06-2026/event/3E00634E93A534B6,M11 3FF,53.484601,-2.202709
19/06/2026,TAKE THAT - THE CIRCUS LIVE - Summer 2026,17:00:00,Etihad Stadium,Music,Manchester,G5dzZbSkIh4qd,https://www.ticketmaster.co.uk/take-that-the-circus-live-summer-manchester-19-06-2026/event/3E006331A86D5743,M11 3FF,53.484601,-2.202709
20/06/2026,TAKE THAT - THE CIRCUS LIVE - Summer 2026,17:00:00,Etihad Stadium,Music,Manchester,G5dzZbS5sQzNB,https://www.ticketmaster.co.uk/take-that-the-circus-live-summer-manchester-20-06-2026/event/3E006332F16B88FA,M11 3FF,53.484601,-2.202709
21/06/2026,TAKE THAT - THE CIRCUS LIVE - Summer 2026,17:00:00,Etihad Stadium,Music,Manchester,G5dzZbSxyNgnr,https://www.ticketmaster.co.uk/take-that-the-circus-live-summer-manchester-21-06-2026/event/3E006338B98F5A9E,M11 3FF,53.484601,-2.202709
01/07/2026,TAKE THAT - THE CIRCUS LIVE - Summer 2026,17:00:00,Etihad Stadium,Music,Manchester,G5dzZbSN7TJaS,https://www.ticketmaster.co.uk/take-that-the-circus-live-summer-manchester-01-07-2026/event/3E006338C4FE6273,M11 3FF,53.484601,-2.202709
23/06/2026,KAYTRANADA,19:30:00,Co-op Live,Music,Manchester,1AMZko7Gkd9qVDO,https://www.ticketmaster.co.uk/kaytranada-manchester-23-06-2026/event/37006444D7774EE0,M11 3DU,53.48661136,-2.1995797
23/06/2026,Kaytranada Premium,19:30:00,Co-op Live,Unknown,Manchester,Za5ju3rKuqZBbSebTdTq5l_MuS5F5x-03,,M11 3DU,53.48661136,-2.1995797
27/06/2026,Robyn: the sexistential tour,,Co-op Live,Music,Manchester,1AdjZ_dGkMJ5V7w,https://www.ticketmaster.co.uk/robyn-the-sexistential-tour-manchester-27-06-2026/event/3700643DE62F4132,M11 3DU,53.48661136,-2.1995797
27/06/2026,Robyn Premium,19:30:00,Co-op Live,Unknown,Manchester,Za5ju3rKuqZDvSn1JoTxtC_FzgHkdaa1Uv,,M11 3DU,53.48661136,-2.1995797
04/07/2026,Kings of Leon,19:30:00,Co-op Live,Music,Manchester,1AdjZbUGkUDsUfp,https://www.ticketmaster.co.uk/kings-of-leon-manchester-04-07-2026/event/3700636DBBC76516,M11 3DU,53.48661136,-2.1995797
04/07/2026,Kings of Leon Premium,20:00:00,Co-op Live,Unknown,Manchester,Za5ju3rKuqZDdLT8tv8iPdqD9B_WYRMHle,,M11 3DU,53.48661136,-2.1995797
06/07/2026,Def Leppard,19:30:00,Co-op Live,Music,Manchester,1AdjZbsGkmYp--w,https://www.ticketmaster.co.uk/def-leppard-manchester-06-07-2026/event/3700631BB05A1872,M11 3DU,53.48661136,-2.1995797
06/07/2026,Def Leppard Premium,18:30:00,Co-op Live,Unknown,Manchester,Za5ju3rKuqZDe_z9BSQQc2LhxjnebTMfNE,,M11 3DU,53.48661136,-2.1995797
18/06/2026,Skullcrusher,19:30:00,YES (Pink Room),Music,Manchester,LvZ18QbexRTDuf8ZlyHRt,https://www.universe.com/events/skullcrusher-tickets-MH1TY3?ref=ticketmaster,M1 7DB,53.474109,-2.238335
26/06/2026,Lone,19:00:00,YES (Pink Room),Music,Manchester,LvZ18Qb9XDjiDGZZ0L2IT,https://www.universe.com/events/lone-tickets-MW2SH4?ref=ticketmaster,M1 7DB,53.474109,-2.238335
26/06/2026,Joanne McNally: Pinotphile,20:00:00,Palace Theatre Manchester,Arts & Theatre,Manchester,1AUZkCaGkeXsIcQ,https://www.ticketmaster.co.uk/joanne-mcnally-pinotphile-manchester-26-06-2026/event/36006389BEC68B5A,M1 6FT,53.475138,-2.240887
04/07/2026,Antarctic Monkeys,18:00:00,O2 Ritz Manchester,Music,Manchester,G5dzZbRdJk0I4,https://www.ticketmaster.co.uk/antarctic-monkeys-manchester-04-07-2026/event/3E0062F0E61A4A15,M1 5NQ,53.474423,-2.243098
02/07/2026,John Hiatt,19:00:00,Bridgewater Hall,Music,Manchester,G5vHZ_drl1SoY,https://www.ticketmaster.co.uk/john-hiatt-manchester-02-07-2026/event/1F006437AB2B3470,M2 3WS,53.475741,-2.244913
06/07/2026,An Evening with David Sedaris,19:30:00,Bridgewater Hall,Arts & Theatre,Manchester,G5vHZbsnsg-xQ,https://www.ticketmaster.co.uk/an-evening-with-david-sedaris-manchester-06-07-2026/event/1F00631AB1D6189A,M2 3WS,53.475741,-2.244913
07/07/2026,Chris Isaak,19:00:00,Bridgewater Hall,Music,Manchester,G5vHZbM6pCE9y,https://www.ticketmaster.co.uk/chris-isaak-manchester-07-07-2026/event/1F006371D63A75F9,M2 3WS,53.475741,-2.244913
12/06/2026,Voivod + Midnight,18:00:00,Rebellion Manchester,Music,Manchester,LvZ18QoKRDcIenOZljbiC,https://www.universe.com/events/voivod-midnight-tickets-6RP95F?ref=ticketmaster,M1 5WZ,53.4741834,-2.2504935
04/07/2026,The Dirty Nil,18:00:00,Rebellion Manchester,Music,Manchester,1adFZbU3ffZZdG52,https://www.ticketweb.uk/event/the-dirty-nil-rebellion-club-tickets/14664793?REFERRAL_ID=tmfeed,M1 5WZ,53.4741834,-2.2504935
15/06/2026,Tamikrest,19:30:00,Band On The Wall.,Music,Manchester,LvZ18QKhdZDftt8ZyPyI8,https://www.universe.com/events/tamikrest-tickets-6RHWZM?ref=ticketmaster,M4 5JZ,53.485235,-2.234389
09/07/2026,Yellowman & The Upper Cut,19:00:00,Band On The Wall.,Music,Manchester,LvZ18Q9Cxbdi8jOZ0jG6m,https://www.universe.com/events/yellowman-the-upper-cut-tickets-J35KL2?ref=ticketmaster,M4 5JZ,53.485235,-2.234389
25/06/2026,The Black Crowes,19:00:00,Albert Hall,Music,Manchester,G5vHZ_79NLUEq,https://www.ticketmaster.co.uk/the-black-crowes-manchester-25-06-2026/event/1F006445E37F69DD,M2 5QR,53.478402,-2.248891
14/06/2026,Ben & Kammy's Unbelievable Show,18:30:00,Manchester New Century Hall,Arts & Theatre,Manchester,1AMZkCvGkd5ohMG,https://www.ticketmaster.co.uk/ben-kammys-unbelievable-show-manchester-14-06-2026/event/37006381CB45BDCC,M44AH,53.486725,-2.239563
18/06/2026,I'm Grand Mam: Happy Campers,19:30:00,Manchester New Century Hall,Arts & Theatre,Manchester,1AMZkCAGkdtTR9I,https://www.ticketmaster.co.uk/im-grand-mam-happy-campers-manchester-18-06-2026/event/37006385E9FEF5E8,M44AH,53.486725,-2.239563
03/07/2026,Sounds of the City Present The K's,17:30:00,Castlefield Bowl,Music,Manchester,G5vHZbwSY7SaD,https://www.ticketmaster.co.uk/sounds-of-the-city-present-the-manchester-03-07-2026/event/1F00632CF013327B,M3 4JR,53.476524,-2.256881
04/07/2026,Sounds of the City Presents Hacienda Classical,17:00:00,Castlefield Bowl,Music,Manchester,G5vHZbMZ_AHAr,https://www.ticketmaster.co.uk/sounds-of-the-city-presents-hacienda-manchester-04-07-2026/event/1F0063701917C15E,M3 4JR,53.476524,-2.256881
08/07/2026,Sounds of the City Present Wet Leg,17:00:00,Castlefield Bowl,Music,Manchester,G5vHZbgL8rFGW,https://www.ticketmaster.co.uk/sounds-of-the-city-present-wet-manchester-08-07-2026/event/1F006357D078833D,M3 4JR,53.476524,-2.256881
09/07/2026,Sounds of the City Present Johnny Marr,17:30:00,Castlefield Bowl,Music,Manchester,G5vHZbVUOag3z,https://www.ticketmaster.co.uk/sounds-of-the-city-present-johnny-manchester-09-07-2026/event/1F00634DA02754B8,M3 4JR,53.476524,-2.256881
10/07/2026,Sounds of the City Present THE STREETS,17:00:00,Castlefield Bowl,Arts & Theatre,Manchester,G5vHZbVTj6zFy,https://www.ticketmaster.co.uk/sounds-of-the-city-present-the-manchester-10-07-2026/event/1F00634FDC1F8239,M3 4JR,53.476524,-2.256881
18/06/2026,Foreigner - 50th Anniversary Tour,18:00:00,AO Arena,Music,Manchester,G5vHZbsUweKw1,https://www.ticketmaster.co.uk/foreigner-50th-anniversary-tour-manchester-18-06-2026/event/1F00631DB2093C8A,M3 1AR,53.488164,-2.244066
18/06/2026,Foreigner - Venue Premium Tickets,18:00:00,AO Arena,Music,Manchester,G5vHZbwCt0xT_,https://www.ticketmaster.co.uk/foreigner-venue-premium-tickets-manchester-18-06-2026/event/1F006323A9922FD9,M3 1AR,53.488164,-2.244066
19/06/2026,Lily Allen - Venue Premium Tickets,18:00:00,AO Arena,Music,Manchester,G5vHZbM20FaoW,https://www.ticketmaster.co.uk/lily-allen-venue-premium-tickets-manchester-19-06-2026/event/1F006373E420947D,M3 1AR,53.488164,-2.244066
19/06/2026,Lily Allen,18:00:00,AO Arena,Music,Manchester,G5vHZbM2lF_E3,https://www.ticketmaster.co.uk/lily-allen-manchester-19-06-2026/event/1F006373EB2199D2,M3 1AR,53.488164,-2.244066
20/06/2026,Lily Allen,18:00:00,AO Arena,Music,Manchester,G5vHZbMNlf_k6,https://www.ticketmaster.co.uk/lily-allen-manchester-20-06-2026/event/1F006378EB519187,M3 1AR,53.488164,-2.244066
20/06/2026,Lily Allen - Venue Premium Tickets,18:00:00,AO Arena,Music,Manchester,G5vHZbMptLUC7,https://www.ticketmaster.co.uk/lily-allen-venue-premium-tickets-manchester-20-06-2026/event/1F006375A97F6384,M3 1AR,53.488164,-2.244066
21/06/2026,The B-52's and Devo - Cosmic De-Evolution Tour,17:30:00,AO Arena,Music,Manchester,G5vHZbMN7qE2N,https://www.ticketmaster.co.uk/the-b52s-and-devo-cosmic-deevolution-manchester-21-06-2026/event/1F006378C47673E3,M3 1AR,53.488164,-2.244066
21/06/2026,The B-52's and Devo - Cosmic De-Evolution Tour - Venue Premium Tickets,17:30:00,AO Arena,Music,Manchester,G5vHZbz1_sfpr,https://www.ticketmaster.co.uk/the-b52s-and-devo-cosmic-deevolution-manchester-21-06-2026/event/1F00638299C5459E,M3 1AR,53.488164,-2.244066
04/07/2026,Sammy Hagar - Venue Premium Tickets,17:30:00,AO Arena,Music,Manchester,G5vHZbU9LdzQ1,https://www.ticketmaster.co.uk/sammy-hagar-venue-premium-tickets-manchester-04-07-2026/event/1F006365DF0F868A,M3 1AR,53.488164,-2.244066
04/07/2026,THE BEST OF ALL WORLDS - UK TOUR 2026 - SAMMY HAGAR,17:30:00,AO Arena,Music,Manchester,G5vHZbgSdW9iX,https://www.ticketmaster.co.uk/the-best-of-all-worlds-uk-manchester-04-07-2026/event/1F00635CC3F57B3E,M3 1AR,53.488164,-2.244066
26/06/2026,Bilmuri,19:00:00,O2 Victoria Warehouse Manchester,Music,Manchester,G5dzZ_7pQXNrs,https://www.ticketmaster.co.uk/bilmuri-manchester-26-06-2026/event/3E0064459AFA37B1,M17 1AB,53.4643707,-2.2853054
14/06/2026,Amy & Carlos: Reborn,19:30:00,The Lowry,Arts & Theatre,Salford,G5vHZbS1WaMtV,https://www.ticketmaster.co.uk/amy-carlos-reborn-salford-14-06-2026/event/1F006332BD277A74,M502AZ,53.473993,-2.293741
19/06/2026,Neil Young and The Chrome Hearts,17:00:00,Heaton Park,Music,Manchester,G5dzZbURKY6bR,https://www.ticketmaster.co.uk/neil-young-and-the-chrome-hearts-manchester-19-06-2026/event/3E00636BD3C0762F,M250EQ,53.53608707,-2.2545072
20/06/2026,Pepsi MAX presents Parklife 2026 - Saturday,12:00:00,Heaton Park,Music,Manchester,G5dzZ_d2gqpQ9,https://www.ticketmaster.co.uk/pepsi-max-presents-parklife-2026-saturday-manchester-20-06-2026/event/3E006433F5756697,M250EQ,53.53608707,-2.2545072
20/06/2026,Pepsi MAX presents Parklife 2026 Weekend,,Heaton Park,Music,Manchester,G5dzZbgUuSdGs,https://www.ticketmaster.co.uk/pepsi-max-presents-parklife-2026-weekend-manchester-20-06-2026/event/3E00635D8DCC3331,M250EQ,53.53608707,-2.2545072
21/06/2026,Pepsi MAX presents Parklife 2026 - Sunday,12:00:00,Heaton Park,Music,Manchester,G5dzZ_dCOPSny,https://www.ticketmaster.co.uk/pepsi-max-presents-parklife-2026-sunday-manchester-21-06-2026/event/3E006433A0973AB9,M250EQ,53.53608707,-2.2545072
17/07/2026,Boys Like Girls,19:00:00,Manchester Academy,Music,Manchester,G5vHZbz15fKP0,https://www.ticketmaster.co.uk/boys-like-girls-manchester-17-07-2026/event/1F0063828B513964,M13 9PR,53.464386,-2.232225
21/07/2026,Steel Panther,19:00:00,Manchester Academy,Music,Manchester,G5vHZbzRm39J-,https://www.ticketmaster.co.uk/steel-panther-manchester-21-07-2026/event/1F00638BEE4979A1,M13 9PR,53.464386,-2.232225
22/07/2026,Charlie Puth - Whatever's Clever! World Tour,19:00:00,Manchester Academy,Music,Manchester,G5vHZby6j5Jph,https://www.ticketmaster.co.uk/charlie-puth-whatevers-clever-world-tour-manchester-22-07-2026/event/1F006391DC2E659B,M13 9PR,53.464386,-2.232225
24/07/2026,The Amy Winehouse Experience,19:00:00,O2 Ritz Manchester,Music,Manchester,G5dzZbMRivn_A,https://www.ticketmaster.co.uk/the-amy-winehouse-experience-manchester-24-07-2026/event/3E00637BEC06A645,M1 5NQ,53.474423,-2.243098
25/07/2026,Guns 2 Roses + Wrong Jovi + AC/DC Reborn,19:00:00,O2 Ritz Manchester,Music,Manchester,G5dzZbMNZZp3-,https://www.ticketmaster.co.uk/guns-2-roses-wrong-jovi-acdc-manchester-25-07-2026/event/3E006378C00164A1,M1 5NQ,53.474423,-2.243098
14/07/2026,Bat Sabbath,19:00:00,Rebellion Manchester,Music,Manchester,1adbZbUpAvNZdu5v,https://www.ticketmaster.co.uk/bat-sabbath-manchester-14-07-2026/event/3600636585063CA0,M1 5WZ,53.4741834,-2.2504935
16/07/2026,Bushman,19:00:00,Band On The Wall.,Music,Manchester,LvZ18QKnfAjp8DOZwyxxP,https://www.universe.com/events/bushman-tickets-PR4BM8?ref=ticketmaster,M4 5JZ,53.485235,-2.234389
18/07/2026,Daft Punkz - The Live Band Daft Punk Tribute,19:00:00,Band On The Wall.,Music,Manchester,LvZ18Q9cerC8KsOZyvA5M,https://www.universe.com/events/daft-punkz-the-live-band-daft-punk-tribute-tickets-49RKBV?ref=ticketmaster,M4 5JZ,53.485235,-2.234389
28/07/2026,Vanessa Carlton,19:00:00,Band On The Wall.,Music,Manchester,G5vHZby5u1kk-,https://www.ticketmaster.co.uk/vanessa-carlton-manchester-28-07-2026/event/1F006392CD2861A1,M4 5JZ,53.485235,-2.234389
14/07/2026,Sunny Day Real Estate,19:00:00,Manchester New Century Hall,Music,Manchester,1AdjZ_dGkBbDxk4,https://www.ticketmaster.co.uk/sunny-day-real-estate-manchester-14-07-2026/event/3700643E98EE2195,M44AH,53.486725,-2.239563
11/07/2026,Sounds of the City Present THE STREETS,17:00:00,Castlefield Bowl,Arts & Theatre,Manchester,G5vHZbVI75tqv,https://www.ticketmaster.co.uk/sounds-of-the-city-present-the-manchester-11-07-2026/event/1F00634A042E9741,M3 4JR,53.476524,-2.256881
12/07/2026,Sounds of the City Present Sex Pistols,17:00:00,Castlefield Bowl,Music,Manchester,G5vHZbUzA5cd0,https://www.ticketmaster.co.uk/sounds-of-the-city-present-sex-manchester-12-07-2026/event/1F00636E052ED0E4,M3 4JR,53.476524,-2.256881
08/08/2026,Peter Kay Live,20:00:00,AO Arena,Arts & Theatre,Manchester,G5vHZb95ixN_i,https://www.ticketmaster.co.uk/peter-kay-live-manchester-08-08-2026/event/1F006172EC8A366C,M3 1AR,53.488164,-2.244066
08/08/2026,Peter Kay - Venue Premium Packages,18:30:00,AO Arena,Arts & Theatre,Manchester,G5vHZbMwjH4ss,https://www.ticketmaster.co.uk/peter-kay-venue-premium-packages-manchester-08-08-2026/event/1F00637C9CF15C71,M3 1AR,53.488164,-2.244066
16/07/2026,Breaking Benjamin,19:00:00,O2 Victoria Warehouse Manchester,Music,Manchester,G5dzZbyeUANnA,https://www.ticketmaster.co.uk/breaking-benjamin-manchester-16-07-2026/event/3E006390B6163A85,M17 1AB,53.4643707,-2.2853054
31/07/2026,Radar Festival 2026 - Weekend,,O2 Victoria Warehouse Manchester,Music,Manchester,G5dzZbcBTExZo,https://www.ticketmaster.co.uk/radar-festival-2026-weekend-manchester-31-07-2026/event/3E0062DEBF9E2011,M17 1AB,53.4643707,-2.2853054
31/07/2026,RADAR Festival: Friday,12:00:00,O2 Victoria Warehouse Manchester,Music,Manchester,G5dzZbzwy8g-1,https://www.ticketmaster.co.uk/radar-festival-friday-manchester-31-07-2026/event/3E00638CB943584A,M17 1AB,53.4643707,-2.2853054
01/08/2026,RADAR Festival: Saturday,12:00:00,O2 Victoria Warehouse Manchester,Music,Manchester,G5dzZbzSvi4yh,https://www.ticketmaster.co.uk/radar-festival-saturday-manchester-01-08-2026/event/3E00638CC1B15E5B,M17 1AB,53.4643707,-2.2853054
02/08/2026,RADAR Festival: Sunday,12:00:00,O2 Victoria Warehouse Manchester,Music,Manchester,G5dzZbzSADpeJ,https://www.ticketmaster.co.uk/radar-festival-sunday-manchester-02-08-2026/event/3E00638CC5ED60A6,M17 1AB,53.4643707,-2.2853054
18/07/2026,Rumours of Fleetwood Mac,19:00:00,The Lowry,Music,Salford,G5vHZbSet5k-U,https://www.ticketmaster.co.uk/rumours-of-fleetwood-mac-salford-18-07-2026/event/1F006330A92C6876,M502AZ,53.473993,-2.293741
18/07/2026,Road To Nashville,14:00:00,O2 Victoria Warehouse Manchester,Miscellaneous,Manchester,G5dzZbUl2_JCo,https://www.ticketmaster.co.uk/road-to-nashville-manchester-18-07-2026/event/3E00636ACF666391,M17 1AB,53.4643707,-2.2853054
20/08/2026,Kevin Bridges: Here If You Need Me,19:00:00,O2 Apollo Manchester,Arts & Theatre,Manchester,1AUZkuVGkdeIFp9,https://www.ticketmaster.co.uk/kevin-bridges-here-if-you-need-manchester-20-08-2026/event/36006374C2A08597,M12 6AP,53.469422,-2.221964
21/08/2026,Kevin Bridges: Here If You Need Me,19:00:00,O2 Apollo Manchester,Arts & Theatre,Manchester,1AdbZbMGkmUB6H0,https://www.ticketmaster.co.uk/kevin-bridges-here-if-you-need-manchester-21-08-2026/event/3600637BB6E87F24,M12 6AP,53.469422,-2.221964
22/08/2026,Kevin Bridges: Here If You Need Me,19:00:00,O2 Apollo Manchester,Arts & Theatre,Manchester,1AdbZbMGkRGIyAO,https://www.ticketmaster.co.uk/kevin-bridges-here-if-you-need-manchester-22-08-2026/event/3600637BCCA39160,M12 6AP,53.469422,-2.221964
27/08/2026,Kevin Bridges: Here If You Need Me,19:00:00,O2 Apollo Manchester,Arts & Theatre,Manchester,1AdbZbMGkR2M_2m,https://www.ticketmaster.co.uk/kevin-bridges-here-if-you-need-manchester-27-08-2026/event/3600637BCFDD93EE,M12 6AP,53.469422,-2.221964
28/08/2026,Kevin Bridges: Here If You Need Me,19:00:00,O2 Apollo Manchester,Arts & Theatre,Manchester,1AdbZbMGkRfnaLi,https://www.ticketmaster.co.uk/kevin-bridges-here-if-you-need-manchester-28-08-2026/event/3600637BD4A897EC,M12 6AP,53.469422,-2.221964
29/08/2026,Kevin Bridges: Here If You Need Me,19:00:00,O2 Apollo Manchester,Arts & Theatre,Manchester,1AdbZbMGkRbU_mt,https://www.ticketmaster.co.uk/kevin-bridges-here-if-you-need-manchester-29-08-2026/event/3600637BD8D99BA9,M12 6AP,53.469422,-2.221964
10/08/2026,Kittie,19:30:00,Manchester Club Academy,Music,Manchester,G5vHZ_dBhrV7-,https://www.ticketmaster.co.uk/kittie-manchester-10-08-2026/event/1F00643E9B7B4121,M13 9PR,53.464386,-2.232225
15/08/2026,Randy Houser,19:30:00,Manchester Academy 3,Music,Manchester,G5vHZ_79JepRM,https://www.ticketmaster.co.uk/randy-houser-manchester-15-08-2026/event/1F006445E6096BF7,M13 9PR,53.464386,-2.232225
05/09/2026,A$AP Rocky - Don't Be Dumb World Tour,18:30:00,Co-op Live,Music,Manchester,1AMZk8YGkd_PPL4,https://www.ticketmaster.co.uk/aap-rocky-dont-be-dumb-world-manchester-05-09-2026/event/37006430D99657D5,M11 3DU,53.48661136,-2.1995797
05/09/2026,A$AP Rocky Premium,18:30:00,Co-op Live,Unknown,Manchester,Za5ju3rKuqZBbCq79eQa6c1BHtB8oXvBk,,M11 3DU,53.48661136,-2.1995797
06/09/2026,A$AP Rocky Premium,18:30:00,Co-op Live,Unknown,Manchester,Za5ju3rKuqZDvYDwYpS2PGJhZCApk-1F0Q,,M11 3DU,53.48661136,-2.1995797
29/08/2026,Red Leather,19:00:00,Manchester Gorilla,Music,Manchester,G5vHZ_eBjExk8,https://www.ticketmaster.co.uk/red-leather-manchester-29-08-2026/event/1F00642E9C9E2190,M1 5WW,53.473982,-2.243351
02/09/2026,WITCHZ,19:00:00,Manchester Gorilla,Music,Manchester,G5vHZbgOv_5yp,https://www.ticketmaster.co.uk/witchz-manchester-02-09-2026/event/1F0063580164BE56,M1 5WW,53.473982,-2.243351
05/09/2026,Manchester Psych Fest 2026,12:00:00,O2 Ritz Manchester,Music,Manchester,G5dzZbU9D2_Dw,https://www.ticketmaster.co.uk/manchester-psych-fest-2026-manchester-05-09-2026/event/3E006365FB3D9EF2,M1 5NQ,53.474423,-2.243098
05/09/2026,TOSB Presents Maze 'Coming Home',18:00:00,Bridgewater Hall,Music,Manchester,G5vHZbzFMd1Uj,https://www.ticketmaster.co.uk/tosb-presents-maze-coming-home-manchester-05-09-2026/event/1F006382370CAD9C,M2 3WS,53.475741,-2.244913
08/09/2026,Gia Margaret,19:30:00,Halle at St Michael's,Music,Manchester,LvZ18QbeNi3a_48ZyMpDi,https://www.universe.com/events/gia-margaret-tickets-XF5J26?ref=ticketmaster,M4 5DG,53.484974,-2.229442
20/08/2026,Twisted Firestarter #6- The Official Infest Warm Up Party,17:00:00,Rebellion Manchester,Music,Manchester,LvZ18Q4BFsy7sCZZ0XL1h,https://www.universe.com/events/twisted-firestarter-6-the-official-infest-warm-up-party-tickets-WB4F21?ref=ticketmaster,M1 5WZ,53.4741834,-2.2504935
20/08/2026,CLUB STIGMATA - 20th August w/ Dj’s FRANKIE D + MARK WALKER,23:00:00,Rebellion Manchester,Music,Manchester,LvZ18Q4BGuaomWYZl-v2s,https://www.universe.com/events/club-stigmata-20th-august-w-dj-s-frankie-d-mark-walker-tickets-Y2CT7X?ref=ticketmaster,M1 5WZ,53.4741834,-2.2504935
21/08/2026,The Cure Aftershow - Manchester,23:00:00,Rebellion Manchester,Music,Manchester,LvZ18QCyGy8SrsOZ0puKd,https://www.universe.com/events/the-cure-aftershow-manchester-tickets-J5QBVW?ref=ticketmaster,M1 5WZ,53.4741834,-2.2504935
05/09/2026,Michael Shannon & Jason Narducy and Friends Play R.e.m.âS ÂLife's,18:00:00,Manchester New Century Hall,Music,Manchester,16dFZbMCoG7XoL8,https://www.ticketweb.uk/event/michael-shannon-jason-narducy-new-century-hall-tickets/14705713?REFERRAL_ID=tmfeed,M44AH,53.486725,-2.239563
18/08/2026,Hollywood Vampires - Venue Premium Tickets,18:00:00,AO Arena,Miscellaneous,Manchester,G5vHZ_eSI301h,https://www.ticketmaster.co.uk/hollywood-vampires-venue-premium-tickets-manchester-18-08-2026/event/1F00642CE84A429B,M3 1AR,53.488164,-2.244066
18/08/2026,Hollywood Vampires,18:00:00,AO Arena,Music,Manchester,G5vHZ_epL2-Gs,https://www.ticketmaster.co.uk/hollywood-vampires-manchester-18-08-2026/event/1F0064259F3E1331,M3 1AR,53.488164,-2.244066
21/08/2026,The Cure at Live from Wythenshawe Park,16:00:00,Wythenshawe Park,Music,Manchester,G5vHZbSgidxW2,https://www.ticketmaster.co.uk/the-cure-at-live-from-wythenshawe-manchester-21-08-2026/event/1F00633D6C0E2F4F,M25 0AB,53.40069,-2.272576
22/08/2026,Lewis Capaldi,16:00:00,Wythenshawe Park,Music,Manchester,G5vHZbwE0x-lq,https://www.ticketmaster.co.uk/lewis-capaldi-manchester-22-08-2026/event/1F006329E48A1ADD,M25 0AB,53.40069,-2.272576
28/08/2026,Pulp,16:00:00,Wythenshawe Park,Music,Manchester,G5vHZbUlOUbBm,https://www.ticketmaster.co.uk/pulp-manchester-28-08-2026/event/1F00636AE0D98EAE,M25 0AB,53.40069,-2.272576
29/08/2026,Courteeners At Live From Wythenshawe Park,14:00:00,Wythenshawe Park,Music,Manchester,G5vHZbVX9kfDH,https://www.ticketmaster.co.uk/courteeners-at-live-from-wythenshawe-park-manchester-29-08-2026/event/1F00634F97194EFC,M25 0AB,53.40069,-2.272576
30/08/2026,The Prodigy at Live from Wythenshawe Park,15:00:00,Wythenshawe Park,Music,Manchester,G5vHZbgIwebV0,https://www.ticketmaster.co.uk/the-prodigy-at-live-from-wythenshawe-manchester-30-08-2026/event/1F00635A32098D24,M25 0AB,53.40069,-2.272576
21/09/2026,Anastacia,19:00:00,O2 Apollo Manchester,Music,Manchester,1AdbZbsGkSjQdTQ,https://www.ticketmaster.co.uk/anastacia-manchester-21-09-2026/event/3600631CDC683FDA,M12 6AP,53.469422,-2.221964
25/09/2026,Urzila Carlson,19:00:00,O2 Apollo Manchester,Arts & Theatre,Manchester,1AdbZbUGkUgLpHe,https://www.ticketmaster.co.uk/urzila-carlson-manchester-25-09-2026/event/3600636DB57D6F02,M12 6AP,53.469422,-2.221964
26/09/2026,Megan Moroney - The Cloud 9 Tour,19:00:00,O2 Apollo Manchester,Music,Manchester,1kuOvN-FGAur4pN,https://www.ticketmaster.co.uk/megan-moroney-the-cloud-9-tour-manchester-26-09-2026/event/360063848D7955A3,M12 6AP,53.469422,-2.221964
02/10/2026,Simple Plan,18:00:00,O2 Apollo Manchester,Music,Manchester,1AdbZbMGkljlbDC,https://www.ticketmaster.co.uk/simple-plan-manchester-02-10-2026/event/3600637ADCAD8ECE,M12 6AP,53.469422,-2.221964
19/09/2026,The Molotovs,19:30:00,Manchester Academy 2,Music,Manchester,G5vHZ_7C47-Vl,https://www.ticketmaster.co.uk/the-molotovs-manchester-19-09-2026/event/1F00644395121D2B,M13 9PR,53.464386,-2.232225
02/10/2026,Just Radiohead,19:30:00,Manchester Academy,Music,Manchester,LvZ18Q8MtCXP5C8Z0IDCQ,https://www.universe.com/events/just-radiohead-tickets-JDSNLC?ref=ticketmaster,M13 9PR,53.464386,-2.232225
02/10/2026,SLOPE  SAME KIDS. JUST LOUDER. - TOUR 2026,19:00:00,Manchester The Deaf Institute.,Music,Manchester,LvZ18Q9adem6lDOZ0XvM2,https://www.universe.com/events/slope-same-kids-just-louder-tour-2026-tickets-GS87FK?ref=ticketmaster,M1 7HE,53.47014,-2.236159
10/09/2026,Evanescence 2026 World Tour,18:30:00,Co-op Live,Music,Manchester,1AMZkuyGkdLktRO,https://www.ticketmaster.co.uk/evanescence-2026-world-tour-manchester-10-09-2026/event/37006379DF1A9BE0,M11 3DU,53.48661136,-2.1995797
10/09/2026,Evanescence Premium 10.09,18:30:00,Co-op Live,Unknown,Manchester,Za5ju3rKuqZDdxfNlhBZy5XlANppFj4UiW,,M11 3DU,53.48661136,-2.1995797
11/09/2026,Andre Rieu,19:30:00,Co-op Live,Music,Manchester,17uYvxG65L1FSyD,https://www.ticketmaster.co.uk/andre-rieu-manchester-11-09-2026/event/370062B7CA233E7B,M11 3DU,53.48661136,-2.1995797
11/09/2026,Andre Rieu Premium,20:00:00,Co-op Live,Unknown,Manchester,Za5ju3rKuqZDvxLdJMrc_2fFNN2NtqTFTO,,M11 3DU,53.48661136,-2.1995797
07/10/2026,The World of Hans Zimmer - Premium Ticket and Hotel Experiences,19:31:00,Co-op Live,Music,Manchester,1AdjZbEGkDeY4ou,https://www.eventtravel.com/the-world-of-hans-zimmer-tickets-2026?agentCodeWeblink=AF294,M11 3DU,53.48661136,-2.1995797
07/10/2026,The World of Hans Zimmer: A New Dimension,19:30:00,Co-op Live,Arts & Theatre,Manchester,1AdjZbEGklRQ6gS,https://www.ticketmaster.co.uk/the-world-of-hans-zimmer-a-manchester-07-10-2026/event/3700627AEF687D73,M11 3DU,53.48661136,-2.1995797
07/10/2026,The World of Hans Zimmer- A New Dimension Premium,20:00:00,Co-op Live,Unknown,Manchester,Za5ju3rKuqZDd0DysYTe-ZS5fEESrXSnh5,,M11 3DU,53.48661136,-2.1995797
28/09/2026,Cory Hanson,19:30:00,YES Basement,Music,Manchester,1AwZkG-GkdxMe_1,https://www.ticketweb.uk/event/cory-hanson-yes-basement-tickets/14531423?REFERRAL_ID=tmfeed,M1 7DB,53.47411,-2.23833
08/10/2026,Alice Costelloe,19:30:00,YES Basement,Music,Manchester,LvZ18Q9iHMVLwTYZ0W6m8,https://www.universe.com/events/alice-costelloe-tickets-X92643?ref=ticketmaster,M1 7DB,53.47411,-2.23833
12/09/2026,Holy Holy featuring Woody Woodmansey + Tony Visconti + Glenn Gregory,18:00:00,O2 Ritz Manchester,Music,Manchester,G5dzZ_7hcqQ5_,https://www.ticketmaster.co.uk/holy-holy-featuring-woody-woodmansey-tony-manchester-12-09-2026/event/3E006446ED75A2D9,M1 5NQ,53.474423,-2.243098
17/09/2026,Colin Edwin and John Wesley's Voyage 35,19:00:00,O2 Ritz Manchester,Music,Manchester,G5dzZbg03z_Qq,https://www.ticketmaster.co.uk/colin-edwin-and-john-wesleys-voyage-manchester-17-09-2026/event/3E00635912E1969D,M1 5NQ,53.474423,-2.243098
18/09/2026,The Big Indie Festival comes to Manchester!,19:00:00,O2 Ritz Manchester,Music,Manchester,G5dzZ_dUmjKct,https://www.ticketmaster.co.uk/the-big-indie-festival-comes-to-manchester-18-09-2026/event/3E00643DAE713B69,M1 5NQ,53.474423,-2.243098
22/09/2026,Good Kid,19:00:00,O2 Ritz Manchester,Music,Manchester,G5dzZbz2nSMqC,https://www.ticketmaster.co.uk/good-kid-manchester-22-09-2026/event/3E006383EACF774E,M1 5NQ,53.474423,-2.243098
03/10/2026,Dodgy + The Icicle Works,19:00:00,O2 Ritz Manchester,Music,Manchester,G5dzZ_dhA50-2,https://www.ticketmaster.co.uk/dodgy-the-icicle-works-manchester-03-10-2026/event/3E006436C52E484F,M1 5NQ,53.474423,-2.243098
13/09/2026,Thompson Twins' Tom Bailey,19:00:00,Bridgewater Hall,Music,Manchester,G5vHZbSNqcFu4,https://www.ticketmaster.co.uk/thompson-twins-tom-bailey-manchester-13-09-2026/event/1F006338DDB48355,M2 3WS,53.475741,-2.244913
14/09/2026,Michael Ball: Glow UK Tour 2026,19:00:00,Bridgewater Hall,Music,Manchester,G5vHZbMReXMAB,https://www.ticketmaster.co.uk/michael-ball-glow-uk-tour-2026-manchester-14-09-2026/event/1F00637BC2FB717A,M2 3WS,53.475741,-2.244913
17/09/2026,Marillion,19:00:00,Bridgewater Hall,Music,Manchester,G5vHZbUBmWEta,https://www.ticketmaster.co.uk/marillion-manchester-17-09-2026/event/1F00636EAEF67A49,M2 3WS,53.475741,-2.244913
05/10/2026,Avatar - The Last Airbender - Film With Live Orchestra,19:30:00,Bridgewater Hall,Music,Manchester,G5vHZbIDq8NB7,https://www.ticketmaster.co.uk/avatar-the-last-airbender-film-with-manchester-05-10-2026/event/1F00628EDD423E84,M2 3WS,53.475741,-2.244913
15/09/2026,Altered Images,19:30:00,Band On The Wall.,Music,Manchester,1AwZkuwGkdEjo2l,https://www.ticketweb.uk/event/altered-images-band-on-the-wall-tickets/14702233?REFERRAL_ID=tmfeed,M4 5JZ,53.485235,-2.234389
07/10/2026,Fanfare Ciocărlia,19:30:00,Band On The Wall.,Music,Manchester,LvZ18QboyDJQ1SYZwLLqL,https://www.universe.com/events/fanfare-ciocarlia-tickets-W8XFZK?ref=ticketmaster,M4 5JZ,53.485235,-2.234389
13/09/2026,Mike Wozniak: The Bench,19:30:00,"Opera House, Manchester",Arts & Theatre,Manchester,1AdbZbUGkYNYc_J,https://www.ticketmaster.co.uk/mike-wozniak-the-bench-manchester-13-09-2026/event/3600636C23C2D666,M3 3HP,53.478837,-2.251395
17/09/2026,Piff and Pop's Magic Shoppe,19:30:00,"Opera House, Manchester",Arts & Theatre,Manchester,16UZkGM0-ZA2FGa8,https://www.ticketmaster.co.uk/piff-and-pops-magic-shoppe-manchester-17-09-2026/event/36006337921E7B8F,M3 3HP,53.478837,-2.251395
20/09/2026,David Essex,19:00:00,"Opera House, Manchester",Music,Manchester,1AdbZbVGkHiFYJR,https://www.ticketmaster.co.uk/david-essex-manchester-20-09-2026/event/3600634F2C2309AF,M3 3HP,53.478837,-2.251395
15/09/2026,Saint Etienne - Final UK tour,19:30:00,Manchester New Century Hall,Music,Manchester,1AMZkCvGkeiU_oP,https://www.ticketmaster.co.uk/saint-etienne-final-uk-tour-manchester-15-09-2026/event/37006381ACD99465,M44AH,53.486725,-2.239563
26/09/2026,Mica Millar,18:00:00,Manchester New Century Hall,Music,Manchester,1AMZk8tGkdhYeT1,https://www.ticketmaster.co.uk/mica-millar-manchester-26-09-2026/event/37006429DBC02FCA,M44AH,53.486725,-2.239563
02/10/2026,Yonaka,18:00:00,Manchester New Century Hall,Music,Manchester,1AdjZ_eGkDTGJKf,https://www.ticketmaster.co.uk/yonaka-manchester-02-10-2026/event/3700642EFF3264D4,M44AH,53.486725,-2.239563
12/09/2026,Fin Taylor,19:00:00,Aviva Studios - The Hall,Arts & Theatre,Manchester,16gZkCvPJZA57C5v,https://www.ticketmaster.co.uk/fin-taylor-manchester-12-09-2026/event/35006381966A3DA0,M3 4JQ,53.48008,-2.25446
19/09/2026,Ward Thomas - Celebrating 10 years of Cartwheels,19:30:00,Aviva Studios - The Hall,Music,Manchester,1AgZkuNGkdsEDwt,https://www.ticketmaster.co.uk/ward-thomas-celebrating-10-years-of-manchester-19-09-2026/event/35006363F19FBCA9,M3 4JQ,53.48008,-2.25446
04/10/2026,SUSAN CALMAN: TALL TALES,19:30:00,Aviva Studios - The Hall,Arts & Theatre,Manchester,1AdfZbMGklK1a5m,https://www.ticketmaster.co.uk/susan-calman-tall-tales-manchester-04-10-2026/event/3500637AD32892EE,M3 4JQ,53.48008,-2.25446
06/10/2026,Serena Terry: Therapy,18:00:00,Aviva Studios - The Hall,Arts & Theatre,Manchester,1AdfZ_eGkHi3BSp,https://www.ticketmaster.co.uk/serena-terry-therapy-manchester-06-10-2026/event/3500642F2C4BACD6,M3 4JQ,53.48008,-2.25446
10/09/2026,Jane McDonald - Venue Premium Tickets,19:30:00,AO Arena,Music,Manchester,G5vHZbUMMg_-_,https://www.ticketmaster.co.uk/jane-mcdonald-venue-premium-tickets-manchester-10-09-2026/event/1F00636DF7D59859,M3 1AR,53.488164,-2.244066
10/09/2026,Jane McDonald - Living The Dream,19:30:00,AO Arena,Music,Manchester,G5vHZbgXv0dgG,https://www.ticketmaster.co.uk/jane-mcdonald-living-the-dream-manchester-10-09-2026/event/1F00635F81903D4C,M3 1AR,53.488164,-2.244066
22/09/2026,I Prevail: The Violent Nature Tour,18:00:00,O2 Victoria Warehouse Manchester,Music,Manchester,G5dzZbSMI0gU9,https://www.ticketmaster.co.uk/i-prevail-the-violent-nature-tour-manchester-22-09-2026/event/3E00633DE8935D97,M17 1AB,53.4643707,-2.2853054
20/09/2026,Jonathan Pie: The End Of The World According To Jonathan Pie,20:00:00,The Lowry,Arts & Theatre,Salford,G5vHZbMNhBI4u,https://www.ticketmaster.co.uk/jonathan-pie-the-end-of-the-salford-20-09-2026/event/1F006378DBEA854D,M502AZ,53.473993,-2.293741
19/09/2026,Paddock Fest 2026,12:00:00,"Royton Cricket, Bowling & Running Club",Unknown,Oldham,LvZ18Qu2NGoa8OOZ0_g6x,https://www.universe.com/events/paddock-fest-2026-tickets-BQW1H9?ref=ticketmaster,OL25TX,53.567738,-2.12986
09/10/2026,Amon Amarth,17:30:00,O2 Apollo Manchester,Music,Manchester,1kuOvNjyGA5nkIA,https://www.ticketmaster.co.uk/amon-amarth-manchester-09-10-2026/event/360063739BA86A05,M12 6AP,53.469422,-2.221964
14/10/2026,Chris Williamson,18:30:00,O2 Apollo Manchester,Arts & Theatre,Manchester,1AUZk8YGkeD7kGs,https://www.ticketmaster.co.uk/chris-williamson-manchester-14-10-2026/event/36006430BB106331,M12 6AP,53.469422,-2.221964
17/10/2026,Fat Freddy's Drop - 21st anniversary of Based on a True Story,19:00:00,O2 Apollo Manchester,Music,Manchester,1AUZkuFGkeW7t3s,https://www.ticketmaster.co.uk/fat-freddys-drop-21st-anniversary-of-manchester-17-10-2026/event/36006348BD1294B1,M12 6AP,53.469422,-2.221964
18/10/2026,Jeff Wayne's Musical Version of The War of The Worlds,19:00:00,O2 Apollo Manchester,Arts & Theatre,Manchester,1AUZkuSGkdaZtKJ,https://www.ticketmaster.co.uk/jeff-waynes-musical-version-of-the-manchester-18-10-2026/event/36006373C90294E6,M12 6AP,53.469422,-2.221964
23/10/2026,The Proclaimers,18:30:00,O2 Apollo Manchester,Music,Manchester,1AUZkuwGkdJCHN8,https://www.ticketmaster.co.uk/the-proclaimers-manchester-23-10-2026/event/36006372E63BC8D0,M12 6AP,53.469422,-2.221964
24/10/2026,The Witcher in Concert,19:00:00,O2 Apollo Manchester,Arts & Theatre,Manchester,1AUZkupGkd4mhPG,https://www.ticketmaster.co.uk/the-witcher-in-concert-manchester-24-10-2026/event/36006356D5B9B94C,M12 6AP,53.469422,-2.221964
27/10/2026,Jack Savoretti,19:00:00,O2 Apollo Manchester,Music,Manchester,1AUZk8SGkeRHSyg,https://www.ticketmaster.co.uk/jack-savoretti-manchester-27-10-2026/event/36006433AFF33E75,M12 6AP,53.469422,-2.221964
14/10/2026,Warren Zeiders,19:00:00,Manchester Academy,Music,Manchester,G5vHZbgTrZaeC,https://www.ticketmaster.co.uk/warren-zeiders-manchester-14-10-2026/event/1F00635FDE00908E,M13 9PR,53.464386,-2.232225
20/10/2026,EZHEL,19:30:00,Manchester Academy 2,Music,Manchester,1AwZkayGkdtWsaM,https://www.ticketweb.uk/event/ezhel-manchester-academy-2-tickets/14324823?REFERRAL_ID=tmfeed,M13 9PR,53.464386,-2.232225
24/10/2026,Black Stone Cherry - the Celebrate Tour,19:00:00,Manchester Academy,Music,Manchester,G5vHZbzKgptS1,https://www.ticketmaster.co.uk/black-stone-cherry-the-celebrate-tour-manchester-24-10-2026/event/1F006384F55A9CCA,M13 9PR,53.464386,-2.232225
31/10/2026,LA Guns,19:30:00,Manchester Club Academy,Music,Manchester,LvZ18Qp0uB2kHCYZyvUgn,https://www.universe.com/events/la-guns-tickets-962GHL?ref=ticketmaster,M13 9PR,53.464386,-2.232225
05/11/2026,Future Palace,19:30:00,Manchester Academy 3,Music,Manchester,LvZ18QKZhdQucOYvZPTEG,https://www.universe.com/events/future-palace-tickets-GCDSV1?ref=ticketmaster,M13 9PR,53.464386,-2.232225
29/10/2026,Jamie Grey,19:00:00,Manchester The Deaf Institute.,Music,Manchester,1AdFZ_dGkRb5ZEK,https://www.ticketweb.uk/event/jamie-grey-the-deaf-institute-tickets/14117514?REFERRAL_ID=tmfeed,M1 7HE,53.47014,-2.236159
09/10/2026,Professor Brian Cox: Emergence World Tour,18:30:00,Co-op Live,Miscellaneous,Manchester,1kuYvNuyGAG0I2O,https://www.ticketmaster.co.uk/professor-brian-cox-emergence-world-tour-manchester-09-10-2026/event/370063379C9283E0,M11 3DU,53.48661136,-2.1995797
09/10/2026,Professor Brian Cox Premium,18:30:00,Co-op Live,Unknown,Manchester,Za5ju3rKuqZDde_v1UYd_Cl_84g57kVzZ_,,M11 3DU,53.48661136,-2.1995797
18/10/2026,Brandi Carlile - the Human Tour,18:30:00,Co-op Live,Music,Manchester,1AMZkufGkd7w6yR,https://www.ticketmaster.co.uk/brandi-carlile-the-human-tour-manchester-18-10-2026/event/37006354C4C87E6F,M11 3DU,53.48661136,-2.1995797
18/10/2026,Brandi Carlile Premium,20:00:00,Co-op Live,Unknown,Manchester,Za5ju3rKuqZB4UE9IycoA4bSKHDZk1JjT,,M11 3DU,53.48661136,-2.1995797
23/10/2026,Westlife 25 - the Anniversary World Tour,19:30:00,Co-op Live,Music,Manchester,1AMZku4GkdYQnoc,https://www.ticketmaster.co.uk/westlife-25-the-anniversary-world-tour-manchester-23-10-2026/event/37006355F06AA46D,M11 3DU,53.48661136,-2.1995797
23/10/2026,Westlife Premium 23.10,20:00:00,Co-op Live,Unknown,Manchester,Za5ju3rKuqZDdQzhD9PquvohEuvPFQ54v6,,M11 3DU,53.48661136,-2.1995797
24/10/2026,Westlife 25 - the Anniversary World Tour,19:30:00,Co-op Live,Music,Manchester,1AdjZbgGkw_gzqj,https://www.ticketmaster.co.uk/westlife-25-the-anniversary-world-tour-manchester-24-10-2026/event/3700635C99D7875C,M11 3DU,53.48661136,-2.1995797
24/10/2026,Westlife Premium 24.10,20:00:00,Co-op Live,Unknown,Manchester,Za5ju3rKuqZDeK10Mm0kgFftVdmXg7C_Q2,,M11 3DU,53.48661136,-2.1995797
25/10/2026,Westlife 25 - the Anniversary World Tour,19:30:00,Co-op Live,Music,Manchester,1AdjZbgGkwPCy4Q,https://www.ticketmaster.co.uk/westlife-25-the-anniversary-world-tour-manchester-25-10-2026/event/3700635CA53B955A,M11 3DU,53.48661136,-2.1995797
25/10/2026,Westlife Premium 25.10,20:00:00,Co-op Live,Unknown,Manchester,Za5ju3rKuqZBShjgfNcq2ba6_bSwBvMC3,,M11 3DU,53.48661136,-2.1995797
28/10/2026,J Cole Premium,19:30:00,Co-op Live,Unknown,Manchester,Za5ju3rKuqZDvJR8KH3gs5_QUykAR6dKxT,,M11 3DU,53.48661136,-2.1995797
06/11/2026,Papa Roach - Rise of the Roach,18:00:00,Co-op Live,Music,Manchester,1kuYv0o_GA2ONAt,https://www.ticketmaster.co.uk/papa-roach-rise-of-the-roach-manchester-06-11-2026/event/370064459F823169,M11 3DU,53.48661136,-2.1995797
06/11/2026,Papa Roach Premium,18:30:00,Co-op Live,Unknown,Manchester,Za5ju3rKuqZBk6XNt8u_1Y55-OjU3iqHR,,M11 3DU,53.48661136,-2.1995797
16/10/2026,Sports,19:00:00,YES (Pink Room),Music,Manchester,LvZ18Q8uD0uETTYZ0lmu0,https://www.universe.com/events/sports-tickets-03NWTB?ref=ticketmaster,M1 7DB,53.474109,-2.238335
23/10/2026,"Kytes | Manchester, YES (Pink Room)",19:00:00,YES (Pink Room),Music,Manchester,LvZ18Q3vUGRHMiOZyXGvZ,https://www.universe.com/events/kytes-manchester-yes-pink-room-tickets-P62XBL?ref=ticketmaster,M1 7DB,53.474109,-2.238335
16/10/2026,Lime Garden,19:30:00,Manchester Gorilla,Music,Manchester,LvZ18QpyeuLPnMZZwQIQR,https://www.universe.com/events/lime-garden-tickets-D7YSXT?ref=ticketmaster,M1 5WW,53.473982,-2.243351
09/10/2026,The Beat - Dance Crazed Too UK Tour,19:00:00,O2 Ritz Manchester,Music,Manchester,G5dzZbUwyap7J,https://www.ticketmaster.co.uk/the-beat-dance-crazed-too-uk-manchester-09-10-2026/event/3E00636CB9256126,M1 5NQ,53.474423,-2.243098
10/10/2026,The Amity Affliction - House Of Cards EU 2026,18:00:00,O2 Ritz Manchester,Music,Manchester,G5dzZ_dSJ1POK,https://www.ticketmaster.co.uk/the-amity-affliction-house-of-cards-manchester-10-10-2026/event/3E00643CE62A5813,M1 5NQ,53.474423,-2.243098
16/10/2026,Mercury Rev - All is Dream 25th Anniversary Tour,19:00:00,O2 Ritz Manchester,Music,Manchester,G5dzZbMKr5zBA,https://www.ticketmaster.co.uk/mercury-rev-all-is-dream-25th-manchester-16-10-2026/event/3E006374DE2F8E85,M1 5NQ,53.474423,-2.243098
30/10/2026,The Bluetones 30th Anniversary of 'Expecting to Fly',18:30:00,O2 Ritz Manchester,Music,Manchester,G5dzZ_dr0IdUi,https://www.ticketmaster.co.uk/the-bluetones-30th-anniversary-of-expecting-manchester-30-10-2026/event/3E006437A4A03DAC,M1 5NQ,53.474423,-2.243098
31/10/2026,Overpass,18:00:00,O2 Ritz Manchester,Music,Manchester,G5dzZ_eUJgeT1,https://www.ticketmaster.co.uk/overpass-manchester-31-10-2026/event/3E00642DA6D42FCA,M1 5NQ,53.474423,-2.243098
06/11/2026,Käärijä Eurodisko - TOUR 2026,18:00:00,O2 Ritz Manchester,Music,Manchester,G5dzZbMS1SFqT,https://www.ticketmaster.co.uk/kaarija-eurodisko-tour-2026-manchester-06-11-2026/event/3E00637CCACC877F,M1 5NQ,53.474423,-2.243098
07/11/2026,SOiL,18:30:00,O2 Ritz Manchester,Music,Manchester,G5dzZbUMQNEbD,https://www.ticketmaster.co.uk/soil-manchester-07-11-2026/event/3E00636DDA8E763B,M1 5NQ,53.474423,-2.243098
09/10/2026,Hue and Cry + Roachford,19:30:00,Bridgewater Hall,Music,Manchester,G5vHZbVD3bbGK,https://www.ticketmaster.co.uk/hue-and-cry-roachford-manchester-09-10-2026/event/1F00634ED2618313,M2 3WS,53.475741,-2.244913
18/10/2026,Starsailor,19:00:00,Bridgewater Hall,Music,Manchester,G5vHZbM3Qf4_5,https://www.ticketmaster.co.uk/starsailor-manchester-18-10-2026/event/1F0063749A51564B,M2 3WS,53.475741,-2.244913
20/10/2026,Steve Hackett - Best of Genesis & Solo Gems,19:15:00,Bridgewater Hall,Music,Manchester,G5vHZbwmaL8EW,https://www.ticketmaster.co.uk/steve-hackett-best-of-genesis-solo-manchester-20-10-2026/event/1F00632B897D09FD,M2 3WS,53.475741,-2.244913
23/10/2026,The Shamrocks,19:30:00,Bridgewater Hall,Music,Manchester,G5vHZbVXKn7xO,https://www.ticketmaster.co.uk/the-shamrocks-manchester-23-10-2026/event/1F00634F93A848A0,M2 3WS,53.475741,-2.244913
03/11/2026,The Legends in Vegas - After Hours,19:30:00,Bridgewater Hall,Arts & Theatre,Manchester,G5vHZbwwoVeey,https://www.ticketmaster.co.uk/the-legends-in-vegas-after-hours-manchester-03-11-2026/event/1F00632C91D020B9,M2 3WS,53.475741,-2.244913
11/10/2026,Rachel Fairburn: Vexy Beasts,19:00:00,The Frog and Bucket,Arts & Theatre,Manchester,G5vHZbS6dd9L9,https://www.ticketmaster.co.uk/rachel-fairburn-vexy-beasts-manchester-11-10-2026/event/1F006331C30D77D7,M4 1LJ,53.484466,-2.232713
09/10/2026,The Haunted - Songs of Last Resort Tour 2026,18:00:00,Rebellion Manchester,Music,Manchester,1kGOv0uZGA1mYOY,https://www.ticketweb.uk/event/the-haunted-songs-rebellion-club-tickets/14095984?REFERRAL_ID=tmfeed,M1 5WZ,53.4741834,-2.2504935
10/10/2026,Band of Horses,19:00:00,Albert Hall,Music,Manchester,G5vHZ_75gF9ZW,https://www.ticketmaster.co.uk/band-of-horses-manchester-10-10-2026/event/1F006442F521703D,M2 5QR,53.478402,-2.248891
16/10/2026,The Mountain Goats,19:00:00,Albert Hall,Music,Manchester,G5vHZbgDmlFr4,https://www.ticketmaster.co.uk/the-mountain-goats-manchester-16-10-2026/event/1F00635EEEAC8795,M2 5QR,53.478402,-2.248891
19/10/2026,Cabaret Voltaire's Final UK Tour,19:00:00,Albert Hall,Music,Manchester,G5vHZbgcCxBHN,https://www.ticketmaster.co.uk/cabaret-voltaires-final-uk-tour-manchester-19-10-2026/event/1F00635B4E8BAF23,M2 5QR,53.478402,-2.248891
24/10/2026,Lake Street Dive,19:00:00,Albert Hall,Music,Manchester,1AdFZbgGkRKWK7b,https://www.ticketweb.uk/event/lake-street-dive-the-albert-hall-tickets/14646443?REFERRAL_ID=tmfeed,M2 5QR,53.478402,-2.248891
04/11/2026,Cat Power the Greatest - 20th Anniversary,19:00:00,Albert Hall,Music,Manchester,1AdFZbgGkR4dS7O,https://www.ticketweb.uk/event/cat-power-the-greatest-the-albert-hall-tickets/14646453?REFERRAL_ID=tmfeed,M2 5QR,53.478402,-2.248891
18/10/2026,Phil Wang: UH OH,19:30:00,"Opera House, Manchester",Arts & Theatre,Manchester,1AUZkCeGkdpT5W1,https://www.ticketmaster.co.uk/phil-wang-uh-oh-manchester-18-10-2026/event/36006382D6FCBF4A,M3 3HP,53.478837,-2.251395
24/10/2026,The Devil Wears Prada,17:00:00,Manchester New Century Hall,Music,Manchester,1AdjZbzGkiG-FK1,https://www.ticketmaster.co.uk/the-devil-wears-prada-manchester-24-10-2026/event/3700638B0C8484CA,M44AH,53.486725,-2.239563
28/10/2026,Panchiko,19:00:00,Manchester New Century Hall,Music,Manchester,1AdFZbgGkwPVZiQ,https://www.ticketweb.uk/event/panchiko-new-century-hall-tickets/14648313?REFERRAL_ID=tmfeed,M44AH,53.486725,-2.239563
29/10/2026,Thomas Green - Brainstorm,20:00:00,Manchester New Century Hall,Arts & Theatre,Manchester,1AdjZbzGkMOZdAG,https://www.ticketmaster.co.uk/thomas-green-brainstorm-manchester-29-10-2026/event/3700638DE000314C,M44AH,53.486725,-2.239563
17/10/2026,Mo Gilligan: The Mo You Know,20:00:00,AO Arena,Arts & Theatre,Manchester,G5vHZbS3bdP4U,https://www.ticketmaster.co.uk/mo-gilligan-the-mo-you-know-manchester-17-10-2026/event/1F006334980E5576,M3 1AR,53.488164,-2.244066
17/10/2026,Mo Gilligan - Venue Premium Tickets,20:00:00,AO Arena,Arts & Theatre,Manchester,G5vHZbSrEEpVc,https://www.ticketmaster.co.uk/mo-gilligan-venue-premium-tickets-manchester-17-10-2026/event/1F006337A79D6D2D,M3 1AR,53.488164,-2.244066
24/10/2026,Cody Johnson,18:00:00,AO Arena,Music,Manchester,G5vHZ_7GVczcv,https://www.ticketmaster.co.uk/cody-johnson-manchester-24-10-2026/event/1F00644334B78B41,M3 1AR,53.488164,-2.244066
24/10/2026,Venue Premium Packages - Cody Johnson: Live '26,18:00:00,AO Arena,Music,Manchester,G5vHZ_7htzamb,https://www.ticketmaster.co.uk/venue-premium-packages-cody-johnson-live-manchester-24-10-2026/event/1F006446E9E09B98,M3 1AR,53.488164,-2.244066
18/10/2026,"Troy Hawke: Never Stop, Never Change!",19:30:00,The Lowry,Arts & Theatre,Salford,G5vHZbRp0NOBu,https://www.ticketmaster.co.uk/troy-hawke-never-stop-never-change-salford-18-10-2026/event/1F0062F5A48E0E8D,M502AZ,53.473993,-2.293741
25/10/2026,Jack Carroll: the Fall Guy,20:00:00,The Lowry,Arts & Theatre,Salford,G5vHZbSl9qa85,https://www.ticketmaster.co.uk/jack-carroll-the-fall-guy-salford-25-10-2026/event/1F00633AD774940B,M502AZ,53.473993,-2.293741
10/10/2026,Maisie Adam: Whatsherface,20:00:00,Quays Theatre - The Lowry,Arts & Theatre,Salford,G5vHZbgwqsgWC,https://www.ticketmaster.co.uk/maisie-adam-whatsherface-salford-10-10-2026/event/1F00635C9DC75F4E,M503AZ,53.47109661,-2.29681249
29/10/2026,Phil Ellis: Bath Mat,20:00:00,Quays Theatre - The Lowry,Arts & Theatre,Salford,G5vHZbUKBpavZ,https://www.ticketmaster.co.uk/phil-ellis-bath-mat-salford-29-10-2026/event/1F006364FA589040,M503AZ,53.47109661,-2.29681249
30/10/2026,Stevie Martin: Clout,20:00:00,Quays Theatre - The Lowry,Arts & Theatre,Salford,G5vHZ_7K0CU1G,https://www.ticketmaster.co.uk/stevie-martin-clout-salford-30-10-2026/event/1F006444E43B628C,M503AZ,53.47109661,-2.29681249
13/11/2026,Australian Pink Floyd Show,18:30:00,O2 Apollo Manchester,Music,Manchester,1AdbZbMGklzvB_C,https://www.ticketmaster.co.uk/australian-pink-floyd-show-manchester-13-11-2026/event/3600637AF807A64E,M12 6AP,53.469422,-2.221964
17/11/2026,Jamie Hutchinson: Can My Mate Come? He's Sound,18:30:00,O2 Apollo Manchester,Arts & Theatre,Manchester,1adbZbM3_3AZd5A1,https://www.ticketmaster.co.uk/jamie-hutchinson-can-my-mate-come-manchester-17-11-2026/event/3600637499485A49,M12 6AP,53.469422,-2.221964
21/11/2026,Dr. John Cooper Clarke,19:00:00,O2 Apollo Manchester,Arts & Theatre,Manchester,1AUZkubGkeMqFfy,https://www.ticketmaster.co.uk/dr-john-cooper-clarke-manchester-21-11-2026/event/36006358B7748539,M12 6AP,53.469422,-2.221964
23/11/2026,Squeeze plus Very Special Guest Billy Bragg,19:00:00,O2 Apollo Manchester,Music,Manchester,1AUZkuVGkeVREtA,https://www.ticketmaster.co.uk/squeeze-plus-very-special-guest-billy-manchester-23-11-2026/event/36006374B4BE7A45,M12 6AP,53.469422,-2.221964
07/11/2026,Infinity Song,19:30:00,Manchester Academy 2,Music,Manchester,1AwZkG-Gkemu39Q,https://www.ticketweb.uk/event/infinity-song-manchester-academy-2-tickets/14531013?REFERRAL_ID=tmfeed,M13 9PR,53.464386,-2.232225
14/11/2026,Embrace,19:00:00,Manchester Academy,Music,Manchester,G5vHZ_dl2uABZ,https://www.ticketmaster.co.uk/embrace-manchester-14-11-2026/event/1F00643ACF345E80,M13 9PR,53.464386,-2.232225
16/11/2026,Jah Lil,19:00:00,Manchester Academy 3,Music,Manchester,G5vHZbP1yqSnx,https://www.ticketmaster.co.uk/jah-lil-manchester-16-11-2026/event/1F006252B9773AA2,M13 9PR,53.464386,-2.232225
20/11/2026,Deco,19:30:00,Manchester Academy 3,Music,Manchester,17GOvxG6GF78f2K,https://www.ticketweb.uk/event/deco-manchester-academy-3-tickets/13779974?REFERRAL_ID=tmfeed,M13 9PR,53.464386,-2.232225
21/11/2026,Gloryhammer,18:30:00,Manchester Academy 2,Music,Manchester,LvZ18QKOXl-OeLZZl_Ovf,https://www.universe.com/events/gloryhammer-tickets-8Q4JYD?ref=ticketmaster,M13 9PR,53.464386,-2.232225
22/11/2026,Zimmer90,19:00:00,Manchester Academy 2,Music,Manchester,G5vHZ_dDPfz0L,https://www.ticketmaster.co.uk/zimmer90-manchester-22-11-2026/event/1F00643EE553891F,M13 9PR,53.464386,-2.232225
19/11/2026,Enter Shikari,18:30:00,Co-op Live,Music,Manchester,1AMZk8gGkdicKWR,https://www.ticketmaster.co.uk/enter-shikari-manchester-19-11-2026/event/37006435ECB53F6F,M11 3DU,53.48661136,-2.1995797
19/11/2026,Enter Shikari Premium,18:30:00,Co-op Live,Unknown,Manchester,Za5ju3rKuqZDd0nFrT51_kbaslSeD8GAVM,,M11 3DU,53.48661136,-2.1995797
21/11/2026,Hits Radio Live,19:00:00,Co-op Live,Music,Manchester,1AdjZbUGkSLoFCN,https://www.ticketmaster.co.uk/hits-radio-live-manchester-21-11-2026/event/3700636CDF4483A3,M11 3DU,53.48661136,-2.1995797
21/11/2026,Hits Radio Premium 22.11,20:00:00,Co-op Live,Unknown,Manchester,Za5ju3rKuqZDdD5rY3PXWuLIPhE_XE3oHd,,M11 3DU,53.48661136,-2.1995797
13/11/2026,Little Angels - Big Bad And Back Tour,19:00:00,O2 Ritz Manchester,Music,Manchester,G5dzZ_dpG0x7L,https://www.ticketmaster.co.uk/little-angels-big-bad-and-back-manchester-13-11-2026/event/3E0064358C92211F,M1 5NQ,53.474423,-2.243098
14/11/2026,The Tumbling Paddies,19:00:00,O2 Ritz Manchester,Music,Manchester,G5dzZbJh3msaW,https://www.ticketmaster.co.uk/the-tumbling-paddies-manchester-14-11-2026/event/3E006266D2BB127D,M1 5NQ,53.474423,-2.243098
28/11/2026,The Smyths,19:00:00,O2 Ritz Manchester,Music,Manchester,G5dzZbM6ryER0,https://www.ticketmaster.co.uk/the-smyths-manchester-28-11-2026/event/3E006371DEE67BE4,M1 5NQ,53.474423,-2.243098
04/12/2026,The Orb + Ozric Tentacles,19:00:00,O2 Ritz Manchester,Music,Manchester,G5dzZ_eMORf9t,https://www.ticketmaster.co.uk/the-orb-ozric-tentacles-manchester-04-12-2026/event/3E00642DE0BD45E9,M1 5NQ,53.474423,-2.243098
12/11/2026,Bellowhead,19:00:00,Bridgewater Hall,Music,Manchester,G5vHZbM2ZDEc1,https://www.ticketmaster.co.uk/bellowhead-manchester-12-11-2026/event/1F006373C0EE7B4A,M2 3WS,53.475741,-2.244913
15/11/2026,Miss Americana - A Tribute to Taylor Swift,19:30:00,Bridgewater Hall,Music,Manchester,G5vHZbUrgF61z,https://www.ticketmaster.co.uk/miss-americana-a-tribute-to-taylor-manchester-15-11-2026/event/1F006367B52072B8,M2 3WS,53.475741,-2.244913
24/11/2026,1000MODS,18:30:00,Rebellion Manchester,Music,Manchester,LvZ18Q9NIFDvDKYZwNJZv,https://www.universe.com/events/1000mods-tickets-VFBKC3?ref=ticketmaster,M1 5WZ,53.4741834,-2.2504935
06/12/2026,Elmiene,19:00:00,Albert Hall,Music,Manchester,G5vHZ_dr9A-By,https://www.ticketmaster.co.uk/elmiene-manchester-06-12-2026/event/1F00643797161EB9,M2 5QR,53.478402,-2.248891
27/11/2026,Adam Rowe - Fashionism,19:30:00,"Opera House, Manchester",Arts & Theatre,Manchester,1kuOvNpaGA5mJUO,https://www.ticketmaster.co.uk/adam-rowe-fashionism-manchester-27-11-2026/event/360063589BBA6DA0,M3 3HP,53.478837,-2.251395
13/11/2026,OK Go,18:00:00,Manchester New Century Hall,Music,Manchester,1AMZk8JGkdv7sjq,https://www.ticketmaster.co.uk/ok-go-manchester-13-11-2026/event/37006426C113171D,M44AH,53.486725,-2.239563
04/12/2026,Chameleons,19:00:00,Manchester New Century Hall,Music,Manchester,LvZ18Q3HADO_aTYvCIrQx,https://www.universe.com/events/chameleons-tickets-31NMDT?ref=ticketmaster,M44AH,53.486725,-2.239563
05/12/2026,Chameleons,19:00:00,Manchester New Century Hall,Music,Manchester,LvZ18Q3H6xyCFGYZ0rc6h,https://www.universe.com/events/chameleons-tickets-VTQGYF?ref=ticketmaster,M44AH,53.486725,-2.239563
23/11/2026,Bloc Party & Interpol Co-Headline Tour,18:00:00,Aviva Studios - Warehouse,Music,Manchester,1AdfZbgGkDj9lB1,https://www.ticketmaster.co.uk/bloc-party-interpol-coheadline-tour-manchester-23-11-2026/event/3500635EDC5EBE8A,M3 4JQ,53.48008,-2.25446
24/11/2026,Interpol & Bloc Party Co-Headline Tour,18:00:00,Aviva Studios - Warehouse,Music,Manchester,1AdfZbgGkDjTlDr,https://www.ticketmaster.co.uk/interpol-bloc-party-coheadline-tour-manchester-24-11-2026/event/3500635EDCFEBEDE,M3 4JQ,53.48008,-2.25446
22/11/2026,DEEP PURPLE - Venue Premium Tickets,17:30:00,AO Arena,Music,Manchester,G5vHZbM5hUzOY,https://www.ticketmaster.co.uk/deep-purple-venue-premium-tickets-manchester-22-11-2026/event/1F006372DBDB8830,M3 1AR,53.488164,-2.244066
22/11/2026,Deep Purple,17:30:00,AO Arena,Music,Manchester,G5vHZbMCoi7Ca,https://www.ticketmaster.co.uk/deep-purple-manchester-22-11-2026/event/1F00637391B04389,M3 1AR,53.488164,-2.244066
28/11/2026,Ocean Colour Scene - Venue Premium Tickets,18:00:00,AO Arena,Music,Manchester,G5vHZbVMW0IX5,https://www.ticketmaster.co.uk/ocean-colour-scene-venue-premium-tickets-manchester-28-11-2026/event/1F00634DFD928F8B,M3 1AR,53.488164,-2.244066
28/11/2026,Ocean Colour Scene,18:00:00,AO Arena,Music,Manchester,G5vHZbVggYx7U,https://www.ticketmaster.co.uk/ocean-colour-scene-manchester-28-11-2026/event/1F00634D75C22136,M3 1AR,53.488164,-2.244066
03/12/2026,Bill Bailey - Venue Premium Tickets,18:00:00,AO Arena,Arts & Theatre,Manchester,G5vHZbMpJxUv8,https://www.ticketmaster.co.uk/bill-bailey-venue-premium-tickets-manchester-03-12-2026/event/1F006375A68B6050,M3 1AR,53.488164,-2.244066
03/12/2026,Bill Bailey: Vaudevillean,20:00:00,AO Arena,Arts & Theatre,Manchester,G5vHZbMpXIEo-,https://www.ticketmaster.co.uk/bill-bailey-vaudevillean-manchester-03-12-2026/event/1F006375BEA27461,M3 1AR,53.488164,-2.244066
04/12/2026,Pete Tong presents Ibiza Classics,18:00:00,AO Arena,Music,Manchester,G5vHZbzmQuS0L,https://www.ticketmaster.co.uk/pete-tong-presents-ibiza-classics-manchester-04-12-2026/event/1F00638B9A37391F,M3 1AR,53.488164,-2.244066
04/12/2026,Pete Tong presents Ibiza Classics- Venue Premium Tickets,18:00:00,AO Arena,Music,Manchester,G5vHZbzwQAfOu,https://www.ticketmaster.co.uk/pete-tong-presents-ibiza-classics-venue-manchester-04-12-2026/event/1F00638C9A15480D,M3 1AR,53.488164,-2.244066
08/11/2026,Hannah East: Express Yourself,20:00:00,Quays Theatre - The Lowry,Arts & Theatre,Salford,G5vHZbSefePh9,https://www.ticketmaster.co.uk/hannah-east-express-yourself-salford-08-11-2026/event/1F006330940A56D7,M503AZ,53.47109661,-2.29681249
15/11/2026,Ginger Johnson: Show Pony,20:00:00,Quays Theatre - The Lowry,Arts & Theatre,Salford,G5vHZbzpDPbYS,https://www.ticketmaster.co.uk/ginger-johnson-show-pony-salford-15-11-2026/event/1F006385BB958C33,M503AZ,53.47109661,-2.29681249
22/11/2026,Laura Smyth: Born Aggy,20:00:00,Quays Theatre - The Lowry,Arts & Theatre,Salford,G5vHZbSQi2JL_,https://www.ticketmaster.co.uk/laura-smyth-born-aggy-salford-22-11-2026/event/1F006336AC3E67D9,M503AZ,53.47109661,-2.29681249
17/12/2026,Jools Holland and His Rhythm and Blues Orchestra,18:30:00,O2 Apollo Manchester,Music,Manchester,1AUZk8YGkeDZJGr,https://www.ticketmaster.co.uk/jools-holland-and-his-rhythm-and-manchester-17-12-2026/event/36006430BB02631E,M12 6AP,53.469422,-2.221964
31/12/2026,Test,20:00:00,Co-op Live,Unknown,Manchester,Za5ju3rKuqZDvFbGxAza45pt4gPp8i3ehL,,M11 3DU,53.48661136,-2.1995797
01/01/2027,Template Event For Seated,20:00:00,Co-op Live,Unknown,Manchester,Za5ju3rKuqZBc7dzLuEAvxQ5lSZdWt0wb,,M11 3DU,53.48661136,-2.1995797
01/01/2027,Template Event For Seated,20:00:00,Co-op Live,Unknown,Manchester,Za5ju3rKuqZDdZP9t8sH_a31sT0tnbgqjd,,M11 3DU,53.48661136,-2.1995797
01/01/2027,Template For Standing Events,20:00:00,Co-op Live,Unknown,Manchester,Za5ju3rKuqZDvisAhXhKsuTn76rhA6_VFC,,M11 3DU,53.48661136,-2.1995797
09/12/2026,ELUVEITIE  ÀNV RISING  EUROPE Pt. III,18:30:00,O2 Ritz Manchester,Music,Manchester,G5dzZ_dU4deW6,https://www.ticketmaster.co.uk/eluveitie-anv-rising-europe-pt-iii-manchester-09-12-2026/event/3E00643D950C2F47,M1 5NQ,53.474423,-2.243098
10/12/2026,The Bootleg Beatles,19:30:00,Bridgewater Hall,Music,Manchester,G5vHZ_dhg9VSK,https://www.ticketmaster.co.uk/the-bootleg-beatles-manchester-10-12-2026/event/1F006436F55F4CD3,M2 3WS,53.475741,-2.244913
20/12/2026,Brad Williams,19:30:00,Manchester New Century Hall,Arts & Theatre,Manchester,1AMZku0GkdCQMnq,https://www.ticketmaster.co.uk/brad-williams-manchester-20-12-2026/event/37006364CE6B7A9D,M44AH,53.486725,-2.239563
11/12/2026,The Darkness,18:00:00,AO Arena,Music,Manchester,G5vHZbM5LVzne,https://www.ticketmaster.co.uk/the-darkness-manchester-11-12-2026/event/1F006372DFD38A82,M3 1AR,53.488164,-2.244066
11/12/2026,The Darkness - Venue Premium Tickets,18:00:00,AO Arena,Music,Manchester,G5vHZbMEySQxt,https://www.ticketmaster.co.uk/the-darkness-venue-premium-tickets-manchester-11-12-2026/event/1F006379F9CDA8A9,M3 1AR,53.488164,-2.244066
16/01/2027,Roy Chubby Brown,18:30:00,O2 Apollo Manchester,Arts & Theatre,Manchester,1AdbZbzGkmX86rR,https://www.ticketmaster.co.uk/roy-chubby-brown-manchester-16-01-2027/event/3600638BBE4077AF,M12 6AP,53.469422,-2.221964
05/02/2027,Greg Davies - Full Fat Legend,18:30:00,O2 Apollo Manchester,Arts & Theatre,Manchester,1AUZkCvGkdP7utR,https://www.ticketmaster.co.uk/greg-davies-full-fat-legend-manchester-05-02-2027/event/36006381E510DA6F,M12 6AP,53.469422,-2.221964
21/01/2027,What's Love Got To Do With It?,19:30:00,Stockport Plaza,Music,Stockport,1AdfZbUGkDzU3UT,https://www.ticketmaster.co.uk/whats-love-got-to-do-with-stockport-21-01-2027/event/3500636EF8D92DBF,SK1 1SP,53.409228,-2.161313
06/02/2027,Greg Davies - Full Fat Legend,18:30:00,O2 Apollo Manchester,Arts & Theatre,Manchester,1AUZkCFGkdGAIa8,https://www.ticketmaster.co.uk/greg-davies-full-fat-legend-manchester-06-02-2027/event/36006388CC168250,M12 6AP,53.469422,-2.221964
10/02/2027,Kevin Bridges: Here If You Need Me,19:00:00,O2 Apollo Manchester,Arts & Theatre,Manchester,1AUZk8tGkecVKJH,https://www.ticketmaster.co.uk/kevin-bridges-here-if-you-need-manchester-10-02-2027/event/36006429ADD139BC,M12 6AP,53.469422,-2.221964
11/02/2027,Kevin Bridges: Here If You Need Me,19:00:00,O2 Apollo Manchester,Arts & Theatre,Manchester,1AdbZ_eGkwMHSIW,https://www.ticketmaster.co.uk/kevin-bridges-here-if-you-need-manchester-11-02-2027/event/3600642CB7F33A3D,M12 6AP,53.469422,-2.221964
12/02/2027,Kevin Bridges: Here If You Need Me,19:00:00,O2 Apollo Manchester,Arts & Theatre,Manchester,1AdbZ_eGkwMWKtF,https://www.ticketmaster.co.uk/kevin-bridges-here-if-you-need-manchester-12-02-2027/event/3600642CB7F53A48,M12 6AP,53.469422,-2.221964
13/02/2027,Tom Davis: Spudgun,19:30:00,The Lowry,Arts & Theatre,Salford,G5vHZbcDGGp7E,https://www.ticketmaster.co.uk/tom-davis-spudgun-salford-13-02-2027/event/1F0062DECC316127,M502AZ,53.473993,-2.293741
17/02/2027,Scott Bennett - Stuff,19:30:00,The Lowry,Arts & Theatre,Salford,G5vHZbger34wg,https://www.ticketmaster.co.uk/scott-bennett-stuff-salford-17-02-2027/event/1F0063509E495CB5,M502AZ,53.473993,-2.293741
28/02/2027,Mike Bubbins: Ideas Man,19:30:00,The Lowry,Arts & Theatre,Salford,G5vHZbgm9JgKL,https://www.ticketmaster.co.uk/mike-bubbins-ideas-man-salford-28-02-2027/event/1F00635B979B54DF,M502AZ,53.473993,-2.293741
22/03/2027,Milos,19:00:00,RNCM Concert Hall,Music,Manchester,G5vHZblQwmvDj,https://www.ticketmaster.co.uk/milos-manchester-22-03-2027/event/1F0062B6B2B81EDC,M13 9RD,53.468575,-2.236963
02/05/2027,John Bishop - Let's Go Round Again,18:30:00,Co-op Live,Arts & Theatre,Manchester,1AMZk8UGkdeNKGA,https://www.ticketmaster.co.uk/john-bishop-lets-go-round-again-manchester-02-05-2027/event/37006436C28D3305,M11 3DU,53.48661136,-2.1995797
02/05/2027,John Bishop 02.05,20:00:00,Co-op Live,Unknown,Manchester,Za5ju3rKuqZDeI98F0kfvZxtmqcTmcTSn_,,M11 3DU,53.48661136,-2.1995797
01/05/2027,"Troy Hawke: Never Stop, Never Change!",19:30:00,Stockport Plaza,Arts & Theatre,Stockport,17u8vxG62pu1YMk,https://www.ticketmaster.co.uk/troy-hawke-never-stop-never-change-stockport-01-05-2027/event/350062F58D2B0DC6,SK1 1SP,53.409228,-2.161313
15/04/2027,Alan Carr: Have I Said Too Much?,19:30:00,"Opera House, Manchester",Arts & Theatre,Manchester,1AUZkC7GkdIoibW,https://www.ticketmaster.co.uk/alan-carr-have-i-said-too-manchester-15-04-2027/event/36006384E846C63D,M3 3HP,53.478837,-2.251395
16/04/2027,Alan Carr: Have I Said Too Much?,19:30:00,"Opera House, Manchester",Arts & Theatre,Manchester,16dbZbz33G7gku-,https://www.ticketmaster.co.uk/alan-carr-have-i-said-too-manchester-16-04-2027/event/3600638492D46361,M3 3HP,53.478837,-2.251395
17/04/2027,Alan Carr: Have I Said Too Much?,19:30:00,"Opera House, Manchester",Arts & Theatre,Manchester,16dbZbz33G7gpuN,https://www.ticketmaster.co.uk/alan-carr-have-i-said-too-manchester-17-04-2027/event/3600638492D56363,M3 3HP,53.478837,-2.251395
17/04/2027,Alan Carr: Have I Said Too Much?,14:30:00,"Opera House, Manchester",Arts & Theatre,Manchester,1AdbZbzGknzvEnk,https://www.ticketmaster.co.uk/alan-carr-have-i-said-too-manchester-17-04-2027/event/3600638AB8067A86,M3 3HP,53.478837,-2.251395
10/04/2027,Romesh Ranganathan Will Change Your Life - Venue Premium Tickets,18:30:00,AO Arena,Arts & Theatre,Manchester,G5vHZbM1nJPOI,https://www.ticketmaster.co.uk/romesh-ranganathan-will-change-your-life-manchester-10-04-2027/event/1F006372AA9A5828,M3 1AR,53.488164,-2.244066
10/04/2027,Romesh Ranganathan Will Change Your Life,20:00:00,AO Arena,Arts & Theatre,Manchester,G5vHZbUUOsALJ,https://www.ticketmaster.co.uk/romesh-ranganathan-will-change-your-life-manchester-10-04-2027/event/1F00636DA0C457E6,M3 1AR,53.488164,-2.244066
